<?xml version="1.0" encoding="UTF-8"?>
<gpx xmlns:gpxdata="http://www.cluetrust.com/XML/GPXDATA/1/0" xmlns:xsi="http://www.w3.org/2001/XMLSchema-instance" xmlns="http://www.topografix.com/GPX/1/1" version="1.1" creator="http://ridewithgps.com/" xsi:schemaLocation="http://www.topografix.com/GPX/1/1 http://www.topografix.com/GPX/1/1/gpx.xsd http://www.cluetrust.com/XML/GPXDATA/1/0 http://www.cluetrust.com/Schemas/gpxdata10.xsd">
  <metadata>
    <name>Prince Edward Island</name>
    <link href="https://ridewithgps.com/routes/41792276">
      <text>Prince Edward Island</text>
    </link>
    <time>2023-01-15T18:53:35Z</time>
  </metadata>
  <wpt lat="46.25621" lon="-63.6947">
    <name>Right</name>
    <cmt>Turn right onto 8892</cmt>
    <desc>Turn right onto 8892</desc>
    <sym>Dot</sym>
    <type>Dot</type>
  </wpt>
  <wpt lat="46.25531" lon="-63.69479">
    <name>Right</name>
    <cmt>Turn right onto Main St</cmt>
    <desc>Turn right onto Main St</desc>
    <sym>Dot</sym>
    <type>Dot</type>
  </wpt>
  <wpt lat="46.25484" lon="-63.69583">
    <name>Right</name>
    <cmt>Turn right onto Carleton St</cmt>
    <desc>Turn right onto Carleton St</desc>
    <sym>Dot</sym>
    <type>Dot</type>
  </wpt>
  <wpt lat="46.25206" lon="-63.69255">
    <name>Right</name>
    <cmt>Turn right</cmt>
    <desc>Turn right</desc>
    <sym>Dot</sym>
    <type>Dot</type>
  </wpt>
  <wpt lat="46.25104" lon="-63.69354">
    <name>Slight Right</name>
    <cmt>Keep right</cmt>
    <desc>Keep right</desc>
    <sym>Dot</sym>
    <type>Dot</type>
  </wpt>
  <wpt lat="46.25206" lon="-63.69255">
    <name>Right</name>
    <cmt>Turn right onto Carleton Street</cmt>
    <desc>Turn right onto Carleton Street</desc>
    <sym>Dot</sym>
    <type>Dot</type>
  </wpt>
  <wpt lat="46.253" lon="-63.68234">
    <name>Left</name>
    <cmt>Turn left onto Industrial Drive</cmt>
    <desc>Turn left onto Industrial Drive</desc>
    <sym>Dot</sym>
    <type>Dot</type>
  </wpt>
  <wpt lat="46.25583" lon="-63.68062">
    <name>Right</name>
    <cmt>Turn right onto Confederation Trail</cmt>
    <desc>Turn right onto Confederation Trail</desc>
    <sym>Dot</sym>
    <type>Dot</type>
  </wpt>
  <wpt lat="46.35297" lon="-63.34959">
    <name>Left</name>
    <cmt>Turn left onto Hopedale Rd/​PE-13 N</cmt>
    <desc>Turn left onto Hopedale Rd/​PE-13 N</desc>
    <sym>Dot</sym>
    <type>Dot</type>
  </wpt>
  <wpt lat="46.35909" lon="-63.34669">
    <name>Right</name>
    <cmt>Turn right onto Bungay Rd/​PE-251 E</cmt>
    <desc>Turn right onto Bungay Rd/​PE-251 E</desc>
    <sym>Dot</sym>
    <type>Dot</type>
  </wpt>
  <wpt lat="46.36816" lon="-63.31241">
    <name>Right</name>
    <cmt>Turn right onto Little Bungay Rd</cmt>
    <desc>Turn right onto Little Bungay Rd</desc>
    <sym>Dot</sym>
    <type>Dot</type>
  </wpt>
  <wpt lat="46.34812" lon="-63.30465">
    <name>Left</name>
    <cmt>Turn left onto PE-243 N</cmt>
    <desc>Turn left onto PE-243 N</desc>
    <sym>Dot</sym>
    <type>Dot</type>
  </wpt>
  <wpt lat="46.34886" lon="-63.29493">
    <name>Right</name>
    <cmt>Turn right onto Millboro Rd/​PE-226 S (signs for Brookfield)</cmt>
    <desc>Turn right onto Millboro Rd/​PE-226 S (signs for Brookfield)</desc>
    <sym>Dot</sym>
    <type>Dot</type>
  </wpt>
  <wpt lat="46.33247" lon="-63.28285">
    <name>Left</name>
    <cmt>Turn left onto Art Ford Cross Rd</cmt>
    <desc>Turn left onto Art Ford Cross Rd</desc>
    <sym>Dot</sym>
    <type>Dot</type>
  </wpt>
  <wpt lat="46.34813" lon="-63.25483">
    <name>Right</name>
    <cmt>Turn right onto New Glasgow Rd/​PE-224 E</cmt>
    <desc>Turn right onto New Glasgow Rd/​PE-224 E</desc>
    <sym>Dot</sym>
    <type>Dot</type>
  </wpt>
  <wpt lat="46.34617" lon="-63.25176">
    <name>Left</name>
    <cmt>Turn left onto Parker Cross Rd</cmt>
    <desc>Turn left onto Parker Cross Rd</desc>
    <sym>Dot</sym>
    <type>Dot</type>
  </wpt>
  <wpt lat="46.35985" lon="-63.22452">
    <name>Left</name>
    <cmt>Turn left onto Rustico Rd/​PE-7 N</cmt>
    <desc>Turn left onto Rustico Rd/​PE-7 N</desc>
    <sym>Dot</sym>
    <type>Dot</type>
  </wpt>
  <wpt lat="46.36174" lon="-63.22533">
    <name>Right</name>
    <cmt>Turn right onto Macinnis Rd</cmt>
    <desc>Turn right onto Macinnis Rd</desc>
    <sym>Dot</sym>
    <type>Dot</type>
  </wpt>
  <wpt lat="46.36526" lon="-63.20455">
    <name>Left</name>
    <cmt>Turn left onto Winsloe Road, 223</cmt>
    <desc>Turn left onto Winsloe Road, 223</desc>
    <sym>Dot</sym>
    <type>Dot</type>
  </wpt>
  <wpt lat="46.38638" lon="-63.2135">
    <name>Right</name>
    <cmt>Turn right onto Ling Road</cmt>
    <desc>Turn right onto Ling Road</desc>
    <sym>Dot</sym>
    <type>Dot</type>
  </wpt>
  <wpt lat="46.39837" lon="-63.22015">
    <name>Right</name>
    <cmt>Turn right onto Portage Rd/​PE-6 W</cmt>
    <desc>Turn right onto Portage Rd/​PE-6 W</desc>
    <sym>Dot</sym>
    <type>Dot</type>
  </wpt>
  <wpt lat="46.40558" lon="-63.19517">
    <name>Left</name>
    <cmt>Turn left onto Brackley Point Rd/​PE-15 N (signs for Brackly Bch)</cmt>
    <desc>Turn left onto Brackley Point Rd/​PE-15 N (signs for Brackly Bch)</desc>
    <sym>Dot</sym>
    <type>Dot</type>
  </wpt>
  <wpt lat="46.42932" lon="-63.19798">
    <name>Left</name>
    <cmt>Turn left onto Robinsons Island Rd</cmt>
    <desc>Turn left onto Robinsons Island Rd</desc>
    <sym>Dot</sym>
    <type>Dot</type>
  </wpt>
  <wpt lat="46.436929" lon="-63.24557">
    <name>Left</name>
    <cmt>Turn left onto Robinsons Island Trail System</cmt>
    <desc>Turn left onto Robinsons Island Trail System</desc>
    <sym>Dot</sym>
    <type>Dot</type>
  </wpt>
  <wpt lat="46.43686" lon="-63.24495">
    <name>Left</name>
    <cmt>Turn left</cmt>
    <desc>Turn left</desc>
    <sym>Dot</sym>
    <type>Dot</type>
  </wpt>
  <wpt lat="46.42956" lon="-63.19872">
    <name>Slight Left</name>
    <cmt>Keep left onto Gulf Shore Way</cmt>
    <desc>Keep left onto Gulf Shore Way</desc>
    <sym>Dot</sym>
    <type>Dot</type>
  </wpt>
  <wpt lat="46.4294" lon="-63.1979">
    <name>Slight Left</name>
    <cmt>Turn slight left onto Gulf Shore Way</cmt>
    <desc>Turn slight left onto Gulf Shore Way</desc>
    <sym>Dot</sym>
    <type>Dot</type>
  </wpt>
  <wpt lat="46.42913" lon="-63.19198">
    <name>Left</name>
    <cmt>Turn left onto Gulf Shore Parkway</cmt>
    <desc>Turn left onto Gulf Shore Parkway</desc>
    <sym>Dot</sym>
    <type>Dot</type>
  </wpt>
  <wpt lat="46.42966" lon="-63.14372">
    <name>Right</name>
    <cmt>Turn right onto Wharf Road</cmt>
    <desc>Turn right onto Wharf Road</desc>
    <sym>Dot</sym>
    <type>Dot</type>
  </wpt>
  <wpt lat="46.42962" lon="-63.14372">
    <name>Left</name>
    <cmt>Turn left onto Gulf Shore Way</cmt>
    <desc>Turn left onto Gulf Shore Way</desc>
    <sym>Dot</sym>
    <type>Dot</type>
  </wpt>
  <wpt lat="46.41665" lon="-63.0726">
    <name>Left</name>
    <cmt>Turn left</cmt>
    <desc>Turn left</desc>
    <sym>Dot</sym>
    <type>Dot</type>
  </wpt>
  <wpt lat="46.41668" lon="-63.07257">
    <name>Right</name>
    <cmt>Turn right onto Gulf Shore Parkway</cmt>
    <desc>Turn right onto Gulf Shore Parkway</desc>
    <sym>Dot</sym>
    <type>Dot</type>
  </wpt>
  <wpt lat="46.41187" lon="-63.06843">
    <name>Slight Left</name>
    <cmt>Keep left onto Winter Road</cmt>
    <desc>Keep left onto Winter Road</desc>
    <sym>Dot</sym>
    <type>Dot</type>
  </wpt>
  <wpt lat="46.405539" lon="-63.066459">
    <name>Left</name>
    <cmt>Turn left onto Gulf Shore Parkway</cmt>
    <desc>Turn left onto Gulf Shore Parkway</desc>
    <sym>Dot</sym>
    <type>Dot</type>
  </wpt>
  <wpt lat="46.403079" lon="-63.064669">
    <name>Straight</name>
    <cmt>Continue onto Route 6</cmt>
    <desc>Continue onto Route 6</desc>
    <sym>Dot</sym>
    <type>Dot</type>
  </wpt>
  <wpt lat="46.393" lon="-63.05311">
    <name>Right</name>
    <cmt>Turn right onto Pleasant Grove Rd/​PE-220 W</cmt>
    <desc>Turn right onto Pleasant Grove Rd/​PE-220 W</desc>
    <sym>Dot</sym>
    <type>Dot</type>
  </wpt>
  <wpt lat="46.36324" lon="-63.07722">
    <name>Left</name>
    <cmt>Turn left onto Suffolk Rd/​PE-222 S</cmt>
    <desc>Turn left onto Suffolk Rd/​PE-222 S</desc>
    <sym>Dot</sym>
    <type>Dot</type>
  </wpt>
  <wpt lat="46.31713" lon="-63.05457">
    <name>Right</name>
    <cmt>Turn right onto Confederation Trail</cmt>
    <desc>Turn right onto Confederation Trail</desc>
    <sym>Dot</sym>
    <type>Dot</type>
  </wpt>
  <wpt lat="46.29786" lon="-63.15214">
    <name>Left</name>
    <cmt>Keep left to stay on Confederation Trail</cmt>
    <desc>Keep left to stay on Confederation Trail</desc>
    <sym>Dot</sym>
    <type>Dot</type>
  </wpt>
  <wpt lat="46.27437" lon="-63.14272">
    <name>Left</name>
    <cmt>Turn left to stay on Confederation Trail</cmt>
    <desc>Turn left to stay on Confederation Trail</desc>
    <sym>Dot</sym>
    <type>Dot</type>
  </wpt>
  <wpt lat="46.24305" lon="-63.1189">
    <name>Left</name>
    <cmt>Turn left</cmt>
    <desc>Turn left</desc>
    <sym>Dot</sym>
    <type>Dot</type>
  </wpt>
  <wpt lat="46.24279" lon="-63.1165">
    <name>Right</name>
    <cmt>Turn right</cmt>
    <desc>Turn right</desc>
    <sym>Dot</sym>
    <type>Dot</type>
  </wpt>
  <wpt lat="46.22944" lon="-63.10003">
    <name>Left</name>
    <cmt>Turn left</cmt>
    <desc>Turn left</desc>
    <sym>Dot</sym>
    <type>Dot</type>
  </wpt>
  <wpt lat="46.22985" lon="-63.09906">
    <name>Right</name>
    <cmt>Turn right onto Stratford Trail</cmt>
    <desc>Turn right onto Stratford Trail</desc>
    <sym>Dot</sym>
    <type>Dot</type>
  </wpt>
  <wpt lat="46.22835" lon="-63.09525">
    <name>Right</name>
    <cmt>Turn right</cmt>
    <desc>Turn right</desc>
    <sym>Dot</sym>
    <type>Dot</type>
  </wpt>
  <wpt lat="46.22292" lon="-63.08532">
    <name>Slight Left</name>
    <cmt>Turn slight left</cmt>
    <desc>Turn slight left</desc>
    <sym>Dot</sym>
    <type>Dot</type>
  </wpt>
  <wpt lat="46.22325" lon="-63.0817">
    <name>Sharp Right</name>
    <cmt>Turn sharp right onto Williams Gate</cmt>
    <desc>Turn sharp right onto Williams Gate</desc>
    <sym>Dot</sym>
    <type>Dot</type>
  </wpt>
  <wpt lat="46.22323" lon="-63.08171">
    <name>Straight</name>
    <cmt>At roundabout, take exit 1</cmt>
    <desc>At roundabout, take exit 1</desc>
    <sym>Dot</sym>
    <type>Dot</type>
  </wpt>
  <wpt lat="46.22334" lon="-63.08015">
    <name>Right</name>
    <cmt>Turn right onto Mason Road</cmt>
    <desc>Turn right onto Mason Road</desc>
    <sym>Dot</sym>
    <type>Dot</type>
  </wpt>
  <wpt lat="46.21858" lon="-63.07761">
    <name>Left</name>
    <cmt>Turn left</cmt>
    <desc>Turn left</desc>
    <sym>Dot</sym>
    <type>Dot</type>
  </wpt>
  <wpt lat="46.21881" lon="-63.05989">
    <name>Slight Left</name>
    <cmt>Turn slight left onto MacIntosh Drive</cmt>
    <desc>Turn slight left onto MacIntosh Drive</desc>
    <sym>Dot</sym>
    <type>Dot</type>
  </wpt>
  <wpt lat="46.22605" lon="-63.04294">
    <name>Left</name>
    <cmt>Turn left onto Mount Herbert Road</cmt>
    <desc>Turn left onto Mount Herbert Road</desc>
    <sym>Dot</sym>
    <type>Dot</type>
  </wpt>
  <wpt lat="46.22891" lon="-63.03839">
    <name>Slight Right</name>
    <cmt>Turn slight right onto ConfederationTrail</cmt>
    <desc>Turn slight right onto ConfederationTrail</desc>
    <sym>Dot</sym>
    <type>Dot</type>
  </wpt>
  <wpt lat="46.22802" lon="-62.87796">
    <name>Slight Right</name>
    <cmt>Keep right onto Confederation Trail, PEI Snowmobile Association</cmt>
    <desc>Keep right onto Confederation Trail, PEI Snowmobile Association</desc>
    <sym>Dot</sym>
    <type>Dot</type>
  </wpt>
  <wpt lat="46.16389" lon="-62.81304">
    <name>Straight</name>
    <cmt>Continue onto Confederation Trail, PEI Snowmobile Association</cmt>
    <desc>Continue onto Confederation Trail, PEI Snowmobile Association</desc>
    <sym>Dot</sym>
    <type>Dot</type>
  </wpt>
  <wpt lat="45.99271" lon="-62.79587">
    <name>Right</name>
    <cmt>Slight right to stay on Confederation Trail</cmt>
    <desc>Slight right to stay on Confederation Trail</desc>
    <sym>Dot</sym>
    <type>Dot</type>
  </wpt>
  <wpt lat="45.99936" lon="-62.75264">
    <name>Right</name>
    <cmt>Turn right to stay on Confederation Trail</cmt>
    <desc>Turn right to stay on Confederation Trail</desc>
    <sym>Dot</sym>
    <type>Dot</type>
  </wpt>
  <wpt lat="45.97996" lon="-62.74867">
    <name>Right</name>
    <cmt>Turn right onto Greys Rd/​PE-201 W</cmt>
    <desc>Turn right onto Greys Rd/​PE-201 W</desc>
    <sym>Dot</sym>
    <type>Dot</type>
  </wpt>
  <wpt lat="45.97976" lon="-62.74977">
    <name>Left</name>
    <cmt>Turn left onto Confederation Trail</cmt>
    <desc>Turn left onto Confederation Trail</desc>
    <sym>Dot</sym>
    <type>Dot</type>
  </wpt>
  <wpt lat="45.96625" lon="-62.74709">
    <name>Right</name>
    <cmt>Turn right onto Shore Road, 4</cmt>
    <desc>Turn right onto Shore Road, 4</desc>
    <sym>Dot</sym>
    <type>Dot</type>
  </wpt>
  <wpt lat="45.96498" lon="-62.74881">
    <name>Left</name>
    <cmt>Turn left onto Route 1, 1</cmt>
    <desc>Turn left onto Route 1, 1</desc>
    <sym>Dot</sym>
    <type>Dot</type>
  </wpt>
  <wpt lat="45.95832" lon="-62.74652">
    <name>Left</name>
    <cmt>Turn left onto Lighthouse Road</cmt>
    <desc>Turn left onto Lighthouse Road</desc>
    <sym>Dot</sym>
    <type>Dot</type>
  </wpt>
  <wpt lat="45.95429" lon="-62.74759">
    <name>Left</name>
    <cmt>Turn left onto Lighthouse Road</cmt>
    <desc>Turn left onto Lighthouse Road</desc>
    <sym>Dot</sym>
    <type>Dot</type>
  </wpt>
  <wpt lat="45.94988" lon="-62.74912">
    <name>Right</name>
    <cmt>Turn right</cmt>
    <desc>Turn right</desc>
    <sym>Dot</sym>
    <type>Dot</type>
  </wpt>
  <wpt lat="45.95147" lon="-62.74609">
    <name>Left</name>
    <cmt>Turn left onto Lighthouse Rd/​Wood Islands Park Rd</cmt>
    <desc>Turn left onto Lighthouse Rd/​Wood Islands Park Rd</desc>
    <sym>Dot</sym>
    <type>Dot</type>
  </wpt>
  <wpt lat="46.42395865772562" lon="-63.19235157732906">
    <name>Shaw's Hotel</name>
    <cmt>lodging</cmt>
    <desc>Rider recommended</desc>
    <sym>Dot</sym>
    <type>shelter</type>
  </wpt>
  <wpt lat="46.25454559063492" lon="-63.69213452907551">
    <name>Borden-Carlton </name>
    <cmt>generic</cmt>
    <desc>Various Services</desc>
    <sym>Dot</sym>
    <type>generic</type>
  </wpt>
  <wpt lat="46.25560543734166" lon="-63.67461140955783">
    <name>KOA</name>
    <cmt>camping</cmt>
    <sym>Dot</sym>
    <type>campsite</type>
  </wpt>
  <wpt lat="46.34617959856357" lon="-63.256517004635754">
    <name>Red Barn Country Market</name>
    <cmt>food</cmt>
    <desc>Produce, meats, baked goods

Thursday
8 AM–6 PM

Friday
8 AM–6 PM

Saturday
8 AM–6 PM

Sunday
Closed

Monday
8 AM–6 PM

Tuesday
8 AM–6 PM

Wednesday
8 AM–6 PM</desc>
    <sym>Dot</sym>
    <type>food</type>
  </wpt>
  <wpt lat="46.43673515008844" lon="-63.24509290603485">
    <name>Robinson Island Trail System</name>
    <cmt>trailhead</cmt>
    <sym>Dot</sym>
    <type>info</type>
  </wpt>
  <wpt lat="45.95500608979646" lon="-62.748280531305106">
    <name>Ferry to Nova Scotia</name>
    <cmt>ferry</cmt>
    <sym>Dot</sym>
    <type>transport</type>
  </wpt>
  <wpt lat="46.24237345953516" lon="-63.13598155975342">
    <name>McQueen's Bike Shop</name>
    <cmt>bike_shop</cmt>
    <sym>Dot</sym>
    <type>gear</type>
  </wpt>
  <wpt lat="46.24213230374837" lon="-63.13232804676521">
    <name>Outer Limits Sports</name>
    <cmt>bike_shop</cmt>
    <sym>Dot</sym>
    <type>gear</type>
  </wpt>
  <wpt lat="46.26297230433063" lon="-63.135412587132336">
    <name>Charlottetown </name>
    <cmt>generic</cmt>
    <desc>All services available</desc>
    <sym>Dot</sym>
    <type>generic</type>
  </wpt>
  <wpt lat="46.21969275897951" lon="-63.07277937476703">
    <name>Ted's Bicycle Studio</name>
    <cmt>bike_shop</cmt>
    <sym>Dot</sym>
    <type>gear</type>
  </wpt>
  <wpt lat="45.94979379552735" lon="-62.746240244583376">
    <name>Wood Islands Lighthouse</name>
    <cmt>viewpoint</cmt>
    <sym>Dot</sym>
    <type>overlook</type>
  </wpt>
  <wpt lat="45.96782345014897" lon="-62.71823453059507">
    <name>Northumberland Provincial Park</name>
    <cmt>camping</cmt>
    <sym>Dot</sym>
    <type>campsite</type>
  </wpt>
  <wpt lat="46.42274211759734" lon="-63.10954570770264">
    <name>Stanhope Campground</name>
    <cmt>camping</cmt>
    <sym>Dot</sym>
    <type>campsite</type>
  </wpt>
  <wpt lat="46.42467257295796" lon="-63.20039288418719">
    <name>Prince Edward Island National Park</name>
    <cmt>generic</cmt>
    <sym>Dot</sym>
    <type>generic</type>
  </wpt>
  <wpt lat="46.35652495513335" lon="-63.348767087154954">
    <name>By the River Diner</name>
    <cmt>food</cmt>
    <sym>Dot</sym>
    <type>food</type>
  </wpt>
  <wpt lat="46.35765713441616" lon="-63.35562120138715">
    <name>Angelika's German Bakery</name>
    <cmt>food</cmt>
    <sym>Dot</sym>
    <type>food</type>
  </wpt>
  <wpt lat="46.36141924810531" lon="-63.54934859186503">
    <name>Emerald Boxcar Pub and Grill</name>
    <cmt>food</cmt>
    <sym>Dot</sym>
    <type>food</type>
  </wpt>
  <wpt lat="46.25465389730407" lon="-63.69417023652556">
    <name>Lone Oak Brewing</name>
    <cmt>bar</cmt>
    <sym>Dot</sym>
    <type>food</type>
  </wpt>
  <wpt lat="46.254909927801464" lon="-63.68991088860991">
    <name>Tim Hortons</name>
    <cmt>food</cmt>
    <sym>Dot</sym>
    <type>food</type>
  </wpt>
  <wpt lat="46.2505544236715" lon="-63.69491280677167">
    <name>Lighthouse/Bridge View</name>
    <cmt>viewpoint</cmt>
    <sym>Dot</sym>
    <type>overlook</type>
  </wpt>
  <wpt lat="46.32304171918744" lon="-63.60334038734436">
    <name>Summerset Ice Cream Bar</name>
    <cmt>food</cmt>
    <sym>Dot</sym>
    <type>food</type>
  </wpt>
  <wpt lat="46.3225871942066" lon="-63.600602003041104">
    <name>Gas Station Convenience Store</name>
    <cmt>food</cmt>
    <sym>Dot</sym>
    <type>food</type>
  </wpt>
  <wpt lat="46.322885192204275" lon="-63.59617836982329">
    <name>O'Shea's Pub &amp; Eatery</name>
    <cmt>food</cmt>
    <sym>Dot</sym>
    <type>food</type>
  </wpt>
  <wpt lat="46.361378262574476" lon="-63.54904264292882">
    <name>Community Centre</name>
    <cmt>water</cmt>
    <desc>Water and washroom available to trail users 24/7</desc>
    <sym>Dot</sym>
    <type>water</type>
  </wpt>
  <wpt lat="46.36178558145939" lon="-63.41023541275765">
    <name>Route 2 Dinner</name>
    <cmt>food</cmt>
    <sym>Dot</sym>
    <type>food</type>
  </wpt>
  <wpt lat="46.355462944707725" lon="-63.34964538389661">
    <name>Gas station convenience store</name>
    <cmt>food</cmt>
    <sym>Dot</sym>
    <type>food</type>
  </wpt>
  <wpt lat="46.35285748441175" lon="-63.34949882678274">
    <name>Route Alternative</name>
    <cmt>control</cmt>
    <desc>Riders can take a big short-cut by continuing on the trail to Charlettown </desc>
    <sym>Dot</sym>
    <type>checkpoint</type>
  </wpt>
  <wpt lat="46.391723908087094" lon="-63.21640319420499">
    <name>The Red Fox Campground</name>
    <cmt>camping</cmt>
    <sym>Dot</sym>
    <type>campsite</type>
  </wpt>
  <wpt lat="46.40175360987874" lon="-63.1931733570992">
    <name>Deckers Dairy Bar &amp; Grill </name>
    <cmt>food</cmt>
    <sym>Dot</sym>
    <type>food</type>
  </wpt>
  <wpt lat="46.4040990935869" lon="-63.19443935975423">
    <name>Brackley Bay Oyster Company</name>
    <cmt>food</cmt>
    <sym>Dot</sym>
    <type>food</type>
  </wpt>
  <wpt lat="46.40295415648087" lon="-63.193775625326346">
    <name>Shirley's Snack Bar</name>
    <cmt>food</cmt>
    <sym>Dot</sym>
    <type>food</type>
  </wpt>
  <wpt lat="46.404794359887255" lon="-63.17218907572238">
    <name>Vacationland</name>
    <cmt>lodging</cmt>
    <desc>Bunkie rentals</desc>
    <sym>Dot</sym>
    <type>shelter</type>
  </wpt>
  <wpt lat="46.41749729680955" lon="-63.191031006858246">
    <name>Shaw's Beach</name>
    <cmt>viewpoint</cmt>
    <sym>Dot</sym>
    <type>overlook</type>
  </wpt>
  <wpt lat="46.431083643646865" lon="-63.205349315272585">
    <name>Brackley Beach</name>
    <cmt>viewpoint</cmt>
    <sym>Dot</sym>
    <type>overlook</type>
  </wpt>
  <wpt lat="46.43955793524136" lon="-63.247513640986696">
    <name>Beach</name>
    <cmt>viewpoint</cmt>
    <sym>Dot</sym>
    <type>overlook</type>
  </wpt>
  <wpt lat="46.432653023615515" lon="-63.2500809389695">
    <name>Beach</name>
    <cmt>viewpoint</cmt>
    <sym>Dot</sym>
    <type>overlook</type>
  </wpt>
  <wpt lat="46.4296774941105" lon="-63.19230719945401">
    <name>Beach</name>
    <cmt>viewpoint</cmt>
    <sym>Dot</sym>
    <type>overlook</type>
  </wpt>
  <wpt lat="46.4300629871465" lon="-63.143231397508245">
    <name>Covehead Lighthouse</name>
    <cmt>viewpoint</cmt>
    <sym>Dot</sym>
    <type>overlook</type>
  </wpt>
  <wpt lat="46.42894437734161" lon="-63.145407295682446">
    <name>Original Richard's Seafood</name>
    <cmt>food</cmt>
    <sym>Dot</sym>
    <type>food</type>
  </wpt>
  <wpt lat="46.42842286714916" lon="-63.14559828613726">
    <name>Roe's Seafood</name>
    <cmt>food</cmt>
    <sym>Dot</sym>
    <type>food</type>
  </wpt>
  <wpt lat="45.95440150564338" lon="-62.74793114363054">
    <name>Treena's Takout</name>
    <cmt>food</cmt>
    <sym>Dot</sym>
    <type>food</type>
  </wpt>
  <wpt lat="46.25450568471452" lon="-63.668849875276386">
    <name>Carleton Motel</name>
    <cmt>lodging</cmt>
    <sym>Dot</sym>
    <type>shelter</type>
  </wpt>
  <wpt lat="46.28915987402605" lon="-63.629722595214844">
    <name>The Handpie Company</name>
    <cmt>food</cmt>
    <desc>Awesome hand pies </desc>
    <sym>Dot</sym>
    <type>food</type>
  </wpt>
  <wpt lat="46.32312254487838" lon="-63.59756095458229">
    <name>Chez Shea Kinkora Country Inn </name>
    <cmt>lodging</cmt>
    <sym>Dot</sym>
    <type>shelter</type>
  </wpt>
  <wpt lat="46.36512854874897" lon="-63.389954566955566">
    <name>Chestnut Lake B&amp;B</name>
    <cmt>lodging</cmt>
    <sym>Dot</sym>
    <type>shelter</type>
  </wpt>
  <wpt lat="46.35433176643398" lon="-63.34907677357482">
    <name>Sprinkles Ice Cream Shop</name>
    <cmt>food</cmt>
    <sym>Dot</sym>
    <type>food</type>
  </wpt>
  <wpt lat="46.3564735049107" lon="-63.352133125865095">
    <name>Heritage Classic Inn</name>
    <cmt>lodging</cmt>
    <sym>Dot</sym>
    <type>shelter</type>
  </wpt>
  <wpt lat="46.354917358293164" lon="-63.22285649552539">
    <name>Meadowview Cottages</name>
    <cmt>lodging</cmt>
    <sym>Dot</sym>
    <type>shelter</type>
  </wpt>
  <wpt lat="46.38834939639433" lon="-63.23642999632033">
    <name>Gas station convenience store</name>
    <cmt>food</cmt>
    <sym>Dot</sym>
    <type>food</type>
  </wpt>
  <wpt lat="46.401713636069964" lon="-63.190785170978174">
    <name>Brackley Beach Hostel</name>
    <cmt>lodging</cmt>
    <sym>Dot</sym>
    <type>shelter</type>
  </wpt>
  <wpt lat="46.40515268534229" lon="-63.19696511037088">
    <name>Brackley Beach North Winds</name>
    <cmt>lodging</cmt>
    <sym>Dot</sym>
    <type>shelter</type>
  </wpt>
  <wpt lat="46.41874718767092" lon="-63.26468053001924">
    <name>Cymbria Campground</name>
    <cmt>camping</cmt>
    <sym>Dot</sym>
    <type>campsite</type>
  </wpt>
  <wpt lat="46.41585960672404" lon="-63.29060139793916">
    <name>Gallants Country Food Market </name>
    <cmt>food</cmt>
    <sym>Dot</sym>
    <type>food</type>
  </wpt>
  <wpt lat="46.429319626477614" lon="-63.136569970363574">
    <name>Beach access</name>
    <cmt>viewpoint</cmt>
    <sym>Dot</sym>
    <type>overlook</type>
  </wpt>
  <wpt lat="46.42443843165736" lon="-63.12029328103438">
    <name>Beach access</name>
    <cmt>viewpoint</cmt>
    <sym>Dot</sym>
    <type>overlook</type>
  </wpt>
  <wpt lat="46.41984157074616" lon="-63.1010839959706">
    <name>Beach access</name>
    <cmt>viewpoint</cmt>
    <sym>Dot</sym>
    <type>overlook</type>
  </wpt>
  <wpt lat="46.416962624596906" lon="-63.07400890702945">
    <name>Beach access</name>
    <cmt>viewpoint</cmt>
    <sym>Dot</sym>
    <type>overlook</type>
  </wpt>
  <wpt lat="46.4149342723932" lon="-63.07303050216413">
    <name>Dalvay-by-the-Sea National Historic Site</name>
    <cmt>monument</cmt>
    <sym>Dot</sym>
    <type>info</type>
  </wpt>
  <wpt lat="46.22093845379581" lon="-63.08687242121712">
    <name>Sobey's Grocery</name>
    <cmt>food</cmt>
    <sym>Dot</sym>
    <type>food</type>
  </wpt>
  <wpt lat="46.22271550573315" lon="-63.086293064069906">
    <name>Tim Hortons</name>
    <cmt>food</cmt>
    <sym>Dot</sym>
    <type>food</type>
  </wpt>
  <wpt lat="46.221339134504824" lon="-63.08608260516812">
    <name>Phinley's Restaurant</name>
    <cmt>food</cmt>
    <sym>Dot</sym>
    <type>food</type>
  </wpt>
  <wpt lat="45.96595661065722" lon="-62.74792311264709">
    <name>Woods Island Market</name>
    <cmt>food</cmt>
    <sym>Dot</sym>
    <type>food</type>
  </wpt>
  <wpt lat="46.12850552275599" lon="-62.79568583464312">
    <name>Good camp spot</name>
    <cmt>camping</cmt>
    <sym>Dot</sym>
    <type>campsite</type>
  </wpt>
  <wpt lat="46.06883856896212" lon="-62.81446097874611">
    <name>Good camp spot</name>
    <cmt>camping</cmt>
    <sym>Dot</sym>
    <type>campsite</type>
  </wpt>
  <wpt lat="46.038003381274315" lon="-62.821544904107995">
    <name>Pit Toilet</name>
    <cmt>restroom</cmt>
    <desc>No water</desc>
    <sym>Dot</sym>
    <type>toilet</type>
  </wpt>
  <wpt lat="45.992662957117936" lon="-62.80151128646773">
    <name>Possible camp spot</name>
    <cmt>camping</cmt>
    <sym>Dot</sym>
    <type>campsite</type>
  </wpt>
  <wpt lat="45.97483999999999" lon="-62.75175000000001">
    <name>Possible camp spot</name>
    <cmt>camping</cmt>
    <desc>Cover, table</desc>
    <sym>Dot</sym>
    <type>campsite</type>
  </wpt>
  <trk>
    <name>Prince Edward Island</name>
    <trkseg>
      <trkpt lat="46.169108" lon="-63.807984">
        <ele>0.0</ele>
      </trkpt>
      <trkpt lat="46.169108" lon="-63.807984">
        <ele>0.0</ele>
      </trkpt>
      <trkpt lat="46.16979" lon="-63.807131">
        <ele>0.0</ele>
      </trkpt>
      <trkpt lat="46.170472" lon="-63.806277">
        <ele>0.0</ele>
      </trkpt>
      <trkpt lat="46.171154" lon="-63.805424">
        <ele>0.0</ele>
      </trkpt>
      <trkpt lat="46.171836" lon="-63.804571">
        <ele>0.0</ele>
      </trkpt>
      <trkpt lat="46.172518" lon="-63.803718">
        <ele>0.0</ele>
      </trkpt>
      <trkpt lat="46.1732" lon="-63.802864">
        <ele>0.0</ele>
      </trkpt>
      <trkpt lat="46.173882" lon="-63.802011">
        <ele>0.0</ele>
      </trkpt>
      <trkpt lat="46.174564" lon="-63.801158">
        <ele>0.0</ele>
      </trkpt>
      <trkpt lat="46.175246" lon="-63.800304">
        <ele>0.0</ele>
      </trkpt>
      <trkpt lat="46.175928" lon="-63.799451">
        <ele>0.0</ele>
      </trkpt>
      <trkpt lat="46.17661" lon="-63.798598">
        <ele>0.0</ele>
      </trkpt>
      <trkpt lat="46.177291" lon="-63.797744">
        <ele>0.0</ele>
      </trkpt>
      <trkpt lat="46.177973" lon="-63.796891">
        <ele>0.0</ele>
      </trkpt>
      <trkpt lat="46.178655" lon="-63.796038">
        <ele>0.0</ele>
      </trkpt>
      <trkpt lat="46.179337" lon="-63.795185">
        <ele>0.0</ele>
      </trkpt>
      <trkpt lat="46.180019" lon="-63.794331">
        <ele>0.0</ele>
      </trkpt>
      <trkpt lat="46.180701" lon="-63.793478">
        <ele>0.0</ele>
      </trkpt>
      <trkpt lat="46.181383" lon="-63.792625">
        <ele>0.0</ele>
      </trkpt>
      <trkpt lat="46.182065" lon="-63.791771">
        <ele>0.0</ele>
      </trkpt>
      <trkpt lat="46.182747" lon="-63.790918">
        <ele>0.0</ele>
      </trkpt>
      <trkpt lat="46.183429" lon="-63.790065">
        <ele>0.0</ele>
      </trkpt>
      <trkpt lat="46.184111" lon="-63.789211">
        <ele>0.0</ele>
      </trkpt>
      <trkpt lat="46.184793" lon="-63.788358">
        <ele>0.0</ele>
      </trkpt>
      <trkpt lat="46.185475" lon="-63.787505">
        <ele>0.0</ele>
      </trkpt>
      <trkpt lat="46.186157" lon="-63.786652">
        <ele>0.0</ele>
      </trkpt>
      <trkpt lat="46.186838" lon="-63.785798">
        <ele>0.0</ele>
      </trkpt>
      <trkpt lat="46.18752" lon="-63.784945">
        <ele>0.0</ele>
      </trkpt>
      <trkpt lat="46.188202" lon="-63.784092">
        <ele>0.0</ele>
      </trkpt>
      <trkpt lat="46.188884" lon="-63.783238">
        <ele>0.0</ele>
      </trkpt>
      <trkpt lat="46.189566" lon="-63.782385">
        <ele>0.0</ele>
      </trkpt>
      <trkpt lat="46.190248" lon="-63.781532">
        <ele>0.0</ele>
      </trkpt>
      <trkpt lat="46.19093" lon="-63.780678">
        <ele>0.0</ele>
      </trkpt>
      <trkpt lat="46.191612" lon="-63.779825">
        <ele>0.0</ele>
      </trkpt>
      <trkpt lat="46.192294" lon="-63.778972">
        <ele>0.0</ele>
      </trkpt>
      <trkpt lat="46.192976" lon="-63.778118">
        <ele>0.0</ele>
      </trkpt>
      <trkpt lat="46.193658" lon="-63.777265">
        <ele>0.0</ele>
      </trkpt>
      <trkpt lat="46.19434" lon="-63.776412">
        <ele>0.0</ele>
      </trkpt>
      <trkpt lat="46.195022" lon="-63.775559">
        <ele>0.0</ele>
      </trkpt>
      <trkpt lat="46.195704" lon="-63.774705">
        <ele>0.0</ele>
      </trkpt>
      <trkpt lat="46.196385" lon="-63.773852">
        <ele>0.0</ele>
      </trkpt>
      <trkpt lat="46.197067" lon="-63.772999">
        <ele>0.0</ele>
      </trkpt>
      <trkpt lat="46.197749" lon="-63.772145">
        <ele>0.0</ele>
      </trkpt>
      <trkpt lat="46.198431" lon="-63.771292">
        <ele>0.0</ele>
      </trkpt>
      <trkpt lat="46.199113" lon="-63.770439">
        <ele>0.0</ele>
      </trkpt>
      <trkpt lat="46.199795" lon="-63.769585">
        <ele>0.0</ele>
      </trkpt>
      <trkpt lat="46.200477" lon="-63.768732">
        <ele>0.0</ele>
      </trkpt>
      <trkpt lat="46.201159" lon="-63.767879">
        <ele>0.0</ele>
      </trkpt>
      <trkpt lat="46.201841" lon="-63.767026">
        <ele>0.0</ele>
      </trkpt>
      <trkpt lat="46.202523" lon="-63.766172">
        <ele>0.0</ele>
      </trkpt>
      <trkpt lat="46.203205" lon="-63.765319">
        <ele>0.0</ele>
      </trkpt>
      <trkpt lat="46.203887" lon="-63.764466">
        <ele>0.0</ele>
      </trkpt>
      <trkpt lat="46.204569" lon="-63.763612">
        <ele>0.0</ele>
      </trkpt>
      <trkpt lat="46.205251" lon="-63.762759">
        <ele>0.0</ele>
      </trkpt>
      <trkpt lat="46.205932" lon="-63.761906">
        <ele>0.0</ele>
      </trkpt>
      <trkpt lat="46.206614" lon="-63.761052">
        <ele>0.0</ele>
      </trkpt>
      <trkpt lat="46.207296" lon="-63.760199">
        <ele>0.0</ele>
      </trkpt>
      <trkpt lat="46.207978" lon="-63.759346">
        <ele>0.0</ele>
      </trkpt>
      <trkpt lat="46.20866" lon="-63.758493">
        <ele>0.0</ele>
      </trkpt>
      <trkpt lat="46.209342" lon="-63.757639">
        <ele>0.0</ele>
      </trkpt>
      <trkpt lat="46.210024" lon="-63.756786">
        <ele>0.0</ele>
      </trkpt>
      <trkpt lat="46.210706" lon="-63.755933">
        <ele>0.0</ele>
      </trkpt>
      <trkpt lat="46.211388" lon="-63.755079">
        <ele>0.0</ele>
      </trkpt>
      <trkpt lat="46.21207" lon="-63.754226">
        <ele>0.0</ele>
      </trkpt>
      <trkpt lat="46.212752" lon="-63.753373">
        <ele>0.0</ele>
      </trkpt>
      <trkpt lat="46.213434" lon="-63.752519">
        <ele>0.0</ele>
      </trkpt>
      <trkpt lat="46.214116" lon="-63.751666">
        <ele>0.0</ele>
      </trkpt>
      <trkpt lat="46.214798" lon="-63.750813">
        <ele>0.0</ele>
      </trkpt>
      <trkpt lat="46.215479" lon="-63.74996">
        <ele>0.0</ele>
      </trkpt>
      <trkpt lat="46.216161" lon="-63.749106">
        <ele>0.0</ele>
      </trkpt>
      <trkpt lat="46.216843" lon="-63.748253">
        <ele>0.0</ele>
      </trkpt>
      <trkpt lat="46.217525" lon="-63.7474">
        <ele>0.0</ele>
      </trkpt>
      <trkpt lat="46.218207" lon="-63.746546">
        <ele>0.0</ele>
      </trkpt>
      <trkpt lat="46.218889" lon="-63.745693">
        <ele>0.0</ele>
      </trkpt>
      <trkpt lat="46.219571" lon="-63.74484">
        <ele>0.0</ele>
      </trkpt>
      <trkpt lat="46.220253" lon="-63.743986">
        <ele>0.0</ele>
      </trkpt>
      <trkpt lat="46.220935" lon="-63.743133">
        <ele>0.0</ele>
      </trkpt>
      <trkpt lat="46.221617" lon="-63.74228">
        <ele>0.0</ele>
      </trkpt>
      <trkpt lat="46.222299" lon="-63.741427">
        <ele>0.0</ele>
      </trkpt>
      <trkpt lat="46.222981" lon="-63.740573">
        <ele>0.0</ele>
      </trkpt>
      <trkpt lat="46.223663" lon="-63.73972">
        <ele>0.0</ele>
      </trkpt>
      <trkpt lat="46.224345" lon="-63.738867">
        <ele>0.0</ele>
      </trkpt>
      <trkpt lat="46.225026" lon="-63.738013">
        <ele>0.0</ele>
      </trkpt>
      <trkpt lat="46.225708" lon="-63.73716">
        <ele>0.0</ele>
      </trkpt>
      <trkpt lat="46.22639" lon="-63.736307">
        <ele>0.0</ele>
      </trkpt>
      <trkpt lat="46.227072" lon="-63.735453">
        <ele>0.0</ele>
      </trkpt>
      <trkpt lat="46.227754" lon="-63.7346">
        <ele>0.0</ele>
      </trkpt>
      <trkpt lat="46.228436" lon="-63.733747">
        <ele>0.0</ele>
      </trkpt>
      <trkpt lat="46.229118" lon="-63.732893">
        <ele>0.0</ele>
      </trkpt>
      <trkpt lat="46.2298" lon="-63.73204">
        <ele>0.0</ele>
      </trkpt>
      <trkpt lat="46.230482" lon="-63.731187">
        <ele>0.0</ele>
      </trkpt>
      <trkpt lat="46.231164" lon="-63.730334">
        <ele>0.0</ele>
      </trkpt>
      <trkpt lat="46.231846" lon="-63.72948">
        <ele>0.0</ele>
      </trkpt>
      <trkpt lat="46.232528" lon="-63.728627">
        <ele>0.0</ele>
      </trkpt>
      <trkpt lat="46.23321" lon="-63.727774">
        <ele>0.0</ele>
      </trkpt>
      <trkpt lat="46.233892" lon="-63.72692">
        <ele>0.0</ele>
      </trkpt>
      <trkpt lat="46.234573" lon="-63.726067">
        <ele>0.0</ele>
      </trkpt>
      <trkpt lat="46.235255" lon="-63.725214">
        <ele>0.0</ele>
      </trkpt>
      <trkpt lat="46.235937" lon="-63.72436">
        <ele>0.0</ele>
      </trkpt>
      <trkpt lat="46.236619" lon="-63.723507">
        <ele>0.0</ele>
      </trkpt>
      <trkpt lat="46.237301" lon="-63.722654">
        <ele>0.0</ele>
      </trkpt>
      <trkpt lat="46.237983" lon="-63.721801">
        <ele>0.0</ele>
      </trkpt>
      <trkpt lat="46.238665" lon="-63.720947">
        <ele>0.0</ele>
      </trkpt>
      <trkpt lat="46.239347" lon="-63.720094">
        <ele>0.0</ele>
      </trkpt>
      <trkpt lat="46.240029" lon="-63.719241">
        <ele>0.0</ele>
      </trkpt>
      <trkpt lat="46.240711" lon="-63.718387">
        <ele>0.0</ele>
      </trkpt>
      <trkpt lat="46.241393" lon="-63.717534">
        <ele>0.0</ele>
      </trkpt>
      <trkpt lat="46.242075" lon="-63.716681">
        <ele>0.0</ele>
      </trkpt>
      <trkpt lat="46.242757" lon="-63.715827">
        <ele>0.0</ele>
      </trkpt>
      <trkpt lat="46.243439" lon="-63.714974">
        <ele>0.0</ele>
      </trkpt>
      <trkpt lat="46.24412" lon="-63.714121">
        <ele>0.0</ele>
      </trkpt>
      <trkpt lat="46.244802" lon="-63.713268">
        <ele>0.0</ele>
      </trkpt>
      <trkpt lat="46.245484" lon="-63.712414">
        <ele>0.0</ele>
      </trkpt>
      <trkpt lat="46.246166" lon="-63.711561">
        <ele>0.0</ele>
      </trkpt>
      <trkpt lat="46.246848" lon="-63.710708">
        <ele>0.0</ele>
      </trkpt>
      <trkpt lat="46.24753" lon="-63.709854">
        <ele>0.0</ele>
      </trkpt>
      <trkpt lat="46.248212" lon="-63.709001">
        <ele>0.0</ele>
      </trkpt>
      <trkpt lat="46.248894" lon="-63.708148">
        <ele>0.0</ele>
      </trkpt>
      <trkpt lat="46.249576" lon="-63.707294">
        <ele>1.9</ele>
      </trkpt>
      <trkpt lat="46.250258" lon="-63.706441">
        <ele>9.6</ele>
      </trkpt>
      <trkpt lat="46.25094" lon="-63.705588">
        <ele>1.8</ele>
      </trkpt>
      <trkpt lat="46.251622" lon="-63.704735">
        <ele>2.2</ele>
      </trkpt>
      <trkpt lat="46.252304" lon="-63.703881">
        <ele>3.1</ele>
      </trkpt>
      <trkpt lat="46.252986" lon="-63.703028">
        <ele>4.1</ele>
      </trkpt>
      <trkpt lat="46.254279" lon="-63.701826">
        <ele>3.1</ele>
      </trkpt>
      <trkpt lat="46.25426" lon="-63.7018">
        <ele>3.3</ele>
      </trkpt>
      <trkpt lat="46.2543" lon="-63.70173">
        <ele>3.5</ele>
      </trkpt>
      <trkpt lat="46.25437" lon="-63.7016">
        <ele>3.9</ele>
      </trkpt>
      <trkpt lat="46.25453" lon="-63.70135">
        <ele>4.2</ele>
      </trkpt>
      <trkpt lat="46.25463" lon="-63.70114">
        <ele>4.4</ele>
      </trkpt>
      <trkpt lat="46.25476" lon="-63.70088">
        <ele>4.5</ele>
      </trkpt>
      <trkpt lat="46.2548" lon="-63.70078">
        <ele>4.5</ele>
      </trkpt>
      <trkpt lat="46.25485" lon="-63.70065">
        <ele>4.3</ele>
      </trkpt>
      <trkpt lat="46.25492" lon="-63.70047">
        <ele>4.2</ele>
      </trkpt>
      <trkpt lat="46.25496" lon="-63.70035">
        <ele>4.1</ele>
      </trkpt>
      <trkpt lat="46.25504" lon="-63.70013">
        <ele>3.8</ele>
      </trkpt>
      <trkpt lat="46.25504" lon="-63.70012">
        <ele>3.8</ele>
      </trkpt>
      <trkpt lat="46.25509" lon="-63.69995">
        <ele>3.6</ele>
      </trkpt>
      <trkpt lat="46.25515" lon="-63.69971">
        <ele>3.4</ele>
      </trkpt>
      <trkpt lat="46.25516" lon="-63.69971">
        <ele>3.4</ele>
      </trkpt>
      <trkpt lat="46.25516" lon="-63.6997">
        <ele>3.4</ele>
      </trkpt>
      <trkpt lat="46.25528" lon="-63.69922">
        <ele>3.3</ele>
      </trkpt>
      <trkpt lat="46.25534" lon="-63.69897">
        <ele>3.3</ele>
      </trkpt>
      <trkpt lat="46.25536" lon="-63.69888">
        <ele>3.3</ele>
      </trkpt>
      <trkpt lat="46.2554" lon="-63.69872">
        <ele>3.3</ele>
      </trkpt>
      <trkpt lat="46.25551" lon="-63.69822">
        <ele>3.5</ele>
      </trkpt>
      <trkpt lat="46.25559" lon="-63.69788">
        <ele>3.8</ele>
      </trkpt>
      <trkpt lat="46.25568" lon="-63.69748">
        <ele>4.2</ele>
      </trkpt>
      <trkpt lat="46.25578" lon="-63.69708">
        <ele>4.1</ele>
      </trkpt>
      <trkpt lat="46.25582" lon="-63.69683">
        <ele>4.0</ele>
      </trkpt>
      <trkpt lat="46.25587" lon="-63.69652">
        <ele>4.1</ele>
      </trkpt>
      <trkpt lat="46.2559" lon="-63.69639">
        <ele>4.1</ele>
      </trkpt>
      <trkpt lat="46.25592" lon="-63.69627">
        <ele>4.3</ele>
      </trkpt>
      <trkpt lat="46.25593" lon="-63.69614">
        <ele>4.4</ele>
      </trkpt>
      <trkpt lat="46.25597" lon="-63.69588">
        <ele>4.8</ele>
      </trkpt>
      <trkpt lat="46.2561" lon="-63.69531">
        <ele>5.3</ele>
      </trkpt>
      <trkpt lat="46.25615" lon="-63.69507">
        <ele>5.5</ele>
      </trkpt>
      <trkpt lat="46.25621" lon="-63.6947">
        <ele>5.7</ele>
      </trkpt>
      <trkpt lat="46.25621" lon="-63.6947">
        <ele>5.7</ele>
      </trkpt>
      <trkpt lat="46.25601" lon="-63.69445">
        <ele>6.3</ele>
      </trkpt>
      <trkpt lat="46.25598" lon="-63.69441">
        <ele>6.4</ele>
      </trkpt>
      <trkpt lat="46.25594" lon="-63.69435">
        <ele>6.6</ele>
      </trkpt>
      <trkpt lat="46.25592" lon="-63.69434">
        <ele>6.6</ele>
      </trkpt>
      <trkpt lat="46.2559" lon="-63.69432">
        <ele>6.7</ele>
      </trkpt>
      <trkpt lat="46.25588" lon="-63.69432">
        <ele>6.7</ele>
      </trkpt>
      <trkpt lat="46.25586" lon="-63.69431">
        <ele>6.8</ele>
      </trkpt>
      <trkpt lat="46.25583" lon="-63.69429">
        <ele>6.9</ele>
      </trkpt>
      <trkpt lat="46.2558" lon="-63.69429">
        <ele>6.9</ele>
      </trkpt>
      <trkpt lat="46.25577" lon="-63.69428">
        <ele>7.0</ele>
      </trkpt>
      <trkpt lat="46.25576" lon="-63.69428">
        <ele>7.0</ele>
      </trkpt>
      <trkpt lat="46.25574" lon="-63.69429">
        <ele>7.0</ele>
      </trkpt>
      <trkpt lat="46.25573" lon="-63.69429">
        <ele>7.0</ele>
      </trkpt>
      <trkpt lat="46.25571" lon="-63.69431">
        <ele>7.0</ele>
      </trkpt>
      <trkpt lat="46.2557" lon="-63.69434">
        <ele>7.0</ele>
      </trkpt>
      <trkpt lat="46.25568" lon="-63.69437">
        <ele>7.0</ele>
      </trkpt>
      <trkpt lat="46.25565" lon="-63.69442">
        <ele>7.0</ele>
      </trkpt>
      <trkpt lat="46.25561" lon="-63.6945">
        <ele>7.0</ele>
      </trkpt>
      <trkpt lat="46.25542" lon="-63.69472">
        <ele>7.2</ele>
      </trkpt>
      <trkpt lat="46.25531" lon="-63.69479">
        <ele>7.3</ele>
      </trkpt>
      <trkpt lat="46.25531" lon="-63.69479">
        <ele>7.3</ele>
      </trkpt>
      <trkpt lat="46.25561" lon="-63.69526">
        <ele>6.3</ele>
      </trkpt>
      <trkpt lat="46.25562" lon="-63.69537">
        <ele>6.2</ele>
      </trkpt>
      <trkpt lat="46.25562" lon="-63.6954">
        <ele>6.2</ele>
      </trkpt>
      <trkpt lat="46.25562" lon="-63.69547">
        <ele>6.1</ele>
      </trkpt>
      <trkpt lat="46.25562" lon="-63.69551">
        <ele>6.1</ele>
      </trkpt>
      <trkpt lat="46.25561" lon="-63.69556">
        <ele>6.0</ele>
      </trkpt>
      <trkpt lat="46.2556" lon="-63.6956">
        <ele>6.0</ele>
      </trkpt>
      <trkpt lat="46.25558" lon="-63.69565">
        <ele>6.1</ele>
      </trkpt>
      <trkpt lat="46.25555" lon="-63.69573">
        <ele>6.1</ele>
      </trkpt>
      <trkpt lat="46.2555" lon="-63.69582">
        <ele>6.2</ele>
      </trkpt>
      <trkpt lat="46.25544" lon="-63.6959">
        <ele>6.3</ele>
      </trkpt>
      <trkpt lat="46.25536" lon="-63.6959">
        <ele>6.6</ele>
      </trkpt>
      <trkpt lat="46.25529" lon="-63.69591">
        <ele>6.8</ele>
      </trkpt>
      <trkpt lat="46.25484" lon="-63.69583">
        <ele>8.0</ele>
      </trkpt>
      <trkpt lat="46.25484" lon="-63.69583">
        <ele>8.0</ele>
      </trkpt>
      <trkpt lat="46.25481" lon="-63.69605">
        <ele>7.5</ele>
      </trkpt>
      <trkpt lat="46.25483" lon="-63.69613">
        <ele>7.4</ele>
      </trkpt>
      <trkpt lat="46.25485" lon="-63.69622">
        <ele>7.2</ele>
      </trkpt>
      <trkpt lat="46.25488" lon="-63.6964">
        <ele>6.7</ele>
      </trkpt>
      <trkpt lat="46.25501" lon="-63.69709">
        <ele>5.5</ele>
      </trkpt>
      <trkpt lat="46.25502" lon="-63.69715">
        <ele>5.4</ele>
      </trkpt>
      <trkpt lat="46.25503" lon="-63.69724">
        <ele>5.3</ele>
      </trkpt>
      <trkpt lat="46.25503" lon="-63.69731">
        <ele>5.2</ele>
      </trkpt>
      <trkpt lat="46.25503" lon="-63.69738">
        <ele>5.1</ele>
      </trkpt>
      <trkpt lat="46.25502" lon="-63.69742">
        <ele>5.1</ele>
      </trkpt>
      <trkpt lat="46.25501" lon="-63.69746">
        <ele>5.0</ele>
      </trkpt>
      <trkpt lat="46.25499" lon="-63.6975">
        <ele>5.0</ele>
      </trkpt>
      <trkpt lat="46.25496" lon="-63.69753">
        <ele>5.0</ele>
      </trkpt>
      <trkpt lat="46.25491" lon="-63.69755">
        <ele>5.1</ele>
      </trkpt>
      <trkpt lat="46.25486" lon="-63.69755">
        <ele>5.1</ele>
      </trkpt>
      <trkpt lat="46.25477" lon="-63.69753">
        <ele>5.3</ele>
      </trkpt>
      <trkpt lat="46.25475" lon="-63.69752">
        <ele>5.3</ele>
      </trkpt>
      <trkpt lat="46.25463" lon="-63.69746">
        <ele>5.5</ele>
      </trkpt>
      <trkpt lat="46.25439" lon="-63.69742">
        <ele>5.8</ele>
      </trkpt>
      <trkpt lat="46.25428" lon="-63.69739">
        <ele>6.0</ele>
      </trkpt>
      <trkpt lat="46.2542" lon="-63.69736">
        <ele>6.1</ele>
      </trkpt>
      <trkpt lat="46.25409" lon="-63.69733">
        <ele>6.3</ele>
      </trkpt>
      <trkpt lat="46.25401" lon="-63.69729">
        <ele>6.4</ele>
      </trkpt>
      <trkpt lat="46.25388" lon="-63.69721">
        <ele>6.7</ele>
      </trkpt>
      <trkpt lat="46.25339" lon="-63.69647">
        <ele>8.2</ele>
      </trkpt>
      <trkpt lat="46.25286" lon="-63.69553">
        <ele>9.6</ele>
      </trkpt>
      <trkpt lat="46.2527" lon="-63.69514">
        <ele>10.5</ele>
      </trkpt>
      <trkpt lat="46.25268" lon="-63.69509">
        <ele>10.6</ele>
      </trkpt>
      <trkpt lat="46.25216" lon="-63.69316">
        <ele>10.9</ele>
      </trkpt>
      <trkpt lat="46.25211" lon="-63.69297">
        <ele>10.8</ele>
      </trkpt>
      <trkpt lat="46.25208" lon="-63.69284">
        <ele>10.7</ele>
      </trkpt>
      <trkpt lat="46.25207" lon="-63.69276">
        <ele>10.7</ele>
      </trkpt>
      <trkpt lat="46.25206" lon="-63.69266">
        <ele>10.6</ele>
      </trkpt>
      <trkpt lat="46.25206" lon="-63.69261">
        <ele>10.6</ele>
      </trkpt>
      <trkpt lat="46.25206" lon="-63.69255">
        <ele>10.6</ele>
      </trkpt>
      <trkpt lat="46.25149" lon="-63.6923">
        <ele>10.9</ele>
      </trkpt>
      <trkpt lat="46.25141" lon="-63.69232">
        <ele>10.7</ele>
      </trkpt>
      <trkpt lat="46.25134" lon="-63.69239">
        <ele>10.4</ele>
      </trkpt>
      <trkpt lat="46.25104" lon="-63.69354">
        <ele>9.2</ele>
      </trkpt>
      <trkpt lat="46.25103" lon="-63.69364">
        <ele>9.1</ele>
      </trkpt>
      <trkpt lat="46.2509" lon="-63.69429">
        <ele>8.0</ele>
      </trkpt>
      <trkpt lat="46.25082" lon="-63.69449">
        <ele>7.5</ele>
      </trkpt>
      <trkpt lat="46.25068" lon="-63.6947">
        <ele>6.0</ele>
      </trkpt>
      <trkpt lat="46.25082" lon="-63.69449">
        <ele>7.5</ele>
      </trkpt>
      <trkpt lat="46.2509" lon="-63.69429">
        <ele>8.0</ele>
      </trkpt>
      <trkpt lat="46.25103" lon="-63.69364">
        <ele>9.1</ele>
      </trkpt>
      <trkpt lat="46.25104" lon="-63.69354">
        <ele>9.2</ele>
      </trkpt>
      <trkpt lat="46.25134" lon="-63.69239">
        <ele>10.4</ele>
      </trkpt>
      <trkpt lat="46.25141" lon="-63.69232">
        <ele>10.7</ele>
      </trkpt>
      <trkpt lat="46.25149" lon="-63.6923">
        <ele>10.9</ele>
      </trkpt>
      <trkpt lat="46.25206" lon="-63.69255">
        <ele>10.6</ele>
      </trkpt>
      <trkpt lat="46.25221" lon="-63.69173">
        <ele>11.9</ele>
      </trkpt>
      <trkpt lat="46.25239" lon="-63.69075">
        <ele>12.4</ele>
      </trkpt>
      <trkpt lat="46.25257" lon="-63.68977">
        <ele>12.2</ele>
      </trkpt>
      <trkpt lat="46.25275" lon="-63.6888">
        <ele>12.6</ele>
      </trkpt>
      <trkpt lat="46.25293" lon="-63.68782">
        <ele>11.4</ele>
      </trkpt>
      <trkpt lat="46.25306" lon="-63.68712">
        <ele>10.4</ele>
      </trkpt>
      <trkpt lat="46.2532" lon="-63.68643">
        <ele>9.5</ele>
      </trkpt>
      <trkpt lat="46.25316" lon="-63.686">
        <ele>9.9</ele>
      </trkpt>
      <trkpt lat="46.2531" lon="-63.68582">
        <ele>10.0</ele>
      </trkpt>
      <trkpt lat="46.25298" lon="-63.6856">
        <ele>10.0</ele>
      </trkpt>
      <trkpt lat="46.25289" lon="-63.68543">
        <ele>10.0</ele>
      </trkpt>
      <trkpt lat="46.25271" lon="-63.68484">
        <ele>10.2</ele>
      </trkpt>
      <trkpt lat="46.25271" lon="-63.68466">
        <ele>10.4</ele>
      </trkpt>
      <trkpt lat="46.25273" lon="-63.68449">
        <ele>10.6</ele>
      </trkpt>
      <trkpt lat="46.2529" lon="-63.68357">
        <ele>10.7</ele>
      </trkpt>
      <trkpt lat="46.25296" lon="-63.68308">
        <ele>9.4</ele>
      </trkpt>
      <trkpt lat="46.253" lon="-63.68234">
        <ele>6.9</ele>
      </trkpt>
      <trkpt lat="46.25328" lon="-63.68237">
        <ele>6.0</ele>
      </trkpt>
      <trkpt lat="46.25406" lon="-63.68246">
        <ele>7.6</ele>
      </trkpt>
      <trkpt lat="46.25417" lon="-63.68247">
        <ele>7.9</ele>
      </trkpt>
      <trkpt lat="46.25432" lon="-63.68244">
        <ele>7.8</ele>
      </trkpt>
      <trkpt lat="46.2546" lon="-63.68223">
        <ele>7.4</ele>
      </trkpt>
      <trkpt lat="46.25474" lon="-63.68205">
        <ele>7.1</ele>
      </trkpt>
      <trkpt lat="46.25526" lon="-63.68109">
        <ele>7.2</ele>
      </trkpt>
      <trkpt lat="46.25549" lon="-63.68084">
        <ele>7.6</ele>
      </trkpt>
      <trkpt lat="46.25562" lon="-63.68073">
        <ele>7.7</ele>
      </trkpt>
      <trkpt lat="46.25583" lon="-63.68062">
        <ele>8.0</ele>
      </trkpt>
      <trkpt lat="46.25586" lon="-63.68045">
        <ele>8.0</ele>
      </trkpt>
      <trkpt lat="46.25596" lon="-63.67992">
        <ele>8.3</ele>
      </trkpt>
      <trkpt lat="46.25611" lon="-63.67918">
        <ele>9.3</ele>
      </trkpt>
      <trkpt lat="46.25617" lon="-63.67872">
        <ele>9.3</ele>
      </trkpt>
      <trkpt lat="46.2563" lon="-63.67767">
        <ele>9.8</ele>
      </trkpt>
      <trkpt lat="46.25642" lon="-63.67661">
        <ele>10.0</ele>
      </trkpt>
      <trkpt lat="46.25654" lon="-63.67556">
        <ele>9.5</ele>
      </trkpt>
      <trkpt lat="46.25666" lon="-63.6745">
        <ele>12.2</ele>
      </trkpt>
      <trkpt lat="46.25679" lon="-63.67345">
        <ele>12.9</ele>
      </trkpt>
      <trkpt lat="46.25692" lon="-63.6723">
        <ele>12.2</ele>
      </trkpt>
      <trkpt lat="46.25705" lon="-63.67115">
        <ele>11.3</ele>
      </trkpt>
      <trkpt lat="46.25719" lon="-63.67">
        <ele>9.3</ele>
      </trkpt>
      <trkpt lat="46.25732" lon="-63.66885">
        <ele>10.0</ele>
      </trkpt>
      <trkpt lat="46.25746" lon="-63.6677">
        <ele>11.8</ele>
      </trkpt>
      <trkpt lat="46.25757" lon="-63.66671">
        <ele>12.8</ele>
      </trkpt>
      <trkpt lat="46.25769" lon="-63.66573">
        <ele>12.7</ele>
      </trkpt>
      <trkpt lat="46.25781" lon="-63.66475">
        <ele>14.5</ele>
      </trkpt>
      <trkpt lat="46.25793" lon="-63.66377">
        <ele>13.7</ele>
      </trkpt>
      <trkpt lat="46.25835" lon="-63.66229">
        <ele>12.3</ele>
      </trkpt>
      <trkpt lat="46.25847" lon="-63.66127">
        <ele>12.7</ele>
      </trkpt>
      <trkpt lat="46.25858" lon="-63.66041">
        <ele>11.9</ele>
      </trkpt>
      <trkpt lat="46.25877" lon="-63.6587">
        <ele>11.2</ele>
      </trkpt>
      <trkpt lat="46.25882" lon="-63.65833">
        <ele>11.0</ele>
      </trkpt>
      <trkpt lat="46.25894" lon="-63.65769">
        <ele>11.0</ele>
      </trkpt>
      <trkpt lat="46.25899" lon="-63.65744">
        <ele>10.9</ele>
      </trkpt>
      <trkpt lat="46.25902" lon="-63.65725">
        <ele>10.8</ele>
      </trkpt>
      <trkpt lat="46.25913" lon="-63.65675">
        <ele>10.1</ele>
      </trkpt>
      <trkpt lat="46.25932" lon="-63.65628">
        <ele>9.8</ele>
      </trkpt>
      <trkpt lat="46.25934" lon="-63.65625">
        <ele>9.8</ele>
      </trkpt>
      <trkpt lat="46.25954" lon="-63.65582">
        <ele>9.9</ele>
      </trkpt>
      <trkpt lat="46.25966" lon="-63.65563">
        <ele>10.7</ele>
      </trkpt>
      <trkpt lat="46.25981" lon="-63.65537">
        <ele>11.7</ele>
      </trkpt>
      <trkpt lat="46.26017" lon="-63.65494">
        <ele>13.4</ele>
      </trkpt>
      <trkpt lat="46.26019" lon="-63.65492">
        <ele>13.5</ele>
      </trkpt>
      <trkpt lat="46.26058" lon="-63.6546">
        <ele>14.8</ele>
      </trkpt>
      <trkpt lat="46.26098" lon="-63.65431">
        <ele>15.5</ele>
      </trkpt>
      <trkpt lat="46.26119" lon="-63.65416">
        <ele>15.6</ele>
      </trkpt>
      <trkpt lat="46.26165" lon="-63.65394">
        <ele>15.3</ele>
      </trkpt>
      <trkpt lat="46.26196" lon="-63.6538">
        <ele>15.6</ele>
      </trkpt>
      <trkpt lat="46.26216" lon="-63.6537">
        <ele>15.9</ele>
      </trkpt>
      <trkpt lat="46.26319" lon="-63.65323">
        <ele>18.3</ele>
      </trkpt>
      <trkpt lat="46.26336" lon="-63.65315">
        <ele>18.9</ele>
      </trkpt>
      <trkpt lat="46.26376" lon="-63.65297">
        <ele>19.5</ele>
      </trkpt>
      <trkpt lat="46.26405" lon="-63.65282">
        <ele>19.9</ele>
      </trkpt>
      <trkpt lat="46.26422" lon="-63.65273">
        <ele>20.3</ele>
      </trkpt>
      <trkpt lat="46.26438" lon="-63.65264">
        <ele>21.0</ele>
      </trkpt>
      <trkpt lat="46.26473" lon="-63.65247">
        <ele>22.4</ele>
      </trkpt>
      <trkpt lat="46.2649" lon="-63.65239">
        <ele>23.1</ele>
      </trkpt>
      <trkpt lat="46.26507" lon="-63.65231">
        <ele>23.6</ele>
      </trkpt>
      <trkpt lat="46.26524" lon="-63.65223">
        <ele>23.9</ele>
      </trkpt>
      <trkpt lat="46.26558" lon="-63.65208">
        <ele>24.3</ele>
      </trkpt>
      <trkpt lat="46.26575" lon="-63.652">
        <ele>24.4</ele>
      </trkpt>
      <trkpt lat="46.2661" lon="-63.65185">
        <ele>24.0</ele>
      </trkpt>
      <trkpt lat="46.26627" lon="-63.65177">
        <ele>23.9</ele>
      </trkpt>
      <trkpt lat="46.26643" lon="-63.6517">
        <ele>24.0</ele>
      </trkpt>
      <trkpt lat="46.26692" lon="-63.6515">
        <ele>23.9</ele>
      </trkpt>
      <trkpt lat="46.26747" lon="-63.65137">
        <ele>24.4</ele>
      </trkpt>
      <trkpt lat="46.26755" lon="-63.65137">
        <ele>24.5</ele>
      </trkpt>
      <trkpt lat="46.26814" lon="-63.65132">
        <ele>25.4</ele>
      </trkpt>
      <trkpt lat="46.26861" lon="-63.65135">
        <ele>26.4</ele>
      </trkpt>
      <trkpt lat="46.26898" lon="-63.65143">
        <ele>27.2</ele>
      </trkpt>
      <trkpt lat="46.2691" lon="-63.65146">
        <ele>27.5</ele>
      </trkpt>
      <trkpt lat="46.26933" lon="-63.65155">
        <ele>28.4</ele>
      </trkpt>
      <trkpt lat="46.26951" lon="-63.65162">
        <ele>29.2</ele>
      </trkpt>
      <trkpt lat="46.26985" lon="-63.65177">
        <ele>31.1</ele>
      </trkpt>
      <trkpt lat="46.26988" lon="-63.65178">
        <ele>31.3</ele>
      </trkpt>
      <trkpt lat="46.27018" lon="-63.65196">
        <ele>32.3</ele>
      </trkpt>
      <trkpt lat="46.27034" lon="-63.65204">
        <ele>32.5</ele>
      </trkpt>
      <trkpt lat="46.27051" lon="-63.65218">
        <ele>32.3</ele>
      </trkpt>
      <trkpt lat="46.27067" lon="-63.65231">
        <ele>31.9</ele>
      </trkpt>
      <trkpt lat="46.2709" lon="-63.65249">
        <ele>31.2</ele>
      </trkpt>
      <trkpt lat="46.27098" lon="-63.65256">
        <ele>31.1</ele>
      </trkpt>
      <trkpt lat="46.27161" lon="-63.65305">
        <ele>30.3</ele>
      </trkpt>
      <trkpt lat="46.27177" lon="-63.65318">
        <ele>30.3</ele>
      </trkpt>
      <trkpt lat="46.27209" lon="-63.65343">
        <ele>31.2</ele>
      </trkpt>
      <trkpt lat="46.2724" lon="-63.65368">
        <ele>31.9</ele>
      </trkpt>
      <trkpt lat="46.27256" lon="-63.6538">
        <ele>32.0</ele>
      </trkpt>
      <trkpt lat="46.27261" lon="-63.65384">
        <ele>32.0</ele>
      </trkpt>
      <trkpt lat="46.27303" lon="-63.65418">
        <ele>32.5</ele>
      </trkpt>
      <trkpt lat="46.27319" lon="-63.6543">
        <ele>33.0</ele>
      </trkpt>
      <trkpt lat="46.27396" lon="-63.65491">
        <ele>33.6</ele>
      </trkpt>
      <trkpt lat="46.27398" lon="-63.65493">
        <ele>33.6</ele>
      </trkpt>
      <trkpt lat="46.2743" lon="-63.65517">
        <ele>33.6</ele>
      </trkpt>
      <trkpt lat="46.27467" lon="-63.65546">
        <ele>33.3</ele>
      </trkpt>
      <trkpt lat="46.27522" lon="-63.65582">
        <ele>33.8</ele>
      </trkpt>
      <trkpt lat="46.27545" lon="-63.65591">
        <ele>34.5</ele>
      </trkpt>
      <trkpt lat="46.27578" lon="-63.65604">
        <ele>35.3</ele>
      </trkpt>
      <trkpt lat="46.27633" lon="-63.65614">
        <ele>36.1</ele>
      </trkpt>
      <trkpt lat="46.27634" lon="-63.65615">
        <ele>36.1</ele>
      </trkpt>
      <trkpt lat="46.27641" lon="-63.65615">
        <ele>36.2</ele>
      </trkpt>
      <trkpt lat="46.27659" lon="-63.65616">
        <ele>36.5</ele>
      </trkpt>
      <trkpt lat="46.27669" lon="-63.65616">
        <ele>36.7</ele>
      </trkpt>
      <trkpt lat="46.27695" lon="-63.65617">
        <ele>37.8</ele>
      </trkpt>
      <trkpt lat="46.27705" lon="-63.65617">
        <ele>38.3</ele>
      </trkpt>
      <trkpt lat="46.27745" lon="-63.65619">
        <ele>40.1</ele>
      </trkpt>
      <trkpt lat="46.27749" lon="-63.65618">
        <ele>40.2</ele>
      </trkpt>
      <trkpt lat="46.27759" lon="-63.65615">
        <ele>40.4</ele>
      </trkpt>
      <trkpt lat="46.27766" lon="-63.65613">
        <ele>40.6</ele>
      </trkpt>
      <trkpt lat="46.27776" lon="-63.6561">
        <ele>40.8</ele>
      </trkpt>
      <trkpt lat="46.27784" lon="-63.65608">
        <ele>41.0</ele>
      </trkpt>
      <trkpt lat="46.27794" lon="-63.65605">
        <ele>41.2</ele>
      </trkpt>
      <trkpt lat="46.27802" lon="-63.65603">
        <ele>41.4</ele>
      </trkpt>
      <trkpt lat="46.27812" lon="-63.656">
        <ele>41.7</ele>
      </trkpt>
      <trkpt lat="46.27819" lon="-63.65598">
        <ele>41.9</ele>
      </trkpt>
      <trkpt lat="46.27851" lon="-63.65589">
        <ele>43.0</ele>
      </trkpt>
      <trkpt lat="46.27855" lon="-63.65587">
        <ele>43.1</ele>
      </trkpt>
      <trkpt lat="46.27864" lon="-63.65583">
        <ele>43.5</ele>
      </trkpt>
      <trkpt lat="46.27872" lon="-63.6558">
        <ele>43.8</ele>
      </trkpt>
      <trkpt lat="46.27881" lon="-63.65575">
        <ele>44.1</ele>
      </trkpt>
      <trkpt lat="46.27918" lon="-63.65559">
        <ele>45.2</ele>
      </trkpt>
      <trkpt lat="46.27923" lon="-63.65556">
        <ele>45.2</ele>
      </trkpt>
      <trkpt lat="46.27932" lon="-63.65549">
        <ele>45.2</ele>
      </trkpt>
      <trkpt lat="46.27939" lon="-63.65544">
        <ele>45.1</ele>
      </trkpt>
      <trkpt lat="46.27971" lon="-63.65521">
        <ele>44.7</ele>
      </trkpt>
      <trkpt lat="46.27983" lon="-63.65513">
        <ele>44.5</ele>
      </trkpt>
      <trkpt lat="46.27987" lon="-63.65509">
        <ele>44.4</ele>
      </trkpt>
      <trkpt lat="46.27995" lon="-63.65501">
        <ele>44.0</ele>
      </trkpt>
      <trkpt lat="46.28036" lon="-63.6546">
        <ele>45.2</ele>
      </trkpt>
      <trkpt lat="46.2804" lon="-63.65456">
        <ele>45.4</ele>
      </trkpt>
      <trkpt lat="46.28046" lon="-63.65448">
        <ele>45.6</ele>
      </trkpt>
      <trkpt lat="46.28059" lon="-63.65431">
        <ele>46.0</ele>
      </trkpt>
      <trkpt lat="46.28065" lon="-63.65419">
        <ele>46.1</ele>
      </trkpt>
      <trkpt lat="46.28137" lon="-63.6527">
        <ele>44.3</ele>
      </trkpt>
      <trkpt lat="46.28158" lon="-63.65227">
        <ele>44.0</ele>
      </trkpt>
      <trkpt lat="46.28229" lon="-63.65078">
        <ele>43.8</ele>
      </trkpt>
      <trkpt lat="46.28281" lon="-63.64971">
        <ele>44.1</ele>
      </trkpt>
      <trkpt lat="46.28332" lon="-63.64864">
        <ele>44.3</ele>
      </trkpt>
      <trkpt lat="46.28383" lon="-63.64758">
        <ele>43.1</ele>
      </trkpt>
      <trkpt lat="46.28394" lon="-63.64736">
        <ele>42.3</ele>
      </trkpt>
      <trkpt lat="46.28415" lon="-63.64693">
        <ele>41.1</ele>
      </trkpt>
      <trkpt lat="46.28454" lon="-63.64614">
        <ele>40.1</ele>
      </trkpt>
      <trkpt lat="46.28456" lon="-63.64609">
        <ele>40.1</ele>
      </trkpt>
      <trkpt lat="46.285" lon="-63.64521">
        <ele>39.0</ele>
      </trkpt>
      <trkpt lat="46.2855" lon="-63.64418">
        <ele>37.8</ele>
      </trkpt>
      <trkpt lat="46.28557" lon="-63.64405">
        <ele>37.6</ele>
      </trkpt>
      <trkpt lat="46.28592" lon="-63.64333">
        <ele>36.9</ele>
      </trkpt>
      <trkpt lat="46.28619" lon="-63.64279">
        <ele>37.1</ele>
      </trkpt>
      <trkpt lat="46.28651" lon="-63.64216">
        <ele>38.3</ele>
      </trkpt>
      <trkpt lat="46.28882" lon="-63.63816">
        <ele>40.6</ele>
      </trkpt>
      <trkpt lat="46.289" lon="-63.63779">
        <ele>40.9</ele>
      </trkpt>
      <trkpt lat="46.28965" lon="-63.63646">
        <ele>41.9</ele>
      </trkpt>
      <trkpt lat="46.28979" lon="-63.63619">
        <ele>41.6</ele>
      </trkpt>
      <trkpt lat="46.28986" lon="-63.63604">
        <ele>41.5</ele>
      </trkpt>
      <trkpt lat="46.29028" lon="-63.63519">
        <ele>40.0</ele>
      </trkpt>
      <trkpt lat="46.2905" lon="-63.63473">
        <ele>39.3</ele>
      </trkpt>
      <trkpt lat="46.29112" lon="-63.6335">
        <ele>38.1</ele>
      </trkpt>
      <trkpt lat="46.29136" lon="-63.63301">
        <ele>39.4</ele>
      </trkpt>
      <trkpt lat="46.29143" lon="-63.63286">
        <ele>39.9</ele>
      </trkpt>
      <trkpt lat="46.29206" lon="-63.63159">
        <ele>40.9</ele>
      </trkpt>
      <trkpt lat="46.29219" lon="-63.63133">
        <ele>41.3</ele>
      </trkpt>
      <trkpt lat="46.29237" lon="-63.63095">
        <ele>41.7</ele>
      </trkpt>
      <trkpt lat="46.29267" lon="-63.63031">
        <ele>42.5</ele>
      </trkpt>
      <trkpt lat="46.29302" lon="-63.62961">
        <ele>43.8</ele>
      </trkpt>
      <trkpt lat="46.29323" lon="-63.62918">
        <ele>45.1</ele>
      </trkpt>
      <trkpt lat="46.29333" lon="-63.62897">
        <ele>45.2</ele>
      </trkpt>
      <trkpt lat="46.29396" lon="-63.6277">
        <ele>43.7</ele>
      </trkpt>
      <trkpt lat="46.29438" lon="-63.62686">
        <ele>40.9</ele>
      </trkpt>
      <trkpt lat="46.29491" lon="-63.6258">
        <ele>40.2</ele>
      </trkpt>
      <trkpt lat="46.29532" lon="-63.62495">
        <ele>40.7</ele>
      </trkpt>
      <trkpt lat="46.29534" lon="-63.62492">
        <ele>40.7</ele>
      </trkpt>
      <trkpt lat="46.29553" lon="-63.62452">
        <ele>40.8</ele>
      </trkpt>
      <trkpt lat="46.29594" lon="-63.62367">
        <ele>39.9</ele>
      </trkpt>
      <trkpt lat="46.29605" lon="-63.62346">
        <ele>39.8</ele>
      </trkpt>
      <trkpt lat="46.29615" lon="-63.62324">
        <ele>39.7</ele>
      </trkpt>
      <trkpt lat="46.29625" lon="-63.62303">
        <ele>39.7</ele>
      </trkpt>
      <trkpt lat="46.29646" lon="-63.6226">
        <ele>39.5</ele>
      </trkpt>
      <trkpt lat="46.29666" lon="-63.62218">
        <ele>39.8</ele>
      </trkpt>
      <trkpt lat="46.29728" lon="-63.6209">
        <ele>41.6</ele>
      </trkpt>
      <trkpt lat="46.29749" lon="-63.62047">
        <ele>41.5</ele>
      </trkpt>
      <trkpt lat="46.2978" lon="-63.61983">
        <ele>41.7</ele>
      </trkpt>
      <trkpt lat="46.29793" lon="-63.61957">
        <ele>42.0</ele>
      </trkpt>
      <trkpt lat="46.29811" lon="-63.61919">
        <ele>42.5</ele>
      </trkpt>
      <trkpt lat="46.29821" lon="-63.61898">
        <ele>42.7</ele>
      </trkpt>
      <trkpt lat="46.29832" lon="-63.61877">
        <ele>43.0</ele>
      </trkpt>
      <trkpt lat="46.29842" lon="-63.61856">
        <ele>43.3</ele>
      </trkpt>
      <trkpt lat="46.29874" lon="-63.61792">
        <ele>44.2</ele>
      </trkpt>
      <trkpt lat="46.29894" lon="-63.6175">
        <ele>44.9</ele>
      </trkpt>
      <trkpt lat="46.29915" lon="-63.61707">
        <ele>45.9</ele>
      </trkpt>
      <trkpt lat="46.29926" lon="-63.61686">
        <ele>46.0</ele>
      </trkpt>
      <trkpt lat="46.29992" lon="-63.61551">
        <ele>45.4</ele>
      </trkpt>
      <trkpt lat="46.29999" lon="-63.61538">
        <ele>45.5</ele>
      </trkpt>
      <trkpt lat="46.30009" lon="-63.61516">
        <ele>46.2</ele>
      </trkpt>
      <trkpt lat="46.3002" lon="-63.61495">
        <ele>46.7</ele>
      </trkpt>
      <trkpt lat="46.30052" lon="-63.61432">
        <ele>47.9</ele>
      </trkpt>
      <trkpt lat="46.30073" lon="-63.6139">
        <ele>48.1</ele>
      </trkpt>
      <trkpt lat="46.30105" lon="-63.61327">
        <ele>47.1</ele>
      </trkpt>
      <trkpt lat="46.30125" lon="-63.61287">
        <ele>46.7</ele>
      </trkpt>
      <trkpt lat="46.30126" lon="-63.61285">
        <ele>46.6</ele>
      </trkpt>
      <trkpt lat="46.30136" lon="-63.61264">
        <ele>46.5</ele>
      </trkpt>
      <trkpt lat="46.30147" lon="-63.61243">
        <ele>46.3</ele>
      </trkpt>
      <trkpt lat="46.30177" lon="-63.61178">
        <ele>44.1</ele>
      </trkpt>
      <trkpt lat="46.30198" lon="-63.61136">
        <ele>42.7</ele>
      </trkpt>
      <trkpt lat="46.30241" lon="-63.61045">
        <ele>41.6</ele>
      </trkpt>
      <trkpt lat="46.30259" lon="-63.61007">
        <ele>42.0</ele>
      </trkpt>
      <trkpt lat="46.30269" lon="-63.60986">
        <ele>42.3</ele>
      </trkpt>
      <trkpt lat="46.30299" lon="-63.60923">
        <ele>42.4</ele>
      </trkpt>
      <trkpt lat="46.30299" lon="-63.6092">
        <ele>42.4</ele>
      </trkpt>
      <trkpt lat="46.3031" lon="-63.60871">
        <ele>42.4</ele>
      </trkpt>
      <trkpt lat="46.30322" lon="-63.60822">
        <ele>42.9</ele>
      </trkpt>
      <trkpt lat="46.30336" lon="-63.60759">
        <ele>43.8</ele>
      </trkpt>
      <trkpt lat="46.30341" lon="-63.6075">
        <ele>43.7</ele>
      </trkpt>
      <trkpt lat="46.30353" lon="-63.60729">
        <ele>42.8</ele>
      </trkpt>
      <trkpt lat="46.30364" lon="-63.60709">
        <ele>42.1</ele>
      </trkpt>
      <trkpt lat="46.30386" lon="-63.60668">
        <ele>40.8</ele>
      </trkpt>
      <trkpt lat="46.30406" lon="-63.6063">
        <ele>40.0</ele>
      </trkpt>
      <trkpt lat="46.3043" lon="-63.60585">
        <ele>38.4</ele>
      </trkpt>
      <trkpt lat="46.3044" lon="-63.60565">
        <ele>38.1</ele>
      </trkpt>
      <trkpt lat="46.30451" lon="-63.60544">
        <ele>37.9</ele>
      </trkpt>
      <trkpt lat="46.30473" lon="-63.60502">
        <ele>38.3</ele>
      </trkpt>
      <trkpt lat="46.30475" lon="-63.60498">
        <ele>38.4</ele>
      </trkpt>
      <trkpt lat="46.30486" lon="-63.60483">
        <ele>38.9</ele>
      </trkpt>
      <trkpt lat="46.30509" lon="-63.60452">
        <ele>39.7</ele>
      </trkpt>
      <trkpt lat="46.30537" lon="-63.6041">
        <ele>39.1</ele>
      </trkpt>
      <trkpt lat="46.30541" lon="-63.60404">
        <ele>38.9</ele>
      </trkpt>
      <trkpt lat="46.30572" lon="-63.6037">
        <ele>38.0</ele>
      </trkpt>
      <trkpt lat="46.30594" lon="-63.60348">
        <ele>37.7</ele>
      </trkpt>
      <trkpt lat="46.30627" lon="-63.60325">
        <ele>36.7</ele>
      </trkpt>
      <trkpt lat="46.3063" lon="-63.60322">
        <ele>36.6</ele>
      </trkpt>
      <trkpt lat="46.30708" lon="-63.60269">
        <ele>36.2</ele>
      </trkpt>
      <trkpt lat="46.30731" lon="-63.60254">
        <ele>36.3</ele>
      </trkpt>
      <trkpt lat="46.3074" lon="-63.60247">
        <ele>36.3</ele>
      </trkpt>
      <trkpt lat="46.30773" lon="-63.60225">
        <ele>36.5</ele>
      </trkpt>
      <trkpt lat="46.30789" lon="-63.60214">
        <ele>36.7</ele>
      </trkpt>
      <trkpt lat="46.30806" lon="-63.60204">
        <ele>36.9</ele>
      </trkpt>
      <trkpt lat="46.30871" lon="-63.6016">
        <ele>37.8</ele>
      </trkpt>
      <trkpt lat="46.30915" lon="-63.60131">
        <ele>38.5</ele>
      </trkpt>
      <trkpt lat="46.3092" lon="-63.60127">
        <ele>38.4</ele>
      </trkpt>
      <trkpt lat="46.30969" lon="-63.60095">
        <ele>37.2</ele>
      </trkpt>
      <trkpt lat="46.31002" lon="-63.60073">
        <ele>36.7</ele>
      </trkpt>
      <trkpt lat="46.31051" lon="-63.60041">
        <ele>34.8</ele>
      </trkpt>
      <trkpt lat="46.31118" lon="-63.59996">
        <ele>33.6</ele>
      </trkpt>
      <trkpt lat="46.31149" lon="-63.59975">
        <ele>33.2</ele>
      </trkpt>
      <trkpt lat="46.31197" lon="-63.5994">
        <ele>32.3</ele>
      </trkpt>
      <trkpt lat="46.31214" lon="-63.59929">
        <ele>31.9</ele>
      </trkpt>
      <trkpt lat="46.31273" lon="-63.59887">
        <ele>31.1</ele>
      </trkpt>
      <trkpt lat="46.31278" lon="-63.59884">
        <ele>31.1</ele>
      </trkpt>
      <trkpt lat="46.31311" lon="-63.59863">
        <ele>30.9</ele>
      </trkpt>
      <trkpt lat="46.31355" lon="-63.59835">
        <ele>31.5</ele>
      </trkpt>
      <trkpt lat="46.31412" lon="-63.59795">
        <ele>32.5</ele>
      </trkpt>
      <trkpt lat="46.31445" lon="-63.59768">
        <ele>32.0</ele>
      </trkpt>
      <trkpt lat="46.31474" lon="-63.59754">
        <ele>31.9</ele>
      </trkpt>
      <trkpt lat="46.31485" lon="-63.59749">
        <ele>32.0</ele>
      </trkpt>
      <trkpt lat="46.31492" lon="-63.59748">
        <ele>32.0</ele>
      </trkpt>
      <trkpt lat="46.31525" lon="-63.59741">
        <ele>31.7</ele>
      </trkpt>
      <trkpt lat="46.31558" lon="-63.59742">
        <ele>31.3</ele>
      </trkpt>
      <trkpt lat="46.31581" lon="-63.59745">
        <ele>31.0</ele>
      </trkpt>
      <trkpt lat="46.31592" lon="-63.59746">
        <ele>31.2</ele>
      </trkpt>
      <trkpt lat="46.31623" lon="-63.59757">
        <ele>31.9</ele>
      </trkpt>
      <trkpt lat="46.31651" lon="-63.59769">
        <ele>32.4</ele>
      </trkpt>
      <trkpt lat="46.31678" lon="-63.59787">
        <ele>32.9</ele>
      </trkpt>
      <trkpt lat="46.31683" lon="-63.59792">
        <ele>33.0</ele>
      </trkpt>
      <trkpt lat="46.31698" lon="-63.59807">
        <ele>33.5</ele>
      </trkpt>
      <trkpt lat="46.31714" lon="-63.59822">
        <ele>34.2</ele>
      </trkpt>
      <trkpt lat="46.31745" lon="-63.59859">
        <ele>36.0</ele>
      </trkpt>
      <trkpt lat="46.31779" lon="-63.59924">
        <ele>37.3</ele>
      </trkpt>
      <trkpt lat="46.31792" lon="-63.59961">
        <ele>37.5</ele>
      </trkpt>
      <trkpt lat="46.31796" lon="-63.59972">
        <ele>37.6</ele>
      </trkpt>
      <trkpt lat="46.31807" lon="-63.60034">
        <ele>37.9</ele>
      </trkpt>
      <trkpt lat="46.31823" lon="-63.60091">
        <ele>38.5</ele>
      </trkpt>
      <trkpt lat="46.31838" lon="-63.60129">
        <ele>39.2</ele>
      </trkpt>
      <trkpt lat="46.31851" lon="-63.6016">
        <ele>39.9</ele>
      </trkpt>
      <trkpt lat="46.31872" lon="-63.60202">
        <ele>40.4</ele>
      </trkpt>
      <trkpt lat="46.31894" lon="-63.6023">
        <ele>41.8</ele>
      </trkpt>
      <trkpt lat="46.31906" lon="-63.60246">
        <ele>43.0</ele>
      </trkpt>
      <trkpt lat="46.31945" lon="-63.60281">
        <ele>42.9</ele>
      </trkpt>
      <trkpt lat="46.31954" lon="-63.60287">
        <ele>42.8</ele>
      </trkpt>
      <trkpt lat="46.31986" lon="-63.60309">
        <ele>42.9</ele>
      </trkpt>
      <trkpt lat="46.3199" lon="-63.60311">
        <ele>43.0</ele>
      </trkpt>
      <trkpt lat="46.32017" lon="-63.6032">
        <ele>43.4</ele>
      </trkpt>
      <trkpt lat="46.32046" lon="-63.60322">
        <ele>43.7</ele>
      </trkpt>
      <trkpt lat="46.32093" lon="-63.60317">
        <ele>44.1</ele>
      </trkpt>
      <trkpt lat="46.32111" lon="-63.60313">
        <ele>44.0</ele>
      </trkpt>
      <trkpt lat="46.32125" lon="-63.6031">
        <ele>43.9</ele>
      </trkpt>
      <trkpt lat="46.32165" lon="-63.6029">
        <ele>44.0</ele>
      </trkpt>
      <trkpt lat="46.32179" lon="-63.60281">
        <ele>43.9</ele>
      </trkpt>
      <trkpt lat="46.32195" lon="-63.6027">
        <ele>43.6</ele>
      </trkpt>
      <trkpt lat="46.32202" lon="-63.60265">
        <ele>43.3</ele>
      </trkpt>
      <trkpt lat="46.32228" lon="-63.60249">
        <ele>42.1</ele>
      </trkpt>
      <trkpt lat="46.32245" lon="-63.6024">
        <ele>41.2</ele>
      </trkpt>
      <trkpt lat="46.32262" lon="-63.6023">
        <ele>41.3</ele>
      </trkpt>
      <trkpt lat="46.32265" lon="-63.60228">
        <ele>41.3</ele>
      </trkpt>
      <trkpt lat="46.32279" lon="-63.60223">
        <ele>41.6</ele>
      </trkpt>
      <trkpt lat="46.32293" lon="-63.60218">
        <ele>41.8</ele>
      </trkpt>
      <trkpt lat="46.32296" lon="-63.60217">
        <ele>41.9</ele>
      </trkpt>
      <trkpt lat="46.32327" lon="-63.602">
        <ele>42.3</ele>
      </trkpt>
      <trkpt lat="46.32361" lon="-63.60182">
        <ele>41.9</ele>
      </trkpt>
      <trkpt lat="46.32381" lon="-63.60172">
        <ele>41.5</ele>
      </trkpt>
      <trkpt lat="46.32394" lon="-63.60163">
        <ele>41.3</ele>
      </trkpt>
      <trkpt lat="46.32411" lon="-63.60153">
        <ele>41.1</ele>
      </trkpt>
      <trkpt lat="46.32427" lon="-63.60143">
        <ele>41.1</ele>
      </trkpt>
      <trkpt lat="46.32454" lon="-63.60126">
        <ele>41.2</ele>
      </trkpt>
      <trkpt lat="46.32489" lon="-63.60102">
        <ele>41.2</ele>
      </trkpt>
      <trkpt lat="46.32508" lon="-63.60085">
        <ele>41.1</ele>
      </trkpt>
      <trkpt lat="46.32523" lon="-63.6007">
        <ele>40.6</ele>
      </trkpt>
      <trkpt lat="46.32524" lon="-63.6007">
        <ele>40.6</ele>
      </trkpt>
      <trkpt lat="46.32574" lon="-63.60011">
        <ele>39.1</ele>
      </trkpt>
      <trkpt lat="46.32752" lon="-63.59778">
        <ele>38.1</ele>
      </trkpt>
      <trkpt lat="46.32779" lon="-63.59744">
        <ele>37.4</ele>
      </trkpt>
      <trkpt lat="46.32846" lon="-63.59657">
        <ele>33.0</ele>
      </trkpt>
      <trkpt lat="46.32913" lon="-63.5957">
        <ele>32.6</ele>
      </trkpt>
      <trkpt lat="46.32952" lon="-63.59518">
        <ele>32.8</ele>
      </trkpt>
      <trkpt lat="46.32966" lon="-63.59499">
        <ele>32.8</ele>
      </trkpt>
      <trkpt lat="46.32992" lon="-63.59464">
        <ele>33.7</ele>
      </trkpt>
      <trkpt lat="46.33019" lon="-63.59428">
        <ele>34.8</ele>
      </trkpt>
      <trkpt lat="46.33032" lon="-63.59411">
        <ele>35.0</ele>
      </trkpt>
      <trkpt lat="46.33058" lon="-63.59375">
        <ele>34.5</ele>
      </trkpt>
      <trkpt lat="46.33098" lon="-63.59322">
        <ele>32.9</ele>
      </trkpt>
      <trkpt lat="46.33127" lon="-63.59282">
        <ele>33.2</ele>
      </trkpt>
      <trkpt lat="46.33137" lon="-63.59268">
        <ele>33.3</ele>
      </trkpt>
      <trkpt lat="46.33161" lon="-63.59237">
        <ele>33.3</ele>
      </trkpt>
      <trkpt lat="46.33164" lon="-63.59233">
        <ele>33.2</ele>
      </trkpt>
      <trkpt lat="46.33186" lon="-63.59207">
        <ele>33.3</ele>
      </trkpt>
      <trkpt lat="46.33217" lon="-63.59175">
        <ele>33.8</ele>
      </trkpt>
      <trkpt lat="46.33243" lon="-63.5915">
        <ele>34.2</ele>
      </trkpt>
      <trkpt lat="46.33272" lon="-63.59123">
        <ele>34.9</ele>
      </trkpt>
      <trkpt lat="46.33282" lon="-63.59117">
        <ele>35.2</ele>
      </trkpt>
      <trkpt lat="46.33313" lon="-63.59098">
        <ele>36.2</ele>
      </trkpt>
      <trkpt lat="46.33316" lon="-63.59097">
        <ele>36.3</ele>
      </trkpt>
      <trkpt lat="46.33365" lon="-63.59066">
        <ele>37.1</ele>
      </trkpt>
      <trkpt lat="46.33398" lon="-63.59046">
        <ele>37.3</ele>
      </trkpt>
      <trkpt lat="46.33409" lon="-63.5904">
        <ele>37.5</ele>
      </trkpt>
      <trkpt lat="46.33448" lon="-63.59015">
        <ele>38.9</ele>
      </trkpt>
      <trkpt lat="46.33465" lon="-63.59005">
        <ele>39.6</ele>
      </trkpt>
      <trkpt lat="46.33498" lon="-63.58984">
        <ele>41.3</ele>
      </trkpt>
      <trkpt lat="46.33547" lon="-63.58953">
        <ele>42.7</ele>
      </trkpt>
      <trkpt lat="46.33596" lon="-63.58922">
        <ele>43.7</ele>
      </trkpt>
      <trkpt lat="46.3363" lon="-63.58901">
        <ele>43.1</ele>
      </trkpt>
      <trkpt lat="46.33662" lon="-63.5888">
        <ele>42.2</ele>
      </trkpt>
      <trkpt lat="46.33664" lon="-63.58879">
        <ele>42.1</ele>
      </trkpt>
      <trkpt lat="46.33711" lon="-63.58847">
        <ele>40.1</ele>
      </trkpt>
      <trkpt lat="46.33767" lon="-63.5881">
        <ele>37.7</ele>
      </trkpt>
      <trkpt lat="46.33793" lon="-63.58793">
        <ele>36.7</ele>
      </trkpt>
      <trkpt lat="46.33882" lon="-63.58737">
        <ele>34.9</ele>
      </trkpt>
      <trkpt lat="46.33908" lon="-63.5872">
        <ele>34.8</ele>
      </trkpt>
      <trkpt lat="46.33958" lon="-63.58688">
        <ele>35.1</ele>
      </trkpt>
      <trkpt lat="46.34004" lon="-63.58658">
        <ele>35.0</ele>
      </trkpt>
      <trkpt lat="46.34007" lon="-63.58656">
        <ele>35.1</ele>
      </trkpt>
      <trkpt lat="46.34023" lon="-63.58645">
        <ele>35.3</ele>
      </trkpt>
      <trkpt lat="46.34056" lon="-63.58624">
        <ele>35.7</ele>
      </trkpt>
      <trkpt lat="46.3409" lon="-63.58602">
        <ele>36.3</ele>
      </trkpt>
      <trkpt lat="46.34115" lon="-63.58588">
        <ele>37.5</ele>
      </trkpt>
      <trkpt lat="46.34131" lon="-63.58578">
        <ele>38.3</ele>
      </trkpt>
      <trkpt lat="46.34148" lon="-63.58568">
        <ele>39.2</ele>
      </trkpt>
      <trkpt lat="46.34187" lon="-63.58545">
        <ele>40.7</ele>
      </trkpt>
      <trkpt lat="46.34198" lon="-63.58538">
        <ele>41.0</ele>
      </trkpt>
      <trkpt lat="46.3423" lon="-63.58515">
        <ele>42.1</ele>
      </trkpt>
      <trkpt lat="46.34241" lon="-63.58507">
        <ele>42.6</ele>
      </trkpt>
      <trkpt lat="46.34276" lon="-63.58474">
        <ele>41.3</ele>
      </trkpt>
      <trkpt lat="46.34297" lon="-63.58454">
        <ele>40.3</ele>
      </trkpt>
      <trkpt lat="46.34348" lon="-63.58397">
        <ele>39.3</ele>
      </trkpt>
      <trkpt lat="46.34352" lon="-63.58392">
        <ele>39.4</ele>
      </trkpt>
      <trkpt lat="46.34401" lon="-63.58326">
        <ele>40.2</ele>
      </trkpt>
      <trkpt lat="46.34402" lon="-63.58325">
        <ele>40.2</ele>
      </trkpt>
      <trkpt lat="46.34436" lon="-63.58271">
        <ele>39.7</ele>
      </trkpt>
      <trkpt lat="46.34472" lon="-63.58207">
        <ele>40.0</ele>
      </trkpt>
      <trkpt lat="46.34482" lon="-63.58186">
        <ele>40.6</ele>
      </trkpt>
      <trkpt lat="46.34521" lon="-63.58102">
        <ele>41.7</ele>
      </trkpt>
      <trkpt lat="46.34561" lon="-63.58012">
        <ele>40.9</ele>
      </trkpt>
      <trkpt lat="46.3458" lon="-63.57968">
        <ele>40.6</ele>
      </trkpt>
      <trkpt lat="46.34591" lon="-63.57943">
        <ele>39.8</ele>
      </trkpt>
      <trkpt lat="46.34608" lon="-63.57901">
        <ele>38.3</ele>
      </trkpt>
      <trkpt lat="46.34627" lon="-63.57857">
        <ele>36.7</ele>
      </trkpt>
      <trkpt lat="46.34648" lon="-63.57806">
        <ele>35.3</ele>
      </trkpt>
      <trkpt lat="46.34693" lon="-63.57702">
        <ele>35.3</ele>
      </trkpt>
      <trkpt lat="46.34712" lon="-63.57658">
        <ele>35.5</ele>
      </trkpt>
      <trkpt lat="46.34718" lon="-63.57645">
        <ele>35.4</ele>
      </trkpt>
      <trkpt lat="46.3477" lon="-63.57525">
        <ele>34.7</ele>
      </trkpt>
      <trkpt lat="46.34779" lon="-63.57503">
        <ele>34.6</ele>
      </trkpt>
      <trkpt lat="46.34814" lon="-63.57423">
        <ele>34.1</ele>
      </trkpt>
      <trkpt lat="46.34846" lon="-63.57348">
        <ele>34.8</ele>
      </trkpt>
      <trkpt lat="46.34857" lon="-63.57321">
        <ele>34.8</ele>
      </trkpt>
      <trkpt lat="46.34894" lon="-63.57238">
        <ele>33.6</ele>
      </trkpt>
      <trkpt lat="46.34904" lon="-63.57215">
        <ele>33.4</ele>
      </trkpt>
      <trkpt lat="46.34915" lon="-63.57195">
        <ele>33.1</ele>
      </trkpt>
      <trkpt lat="46.3492" lon="-63.57185">
        <ele>32.8</ele>
      </trkpt>
      <trkpt lat="46.34926" lon="-63.57175">
        <ele>32.4</ele>
      </trkpt>
      <trkpt lat="46.34948" lon="-63.57133">
        <ele>30.7</ele>
      </trkpt>
      <trkpt lat="46.3497" lon="-63.57093">
        <ele>30.0</ele>
      </trkpt>
      <trkpt lat="46.34986" lon="-63.57064">
        <ele>30.3</ele>
      </trkpt>
      <trkpt lat="46.34993" lon="-63.57053">
        <ele>30.4</ele>
      </trkpt>
      <trkpt lat="46.35018" lon="-63.57015">
        <ele>30.6</ele>
      </trkpt>
      <trkpt lat="46.35079" lon="-63.56919">
        <ele>33.0</ele>
      </trkpt>
      <trkpt lat="46.35082" lon="-63.56914">
        <ele>33.1</ele>
      </trkpt>
      <trkpt lat="46.35126" lon="-63.5684">
        <ele>33.3</ele>
      </trkpt>
      <trkpt lat="46.35138" lon="-63.56821">
        <ele>33.2</ele>
      </trkpt>
      <trkpt lat="46.35208" lon="-63.56702">
        <ele>31.4</ele>
      </trkpt>
      <trkpt lat="46.35314" lon="-63.56525">
        <ele>29.1</ele>
      </trkpt>
      <trkpt lat="46.35348" lon="-63.56471">
        <ele>28.8</ele>
      </trkpt>
      <trkpt lat="46.35368" lon="-63.5644">
        <ele>29.0</ele>
      </trkpt>
      <trkpt lat="46.35431" lon="-63.56334">
        <ele>29.6</ele>
      </trkpt>
      <trkpt lat="46.35439" lon="-63.56322">
        <ele>29.9</ele>
      </trkpt>
      <trkpt lat="46.35491" lon="-63.56238">
        <ele>31.3</ele>
      </trkpt>
      <trkpt lat="46.35518" lon="-63.56196">
        <ele>29.8</ele>
      </trkpt>
      <trkpt lat="46.35539" lon="-63.56159">
        <ele>28.7</ele>
      </trkpt>
      <trkpt lat="46.35551" lon="-63.56139">
        <ele>28.1</ele>
      </trkpt>
      <trkpt lat="46.35586" lon="-63.5608">
        <ele>26.8</ele>
      </trkpt>
      <trkpt lat="46.35605" lon="-63.56047">
        <ele>25.3</ele>
      </trkpt>
      <trkpt lat="46.35621" lon="-63.56021">
        <ele>24.2</ele>
      </trkpt>
      <trkpt lat="46.35633" lon="-63.56002">
        <ele>23.4</ele>
      </trkpt>
      <trkpt lat="46.35646" lon="-63.55983">
        <ele>22.8</ele>
      </trkpt>
      <trkpt lat="46.35656" lon="-63.55967">
        <ele>22.7</ele>
      </trkpt>
      <trkpt lat="46.35697" lon="-63.5591">
        <ele>24.8</ele>
      </trkpt>
      <trkpt lat="46.3571" lon="-63.55892">
        <ele>25.5</ele>
      </trkpt>
      <trkpt lat="46.35739" lon="-63.55861">
        <ele>27.0</ele>
      </trkpt>
      <trkpt lat="46.35767" lon="-63.55831">
        <ele>28.0</ele>
      </trkpt>
      <trkpt lat="46.35768" lon="-63.5583">
        <ele>28.0</ele>
      </trkpt>
      <trkpt lat="46.35798" lon="-63.55801">
        <ele>28.4</ele>
      </trkpt>
      <trkpt lat="46.35853" lon="-63.55751">
        <ele>29.2</ele>
      </trkpt>
      <trkpt lat="46.35859" lon="-63.55746">
        <ele>29.3</ele>
      </trkpt>
      <trkpt lat="46.35905" lon="-63.55699">
        <ele>30.8</ele>
      </trkpt>
      <trkpt lat="46.35933" lon="-63.55672">
        <ele>31.5</ele>
      </trkpt>
      <trkpt lat="46.35978" lon="-63.55628">
        <ele>31.8</ele>
      </trkpt>
      <trkpt lat="46.35993" lon="-63.55614">
        <ele>32.0</ele>
      </trkpt>
      <trkpt lat="46.3602" lon="-63.55587">
        <ele>31.9</ele>
      </trkpt>
      <trkpt lat="46.36033" lon="-63.55575">
        <ele>31.8</ele>
      </trkpt>
      <trkpt lat="46.36068" lon="-63.55542">
        <ele>32.0</ele>
      </trkpt>
      <trkpt lat="46.36111" lon="-63.55504">
        <ele>32.8</ele>
      </trkpt>
      <trkpt lat="46.36129" lon="-63.55486">
        <ele>32.4</ele>
      </trkpt>
      <trkpt lat="46.36146" lon="-63.55469">
        <ele>31.8</ele>
      </trkpt>
      <trkpt lat="46.3616" lon="-63.55452">
        <ele>31.3</ele>
      </trkpt>
      <trkpt lat="46.36174" lon="-63.55432">
        <ele>30.8</ele>
      </trkpt>
      <trkpt lat="46.3618" lon="-63.55422">
        <ele>30.7</ele>
      </trkpt>
      <trkpt lat="46.36187" lon="-63.5541">
        <ele>30.7</ele>
      </trkpt>
      <trkpt lat="46.36199" lon="-63.55385">
        <ele>31.1</ele>
      </trkpt>
      <trkpt lat="46.36213" lon="-63.55357">
        <ele>31.7</ele>
      </trkpt>
      <trkpt lat="46.36224" lon="-63.55314">
        <ele>33.2</ele>
      </trkpt>
      <trkpt lat="46.3623" lon="-63.55286">
        <ele>34.5</ele>
      </trkpt>
      <trkpt lat="46.36233" lon="-63.5527">
        <ele>35.2</ele>
      </trkpt>
      <trkpt lat="46.36238" lon="-63.55232">
        <ele>36.6</ele>
      </trkpt>
      <trkpt lat="46.36238" lon="-63.552">
        <ele>37.3</ele>
      </trkpt>
      <trkpt lat="46.36238" lon="-63.55176">
        <ele>37.9</ele>
      </trkpt>
      <trkpt lat="46.36229" lon="-63.5514">
        <ele>38.0</ele>
      </trkpt>
      <trkpt lat="46.36222" lon="-63.55101">
        <ele>37.5</ele>
      </trkpt>
      <trkpt lat="46.36219" lon="-63.55085">
        <ele>37.3</ele>
      </trkpt>
      <trkpt lat="46.36218" lon="-63.55076">
        <ele>37.1</ele>
      </trkpt>
      <trkpt lat="46.36212" lon="-63.55025">
        <ele>36.0</ele>
      </trkpt>
      <trkpt lat="46.36211" lon="-63.55022">
        <ele>35.9</ele>
      </trkpt>
      <trkpt lat="46.36204" lon="-63.54974">
        <ele>35.0</ele>
      </trkpt>
      <trkpt lat="46.36201" lon="-63.5495">
        <ele>34.5</ele>
      </trkpt>
      <trkpt lat="46.36195" lon="-63.54924">
        <ele>33.8</ele>
      </trkpt>
      <trkpt lat="46.3618" lon="-63.54857">
        <ele>34.0</ele>
      </trkpt>
      <trkpt lat="46.36154" lon="-63.54751">
        <ele>36.2</ele>
      </trkpt>
      <trkpt lat="46.36142" lon="-63.547">
        <ele>37.2</ele>
      </trkpt>
      <trkpt lat="46.36125" lon="-63.54627">
        <ele>37.2</ele>
      </trkpt>
      <trkpt lat="46.3612" lon="-63.54603">
        <ele>37.2</ele>
      </trkpt>
      <trkpt lat="46.36114" lon="-63.54578">
        <ele>37.0</ele>
      </trkpt>
      <trkpt lat="46.36107" lon="-63.54546">
        <ele>36.8</ele>
      </trkpt>
      <trkpt lat="46.36095" lon="-63.54499">
        <ele>36.7</ele>
      </trkpt>
      <trkpt lat="46.36088" lon="-63.54475">
        <ele>37.2</ele>
      </trkpt>
      <trkpt lat="46.36072" lon="-63.54415">
        <ele>38.3</ele>
      </trkpt>
      <trkpt lat="46.36059" lon="-63.5438">
        <ele>37.7</ele>
      </trkpt>
      <trkpt lat="46.36056" lon="-63.54373">
        <ele>37.5</ele>
      </trkpt>
      <trkpt lat="46.36039" lon="-63.54338">
        <ele>36.3</ele>
      </trkpt>
      <trkpt lat="46.36016" lon="-63.54301">
        <ele>35.4</ele>
      </trkpt>
      <trkpt lat="46.36014" lon="-63.54298">
        <ele>35.3</ele>
      </trkpt>
      <trkpt lat="46.3599" lon="-63.54264">
        <ele>35.3</ele>
      </trkpt>
      <trkpt lat="46.35988" lon="-63.54262">
        <ele>35.4</ele>
      </trkpt>
      <trkpt lat="46.35959" lon="-63.54229">
        <ele>35.9</ele>
      </trkpt>
      <trkpt lat="46.35944" lon="-63.54217">
        <ele>35.7</ele>
      </trkpt>
      <trkpt lat="46.35925" lon="-63.54201">
        <ele>35.3</ele>
      </trkpt>
      <trkpt lat="46.35895" lon="-63.54184">
        <ele>34.7</ele>
      </trkpt>
      <trkpt lat="46.35887" lon="-63.54179">
        <ele>34.6</ele>
      </trkpt>
      <trkpt lat="46.35878" lon="-63.54176">
        <ele>34.5</ele>
      </trkpt>
      <trkpt lat="46.35844" lon="-63.54162">
        <ele>34.2</ele>
      </trkpt>
      <trkpt lat="46.35842" lon="-63.54161">
        <ele>34.2</ele>
      </trkpt>
      <trkpt lat="46.35787" lon="-63.54138">
        <ele>35.3</ele>
      </trkpt>
      <trkpt lat="46.35743" lon="-63.54114">
        <ele>36.9</ele>
      </trkpt>
      <trkpt lat="46.3571" lon="-63.54095">
        <ele>37.6</ele>
      </trkpt>
      <trkpt lat="46.35692" lon="-63.54081">
        <ele>38.1</ele>
      </trkpt>
      <trkpt lat="46.35687" lon="-63.54077">
        <ele>38.2</ele>
      </trkpt>
      <trkpt lat="46.35664" lon="-63.54051">
        <ele>38.6</ele>
      </trkpt>
      <trkpt lat="46.35637" lon="-63.54014">
        <ele>37.5</ele>
      </trkpt>
      <trkpt lat="46.35627" lon="-63.53993">
        <ele>37.3</ele>
      </trkpt>
      <trkpt lat="46.3562" lon="-63.5398">
        <ele>37.0</ele>
      </trkpt>
      <trkpt lat="46.35611" lon="-63.53951">
        <ele>37.0</ele>
      </trkpt>
      <trkpt lat="46.35602" lon="-63.53918">
        <ele>37.1</ele>
      </trkpt>
      <trkpt lat="46.35599" lon="-63.53898">
        <ele>37.3</ele>
      </trkpt>
      <trkpt lat="46.35597" lon="-63.5388">
        <ele>37.6</ele>
      </trkpt>
      <trkpt lat="46.35596" lon="-63.53872">
        <ele>37.8</ele>
      </trkpt>
      <trkpt lat="46.35593" lon="-63.53822">
        <ele>38.3</ele>
      </trkpt>
      <trkpt lat="46.35594" lon="-63.53794">
        <ele>38.0</ele>
      </trkpt>
      <trkpt lat="46.35596" lon="-63.53742">
        <ele>37.6</ele>
      </trkpt>
      <trkpt lat="46.35598" lon="-63.53685">
        <ele>37.7</ele>
      </trkpt>
      <trkpt lat="46.35606" lon="-63.53534">
        <ele>40.1</ele>
      </trkpt>
      <trkpt lat="46.35607" lon="-63.53521">
        <ele>40.3</ele>
      </trkpt>
      <trkpt lat="46.3561" lon="-63.53482">
        <ele>40.7</ele>
      </trkpt>
      <trkpt lat="46.35613" lon="-63.53431">
        <ele>40.3</ele>
      </trkpt>
      <trkpt lat="46.35615" lon="-63.53409">
        <ele>40.0</ele>
      </trkpt>
      <trkpt lat="46.35618" lon="-63.53353">
        <ele>38.3</ele>
      </trkpt>
      <trkpt lat="46.3562" lon="-63.53322">
        <ele>37.9</ele>
      </trkpt>
      <trkpt lat="46.35634" lon="-63.53205">
        <ele>38.2</ele>
      </trkpt>
      <trkpt lat="46.35638" lon="-63.53173">
        <ele>37.5</ele>
      </trkpt>
      <trkpt lat="46.35648" lon="-63.53108">
        <ele>36.8</ele>
      </trkpt>
      <trkpt lat="46.35657" lon="-63.53045">
        <ele>37.7</ele>
      </trkpt>
      <trkpt lat="46.35668" lon="-63.52965">
        <ele>39.4</ele>
      </trkpt>
      <trkpt lat="46.35678" lon="-63.52892">
        <ele>40.6</ele>
      </trkpt>
      <trkpt lat="46.35689" lon="-63.52815">
        <ele>41.4</ele>
      </trkpt>
      <trkpt lat="46.3569" lon="-63.52813">
        <ele>41.4</ele>
      </trkpt>
      <trkpt lat="46.35696" lon="-63.52764">
        <ele>41.0</ele>
      </trkpt>
      <trkpt lat="46.35712" lon="-63.52648">
        <ele>39.6</ele>
      </trkpt>
      <trkpt lat="46.35722" lon="-63.52559">
        <ele>39.2</ele>
      </trkpt>
      <trkpt lat="46.35729" lon="-63.52501">
        <ele>38.3</ele>
      </trkpt>
      <trkpt lat="46.35746" lon="-63.5238">
        <ele>37.0</ele>
      </trkpt>
      <trkpt lat="46.35749" lon="-63.52355">
        <ele>36.5</ele>
      </trkpt>
      <trkpt lat="46.35753" lon="-63.52329">
        <ele>36.2</ele>
      </trkpt>
      <trkpt lat="46.35755" lon="-63.52313">
        <ele>36.4</ele>
      </trkpt>
      <trkpt lat="46.35756" lon="-63.52303">
        <ele>36.5</ele>
      </trkpt>
      <trkpt lat="46.35764" lon="-63.52253">
        <ele>37.1</ele>
      </trkpt>
      <trkpt lat="46.35768" lon="-63.52227">
        <ele>37.2</ele>
      </trkpt>
      <trkpt lat="46.35779" lon="-63.5215">
        <ele>36.8</ele>
      </trkpt>
      <trkpt lat="46.35782" lon="-63.52125">
        <ele>36.5</ele>
      </trkpt>
      <trkpt lat="46.35788" lon="-63.52081">
        <ele>36.0</ele>
      </trkpt>
      <trkpt lat="46.35788" lon="-63.52074">
        <ele>35.9</ele>
      </trkpt>
      <trkpt lat="46.35793" lon="-63.52022">
        <ele>35.3</ele>
      </trkpt>
      <trkpt lat="46.35797" lon="-63.51981">
        <ele>35.6</ele>
      </trkpt>
      <trkpt lat="46.35799" lon="-63.51944">
        <ele>36.7</ele>
      </trkpt>
      <trkpt lat="46.35799" lon="-63.51918">
        <ele>37.5</ele>
      </trkpt>
      <trkpt lat="46.35801" lon="-63.51875">
        <ele>38.0</ele>
      </trkpt>
      <trkpt lat="46.358" lon="-63.51817">
        <ele>38.9</ele>
      </trkpt>
      <trkpt lat="46.358" lon="-63.51814">
        <ele>39.0</ele>
      </trkpt>
      <trkpt lat="46.35794" lon="-63.51747">
        <ele>40.7</ele>
      </trkpt>
      <trkpt lat="46.35789" lon="-63.51711">
        <ele>41.7</ele>
      </trkpt>
      <trkpt lat="46.35776" lon="-63.51608">
        <ele>42.1</ele>
      </trkpt>
      <trkpt lat="46.35774" lon="-63.51593">
        <ele>41.8</ele>
      </trkpt>
      <trkpt lat="46.35763" lon="-63.51506">
        <ele>40.9</ele>
      </trkpt>
      <trkpt lat="46.35753" lon="-63.51424">
        <ele>42.1</ele>
      </trkpt>
      <trkpt lat="46.35742" lon="-63.51353">
        <ele>41.7</ele>
      </trkpt>
      <trkpt lat="46.35734" lon="-63.51302">
        <ele>41.7</ele>
      </trkpt>
      <trkpt lat="46.35728" lon="-63.51259">
        <ele>41.9</ele>
      </trkpt>
      <trkpt lat="46.35721" lon="-63.51199">
        <ele>40.2</ele>
      </trkpt>
      <trkpt lat="46.35718" lon="-63.51174">
        <ele>39.4</ele>
      </trkpt>
      <trkpt lat="46.35718" lon="-63.51172">
        <ele>39.4</ele>
      </trkpt>
      <trkpt lat="46.35715" lon="-63.51108">
        <ele>38.5</ele>
      </trkpt>
      <trkpt lat="46.35715" lon="-63.51095">
        <ele>38.3</ele>
      </trkpt>
      <trkpt lat="46.35716" lon="-63.51038">
        <ele>38.1</ele>
      </trkpt>
      <trkpt lat="46.35718" lon="-63.5097">
        <ele>37.6</ele>
      </trkpt>
      <trkpt lat="46.35725" lon="-63.50907">
        <ele>36.6</ele>
      </trkpt>
      <trkpt lat="46.35737" lon="-63.50832">
        <ele>36.5</ele>
      </trkpt>
      <trkpt lat="46.3574" lon="-63.50812">
        <ele>36.3</ele>
      </trkpt>
      <trkpt lat="46.35748" lon="-63.5076">
        <ele>35.3</ele>
      </trkpt>
      <trkpt lat="46.35751" lon="-63.50709">
        <ele>35.6</ele>
      </trkpt>
      <trkpt lat="46.35753" lon="-63.50692">
        <ele>35.9</ele>
      </trkpt>
      <trkpt lat="46.35753" lon="-63.50657">
        <ele>36.1</ele>
      </trkpt>
      <trkpt lat="46.35753" lon="-63.50632">
        <ele>35.8</ele>
      </trkpt>
      <trkpt lat="46.35755" lon="-63.50605">
        <ele>35.6</ele>
      </trkpt>
      <trkpt lat="46.35758" lon="-63.5054">
        <ele>35.5</ele>
      </trkpt>
      <trkpt lat="46.3576" lon="-63.50449">
        <ele>36.2</ele>
      </trkpt>
      <trkpt lat="46.3576" lon="-63.50431">
        <ele>36.3</ele>
      </trkpt>
      <trkpt lat="46.35755" lon="-63.50358">
        <ele>37.7</ele>
      </trkpt>
      <trkpt lat="46.35746" lon="-63.5028">
        <ele>38.5</ele>
      </trkpt>
      <trkpt lat="46.35743" lon="-63.50242">
        <ele>38.8</ele>
      </trkpt>
      <trkpt lat="46.3574" lon="-63.50217">
        <ele>39.0</ele>
      </trkpt>
      <trkpt lat="46.35738" lon="-63.50191">
        <ele>39.3</ele>
      </trkpt>
      <trkpt lat="46.35736" lon="-63.50177">
        <ele>39.4</ele>
      </trkpt>
      <trkpt lat="46.35732" lon="-63.50108">
        <ele>39.7</ele>
      </trkpt>
      <trkpt lat="46.35732" lon="-63.5009">
        <ele>39.7</ele>
      </trkpt>
      <trkpt lat="46.35731" lon="-63.50064">
        <ele>39.8</ele>
      </trkpt>
      <trkpt lat="46.35731" lon="-63.50038">
        <ele>39.9</ele>
      </trkpt>
      <trkpt lat="46.3573" lon="-63.50018">
        <ele>39.9</ele>
      </trkpt>
      <trkpt lat="46.35733" lon="-63.49986">
        <ele>40.2</ele>
      </trkpt>
      <trkpt lat="46.35735" lon="-63.4996">
        <ele>40.5</ele>
      </trkpt>
      <trkpt lat="46.35737" lon="-63.49933">
        <ele>41.0</ele>
      </trkpt>
      <trkpt lat="46.35748" lon="-63.49857">
        <ele>42.6</ele>
      </trkpt>
      <trkpt lat="46.35753" lon="-63.49833">
        <ele>43.0</ele>
      </trkpt>
      <trkpt lat="46.35764" lon="-63.49779">
        <ele>42.5</ele>
      </trkpt>
      <trkpt lat="46.35766" lon="-63.49771">
        <ele>42.4</ele>
      </trkpt>
      <trkpt lat="46.35773" lon="-63.49747">
        <ele>42.2</ele>
      </trkpt>
      <trkpt lat="46.35781" lon="-63.49723">
        <ele>41.8</ele>
      </trkpt>
      <trkpt lat="46.35785" lon="-63.49709">
        <ele>41.6</ele>
      </trkpt>
      <trkpt lat="46.35802" lon="-63.49652">
        <ele>41.3</ele>
      </trkpt>
      <trkpt lat="46.3581" lon="-63.49628">
        <ele>41.4</ele>
      </trkpt>
      <trkpt lat="46.35811" lon="-63.49623">
        <ele>41.4</ele>
      </trkpt>
      <trkpt lat="46.35834" lon="-63.49558">
        <ele>41.4</ele>
      </trkpt>
      <trkpt lat="46.35837" lon="-63.49551">
        <ele>41.5</ele>
      </trkpt>
      <trkpt lat="46.3584" lon="-63.49533">
        <ele>41.3</ele>
      </trkpt>
      <trkpt lat="46.35849" lon="-63.49483">
        <ele>41.3</ele>
      </trkpt>
      <trkpt lat="46.35848" lon="-63.49431">
        <ele>41.2</ele>
      </trkpt>
      <trkpt lat="46.35848" lon="-63.49414">
        <ele>41.2</ele>
      </trkpt>
      <trkpt lat="46.3584" lon="-63.49369">
        <ele>40.5</ele>
      </trkpt>
      <trkpt lat="46.35835" lon="-63.49356">
        <ele>40.1</ele>
      </trkpt>
      <trkpt lat="46.35829" lon="-63.49336">
        <ele>39.9</ele>
      </trkpt>
      <trkpt lat="46.35819" lon="-63.4931">
        <ele>39.5</ele>
      </trkpt>
      <trkpt lat="46.35814" lon="-63.493">
        <ele>39.4</ele>
      </trkpt>
      <trkpt lat="46.35795" lon="-63.49271">
        <ele>38.8</ele>
      </trkpt>
      <trkpt lat="46.35791" lon="-63.49264">
        <ele>38.7</ele>
      </trkpt>
      <trkpt lat="46.35765" lon="-63.49239">
        <ele>39.0</ele>
      </trkpt>
      <trkpt lat="46.35751" lon="-63.49226">
        <ele>39.7</ele>
      </trkpt>
      <trkpt lat="46.35714" lon="-63.49194">
        <ele>41.6</ele>
      </trkpt>
      <trkpt lat="46.35691" lon="-63.49169">
        <ele>42.5</ele>
      </trkpt>
      <trkpt lat="46.35678" lon="-63.49156">
        <ele>43.0</ele>
      </trkpt>
      <trkpt lat="46.35664" lon="-63.49134">
        <ele>44.0</ele>
      </trkpt>
      <trkpt lat="46.35656" lon="-63.49122">
        <ele>44.9</ele>
      </trkpt>
      <trkpt lat="46.35642" lon="-63.49088">
        <ele>47.0</ele>
      </trkpt>
      <trkpt lat="46.35636" lon="-63.49068">
        <ele>47.5</ele>
      </trkpt>
      <trkpt lat="46.35631" lon="-63.49051">
        <ele>47.5</ele>
      </trkpt>
      <trkpt lat="46.35629" lon="-63.49044">
        <ele>47.5</ele>
      </trkpt>
      <trkpt lat="46.35625" lon="-63.49019">
        <ele>47.5</ele>
      </trkpt>
      <trkpt lat="46.35624" lon="-63.49015">
        <ele>47.5</ele>
      </trkpt>
      <trkpt lat="46.35623" lon="-63.48993">
        <ele>47.4</ele>
      </trkpt>
      <trkpt lat="46.35623" lon="-63.48974">
        <ele>47.2</ele>
      </trkpt>
      <trkpt lat="46.35625" lon="-63.48926">
        <ele>47.1</ele>
      </trkpt>
      <trkpt lat="46.35627" lon="-63.48915">
        <ele>47.1</ele>
      </trkpt>
      <trkpt lat="46.35631" lon="-63.48888">
        <ele>46.6</ele>
      </trkpt>
      <trkpt lat="46.35637" lon="-63.48865">
        <ele>46.6</ele>
      </trkpt>
      <trkpt lat="46.35639" lon="-63.48853">
        <ele>46.5</ele>
      </trkpt>
      <trkpt lat="46.35649" lon="-63.48811">
        <ele>45.9</ele>
      </trkpt>
      <trkpt lat="46.35661" lon="-63.48772">
        <ele>44.3</ele>
      </trkpt>
      <trkpt lat="46.35684" lon="-63.48709">
        <ele>42.4</ele>
      </trkpt>
      <trkpt lat="46.35708" lon="-63.48656">
        <ele>41.9</ele>
      </trkpt>
      <trkpt lat="46.35712" lon="-63.48647">
        <ele>41.9</ele>
      </trkpt>
      <trkpt lat="46.35739" lon="-63.48597">
        <ele>42.0</ele>
      </trkpt>
      <trkpt lat="46.35741" lon="-63.48594">
        <ele>42.0</ele>
      </trkpt>
      <trkpt lat="46.35776" lon="-63.48543">
        <ele>42.4</ele>
      </trkpt>
      <trkpt lat="46.35779" lon="-63.48538">
        <ele>42.5</ele>
      </trkpt>
      <trkpt lat="46.35814" lon="-63.48495">
        <ele>43.0</ele>
      </trkpt>
      <trkpt lat="46.3582" lon="-63.48489">
        <ele>43.1</ele>
      </trkpt>
      <trkpt lat="46.35849" lon="-63.48459">
        <ele>43.6</ele>
      </trkpt>
      <trkpt lat="46.3585" lon="-63.48458">
        <ele>43.6</ele>
      </trkpt>
      <trkpt lat="46.35891" lon="-63.48416">
        <ele>43.7</ele>
      </trkpt>
      <trkpt lat="46.35965" lon="-63.48336">
        <ele>44.6</ele>
      </trkpt>
      <trkpt lat="46.3598" lon="-63.4832">
        <ele>45.4</ele>
      </trkpt>
      <trkpt lat="46.35994" lon="-63.48305">
        <ele>46.0</ele>
      </trkpt>
      <trkpt lat="46.36002" lon="-63.48297">
        <ele>46.3</ele>
      </trkpt>
      <trkpt lat="46.36037" lon="-63.48258">
        <ele>47.5</ele>
      </trkpt>
      <trkpt lat="46.36038" lon="-63.48257">
        <ele>47.5</ele>
      </trkpt>
      <trkpt lat="46.36079" lon="-63.48212">
        <ele>48.9</ele>
      </trkpt>
      <trkpt lat="46.36094" lon="-63.48194">
        <ele>49.0</ele>
      </trkpt>
      <trkpt lat="46.36108" lon="-63.48178">
        <ele>48.7</ele>
      </trkpt>
      <trkpt lat="46.36122" lon="-63.48162">
        <ele>48.6</ele>
      </trkpt>
      <trkpt lat="46.36139" lon="-63.48142">
        <ele>49.2</ele>
      </trkpt>
      <trkpt lat="46.36179" lon="-63.48097">
        <ele>50.2</ele>
      </trkpt>
      <trkpt lat="46.36183" lon="-63.48093">
        <ele>50.4</ele>
      </trkpt>
      <trkpt lat="46.36216" lon="-63.48046">
        <ele>51.2</ele>
      </trkpt>
      <trkpt lat="46.36229" lon="-63.48023">
        <ele>51.5</ele>
      </trkpt>
      <trkpt lat="46.3624" lon="-63.48002">
        <ele>51.8</ele>
      </trkpt>
      <trkpt lat="46.36246" lon="-63.47993">
        <ele>51.7</ele>
      </trkpt>
      <trkpt lat="46.36262" lon="-63.4796">
        <ele>50.8</ele>
      </trkpt>
      <trkpt lat="46.36272" lon="-63.47938">
        <ele>50.2</ele>
      </trkpt>
      <trkpt lat="46.36293" lon="-63.47883">
        <ele>49.0</ele>
      </trkpt>
      <trkpt lat="46.36297" lon="-63.4787">
        <ele>48.7</ele>
      </trkpt>
      <trkpt lat="46.36314" lon="-63.47821">
        <ele>47.8</ele>
      </trkpt>
      <trkpt lat="46.36333" lon="-63.47729">
        <ele>47.5</ele>
      </trkpt>
      <trkpt lat="46.36339" lon="-63.47683">
        <ele>48.7</ele>
      </trkpt>
      <trkpt lat="46.36342" lon="-63.47655">
        <ele>49.3</ele>
      </trkpt>
      <trkpt lat="46.36344" lon="-63.47606">
        <ele>50.0</ele>
      </trkpt>
      <trkpt lat="46.36346" lon="-63.47549">
        <ele>49.6</ele>
      </trkpt>
      <trkpt lat="46.36346" lon="-63.47545">
        <ele>49.5</ele>
      </trkpt>
      <trkpt lat="46.36348" lon="-63.47545">
        <ele>49.6</ele>
      </trkpt>
      <trkpt lat="46.36348" lon="-63.47421">
        <ele>49.3</ele>
      </trkpt>
      <trkpt lat="46.36348" lon="-63.47297">
        <ele>51.9</ele>
      </trkpt>
      <trkpt lat="46.36348" lon="-63.47173">
        <ele>51.2</ele>
      </trkpt>
      <trkpt lat="46.36349" lon="-63.47049">
        <ele>51.3</ele>
      </trkpt>
      <trkpt lat="46.36349" lon="-63.46925">
        <ele>51.2</ele>
      </trkpt>
      <trkpt lat="46.3635" lon="-63.46877">
        <ele>52.2</ele>
      </trkpt>
      <trkpt lat="46.36352" lon="-63.46833">
        <ele>53.2</ele>
      </trkpt>
      <trkpt lat="46.36357" lon="-63.46784">
        <ele>52.4</ele>
      </trkpt>
      <trkpt lat="46.36366" lon="-63.46736">
        <ele>51.9</ele>
      </trkpt>
      <trkpt lat="46.36379" lon="-63.46679">
        <ele>51.4</ele>
      </trkpt>
      <trkpt lat="46.36403" lon="-63.4659">
        <ele>52.5</ele>
      </trkpt>
      <trkpt lat="46.36428" lon="-63.46501">
        <ele>53.3</ele>
      </trkpt>
      <trkpt lat="46.36452" lon="-63.46412">
        <ele>51.3</ele>
      </trkpt>
      <trkpt lat="46.36481" lon="-63.46293">
        <ele>54.5</ele>
      </trkpt>
      <trkpt lat="46.36488" lon="-63.46243">
        <ele>55.8</ele>
      </trkpt>
      <trkpt lat="46.36492" lon="-63.46176">
        <ele>56.2</ele>
      </trkpt>
      <trkpt lat="46.36491" lon="-63.4611">
        <ele>55.1</ele>
      </trkpt>
      <trkpt lat="46.36484" lon="-63.45997">
        <ele>53.1</ele>
      </trkpt>
      <trkpt lat="46.36477" lon="-63.45883">
        <ele>55.5</ele>
      </trkpt>
      <trkpt lat="46.3647" lon="-63.4577">
        <ele>59.3</ele>
      </trkpt>
      <trkpt lat="46.36464" lon="-63.45732">
        <ele>59.9</ele>
      </trkpt>
      <trkpt lat="46.36451" lon="-63.45684">
        <ele>59.5</ele>
      </trkpt>
      <trkpt lat="46.36433" lon="-63.45639">
        <ele>60.0</ele>
      </trkpt>
      <trkpt lat="46.36408" lon="-63.45604">
        <ele>60.2</ele>
      </trkpt>
      <trkpt lat="46.36366" lon="-63.45566">
        <ele>61.3</ele>
      </trkpt>
      <trkpt lat="46.36325" lon="-63.45528">
        <ele>60.5</ele>
      </trkpt>
      <trkpt lat="46.36295" lon="-63.4548">
        <ele>61.6</ele>
      </trkpt>
      <trkpt lat="46.36279" lon="-63.45439">
        <ele>63.3</ele>
      </trkpt>
      <trkpt lat="46.3627" lon="-63.45391">
        <ele>63.9</ele>
      </trkpt>
      <trkpt lat="46.36263" lon="-63.45287">
        <ele>62.5</ele>
      </trkpt>
      <trkpt lat="46.36256" lon="-63.45183">
        <ele>62.9</ele>
      </trkpt>
      <trkpt lat="46.36249" lon="-63.45143">
        <ele>64.4</ele>
      </trkpt>
      <trkpt lat="46.36229" lon="-63.45085">
        <ele>67.4</ele>
      </trkpt>
      <trkpt lat="46.36218" lon="-63.45059">
        <ele>68.3</ele>
      </trkpt>
      <trkpt lat="46.36192" lon="-63.45022">
        <ele>69.8</ele>
      </trkpt>
      <trkpt lat="46.36168" lon="-63.45001">
        <ele>70.9</ele>
      </trkpt>
      <trkpt lat="46.36138" lon="-63.44984">
        <ele>69.4</ele>
      </trkpt>
      <trkpt lat="46.36112" lon="-63.44974">
        <ele>68.5</ele>
      </trkpt>
      <trkpt lat="46.36085" lon="-63.44973">
        <ele>67.3</ele>
      </trkpt>
      <trkpt lat="46.36059" lon="-63.44976">
        <ele>70.1</ele>
      </trkpt>
      <trkpt lat="46.36012" lon="-63.44992">
        <ele>75.0</ele>
      </trkpt>
      <trkpt lat="46.35965" lon="-63.45009">
        <ele>74.7</ele>
      </trkpt>
      <trkpt lat="46.3593" lon="-63.45009">
        <ele>74.5</ele>
      </trkpt>
      <trkpt lat="46.35908" lon="-63.45003">
        <ele>74.3</ele>
      </trkpt>
      <trkpt lat="46.35891" lon="-63.44995">
        <ele>73.8</ele>
      </trkpt>
      <trkpt lat="46.35856" lon="-63.4497">
        <ele>73.3</ele>
      </trkpt>
      <trkpt lat="46.3584" lon="-63.44954">
        <ele>73.2</ele>
      </trkpt>
      <trkpt lat="46.35822" lon="-63.44928">
        <ele>72.8</ele>
      </trkpt>
      <trkpt lat="46.358" lon="-63.44887">
        <ele>72.7</ele>
      </trkpt>
      <trkpt lat="46.35785" lon="-63.44841">
        <ele>73.4</ele>
      </trkpt>
      <trkpt lat="46.35781" lon="-63.44821">
        <ele>73.4</ele>
      </trkpt>
      <trkpt lat="46.35776" lon="-63.44782">
        <ele>73.2</ele>
      </trkpt>
      <trkpt lat="46.35771" lon="-63.44652">
        <ele>76.0</ele>
      </trkpt>
      <trkpt lat="46.35766" lon="-63.44576">
        <ele>76.5</ele>
      </trkpt>
      <trkpt lat="46.35754" lon="-63.44493">
        <ele>76.9</ele>
      </trkpt>
      <trkpt lat="46.35735" lon="-63.4442">
        <ele>78.9</ele>
      </trkpt>
      <trkpt lat="46.35716" lon="-63.44346">
        <ele>80.3</ele>
      </trkpt>
      <trkpt lat="46.35712" lon="-63.44322">
        <ele>80.7</ele>
      </trkpt>
      <trkpt lat="46.3571" lon="-63.44284">
        <ele>81.6</ele>
      </trkpt>
      <trkpt lat="46.3571" lon="-63.44263">
        <ele>82.3</ele>
      </trkpt>
      <trkpt lat="46.35716" lon="-63.44212">
        <ele>82.1</ele>
      </trkpt>
      <trkpt lat="46.35724" lon="-63.44182">
        <ele>81.9</ele>
      </trkpt>
      <trkpt lat="46.35733" lon="-63.44157">
        <ele>81.8</ele>
      </trkpt>
      <trkpt lat="46.35762" lon="-63.44094">
        <ele>82.9</ele>
      </trkpt>
      <trkpt lat="46.35792" lon="-63.44031">
        <ele>85.0</ele>
      </trkpt>
      <trkpt lat="46.35804" lon="-63.43992">
        <ele>85.4</ele>
      </trkpt>
      <trkpt lat="46.35813" lon="-63.43923">
        <ele>85.9</ele>
      </trkpt>
      <trkpt lat="46.35814" lon="-63.43871">
        <ele>85.7</ele>
      </trkpt>
      <trkpt lat="46.35805" lon="-63.43765">
        <ele>85.8</ele>
      </trkpt>
      <trkpt lat="46.35804" lon="-63.4367">
        <ele>85.6</ele>
      </trkpt>
      <trkpt lat="46.35807" lon="-63.43583">
        <ele>84.4</ele>
      </trkpt>
      <trkpt lat="46.35803" lon="-63.43529">
        <ele>83.1</ele>
      </trkpt>
      <trkpt lat="46.35797" lon="-63.43493">
        <ele>82.6</ele>
      </trkpt>
      <trkpt lat="46.35781" lon="-63.43372">
        <ele>86.6</ele>
      </trkpt>
      <trkpt lat="46.35778" lon="-63.43328">
        <ele>87.1</ele>
      </trkpt>
      <trkpt lat="46.35779" lon="-63.43234">
        <ele>88.2</ele>
      </trkpt>
      <trkpt lat="46.35788" lon="-63.43177">
        <ele>89.1</ele>
      </trkpt>
      <trkpt lat="46.35817" lon="-63.43057">
        <ele>88.6</ele>
      </trkpt>
      <trkpt lat="46.35847" lon="-63.42937">
        <ele>90.2</ele>
      </trkpt>
      <trkpt lat="46.35867" lon="-63.4286">
        <ele>91.4</ele>
      </trkpt>
      <trkpt lat="46.35887" lon="-63.42783">
        <ele>91.8</ele>
      </trkpt>
      <trkpt lat="46.35899" lon="-63.42729">
        <ele>91.9</ele>
      </trkpt>
      <trkpt lat="46.35905" lon="-63.42685">
        <ele>92.2</ele>
      </trkpt>
      <trkpt lat="46.35909" lon="-63.42626">
        <ele>92.2</ele>
      </trkpt>
      <trkpt lat="46.35907" lon="-63.42555">
        <ele>91.6</ele>
      </trkpt>
      <trkpt lat="46.35896" lon="-63.42478">
        <ele>90.4</ele>
      </trkpt>
      <trkpt lat="46.35876" lon="-63.42411">
        <ele>90.0</ele>
      </trkpt>
      <trkpt lat="46.35857" lon="-63.42366">
        <ele>90.2</ele>
      </trkpt>
      <trkpt lat="46.35834" lon="-63.42323">
        <ele>89.9</ele>
      </trkpt>
      <trkpt lat="46.358" lon="-63.42272">
        <ele>89.4</ele>
      </trkpt>
      <trkpt lat="46.35744" lon="-63.42211">
        <ele>88.5</ele>
      </trkpt>
      <trkpt lat="46.35698" lon="-63.42178">
        <ele>87.6</ele>
      </trkpt>
      <trkpt lat="46.35646" lon="-63.42146">
        <ele>87.2</ele>
      </trkpt>
      <trkpt lat="46.35592" lon="-63.42108">
        <ele>86.9</ele>
      </trkpt>
      <trkpt lat="46.35557" lon="-63.42069">
        <ele>86.0</ele>
      </trkpt>
      <trkpt lat="46.35542" lon="-63.42047">
        <ele>85.7</ele>
      </trkpt>
      <trkpt lat="46.3552" lon="-63.41993">
        <ele>85.2</ele>
      </trkpt>
      <trkpt lat="46.35507" lon="-63.41892">
        <ele>82.8</ele>
      </trkpt>
      <trkpt lat="46.35496" lon="-63.41771">
        <ele>80.2</ele>
      </trkpt>
      <trkpt lat="46.35486" lon="-63.41649">
        <ele>78.6</ele>
      </trkpt>
      <trkpt lat="46.35475" lon="-63.41528">
        <ele>75.5</ele>
      </trkpt>
      <trkpt lat="46.35465" lon="-63.41407">
        <ele>78.7</ele>
      </trkpt>
      <trkpt lat="46.35458" lon="-63.41336">
        <ele>79.9</ele>
      </trkpt>
      <trkpt lat="46.3545" lon="-63.41296">
        <ele>79.4</ele>
      </trkpt>
      <trkpt lat="46.35438" lon="-63.41259">
        <ele>78.8</ele>
      </trkpt>
      <trkpt lat="46.35425" lon="-63.41229">
        <ele>78.4</ele>
      </trkpt>
      <trkpt lat="46.35412" lon="-63.41205">
        <ele>77.5</ele>
      </trkpt>
      <trkpt lat="46.35396" lon="-63.41183">
        <ele>76.1</ele>
      </trkpt>
      <trkpt lat="46.35365" lon="-63.4115">
        <ele>75.0</ele>
      </trkpt>
      <trkpt lat="46.35324" lon="-63.41124">
        <ele>75.2</ele>
      </trkpt>
      <trkpt lat="46.35274" lon="-63.41106">
        <ele>75.2</ele>
      </trkpt>
      <trkpt lat="46.35254" lon="-63.41095">
        <ele>75.8</ele>
      </trkpt>
      <trkpt lat="46.35237" lon="-63.41084">
        <ele>75.5</ele>
      </trkpt>
      <trkpt lat="46.35217" lon="-63.41068">
        <ele>74.7</ele>
      </trkpt>
      <trkpt lat="46.35195" lon="-63.41042">
        <ele>74.5</ele>
      </trkpt>
      <trkpt lat="46.35176" lon="-63.41011">
        <ele>75.1</ele>
      </trkpt>
      <trkpt lat="46.35139" lon="-63.40924">
        <ele>73.9</ele>
      </trkpt>
      <trkpt lat="46.35113" lon="-63.40883">
        <ele>73.2</ele>
      </trkpt>
      <trkpt lat="46.35092" lon="-63.40856">
        <ele>73.4</ele>
      </trkpt>
      <trkpt lat="46.35067" lon="-63.40837">
        <ele>73.3</ele>
      </trkpt>
      <trkpt lat="46.35024" lon="-63.40817">
        <ele>72.8</ele>
      </trkpt>
      <trkpt lat="46.34981" lon="-63.40796">
        <ele>71.8</ele>
      </trkpt>
      <trkpt lat="46.34913" lon="-63.40761">
        <ele>68.2</ele>
      </trkpt>
      <trkpt lat="46.34894" lon="-63.40745">
        <ele>67.6</ele>
      </trkpt>
      <trkpt lat="46.34873" lon="-63.40722">
        <ele>67.0</ele>
      </trkpt>
      <trkpt lat="46.34859" lon="-63.40701">
        <ele>66.6</ele>
      </trkpt>
      <trkpt lat="46.34839" lon="-63.40662">
        <ele>65.7</ele>
      </trkpt>
      <trkpt lat="46.34831" lon="-63.40643">
        <ele>65.3</ele>
      </trkpt>
      <trkpt lat="46.34809" lon="-63.40569">
        <ele>64.3</ele>
      </trkpt>
      <trkpt lat="46.34787" lon="-63.40494">
        <ele>64.1</ele>
      </trkpt>
      <trkpt lat="46.34773" lon="-63.40445">
        <ele>64.3</ele>
      </trkpt>
      <trkpt lat="46.34764" lon="-63.40373">
        <ele>65.0</ele>
      </trkpt>
      <trkpt lat="46.34766" lon="-63.40305">
        <ele>65.5</ele>
      </trkpt>
      <trkpt lat="46.34771" lon="-63.40249">
        <ele>65.5</ele>
      </trkpt>
      <trkpt lat="46.34788" lon="-63.40178">
        <ele>63.4</ele>
      </trkpt>
      <trkpt lat="46.34806" lon="-63.40107">
        <ele>60.7</ele>
      </trkpt>
      <trkpt lat="46.34814" lon="-63.40056">
        <ele>59.1</ele>
      </trkpt>
      <trkpt lat="46.34813" lon="-63.39993">
        <ele>57.8</ele>
      </trkpt>
      <trkpt lat="46.34801" lon="-63.39938">
        <ele>57.5</ele>
      </trkpt>
      <trkpt lat="46.34792" lon="-63.39913">
        <ele>57.2</ele>
      </trkpt>
      <trkpt lat="46.34788" lon="-63.39902">
        <ele>57.0</ele>
      </trkpt>
      <trkpt lat="46.34779" lon="-63.39885">
        <ele>56.8</ele>
      </trkpt>
      <trkpt lat="46.34757" lon="-63.39852">
        <ele>56.4</ele>
      </trkpt>
      <trkpt lat="46.3474" lon="-63.39832">
        <ele>57.1</ele>
      </trkpt>
      <trkpt lat="46.34725" lon="-63.39817">
        <ele>58.0</ele>
      </trkpt>
      <trkpt lat="46.3471" lon="-63.39808">
        <ele>58.7</ele>
      </trkpt>
      <trkpt lat="46.34646" lon="-63.39777">
        <ele>58.8</ele>
      </trkpt>
      <trkpt lat="46.34611" lon="-63.39747">
        <ele>57.1</ele>
      </trkpt>
      <trkpt lat="46.34597" lon="-63.39727">
        <ele>56.8</ele>
      </trkpt>
      <trkpt lat="46.34583" lon="-63.39703">
        <ele>56.8</ele>
      </trkpt>
      <trkpt lat="46.3456" lon="-63.39643">
        <ele>56.5</ele>
      </trkpt>
      <trkpt lat="46.34553" lon="-63.396">
        <ele>57.4</ele>
      </trkpt>
      <trkpt lat="46.34549" lon="-63.39558">
        <ele>57.2</ele>
      </trkpt>
      <trkpt lat="46.3455" lon="-63.39535">
        <ele>57.1</ele>
      </trkpt>
      <trkpt lat="46.34562" lon="-63.39452">
        <ele>57.2</ele>
      </trkpt>
      <trkpt lat="46.34579" lon="-63.39407">
        <ele>58.1</ele>
      </trkpt>
      <trkpt lat="46.34602" lon="-63.39361">
        <ele>58.3</ele>
      </trkpt>
      <trkpt lat="46.34636" lon="-63.39312">
        <ele>57.2</ele>
      </trkpt>
      <trkpt lat="46.34671" lon="-63.39263">
        <ele>55.3</ele>
      </trkpt>
      <trkpt lat="46.34705" lon="-63.39202">
        <ele>52.5</ele>
      </trkpt>
      <trkpt lat="46.34749" lon="-63.39116">
        <ele>51.1</ele>
      </trkpt>
      <trkpt lat="46.34765" lon="-63.39079">
        <ele>50.6</ele>
      </trkpt>
      <trkpt lat="46.34795" lon="-63.39001">
        <ele>49.7</ele>
      </trkpt>
      <trkpt lat="46.34812" lon="-63.38944">
        <ele>48.5</ele>
      </trkpt>
      <trkpt lat="46.34825" lon="-63.38879">
        <ele>47.9</ele>
      </trkpt>
      <trkpt lat="46.34831" lon="-63.38836">
        <ele>47.9</ele>
      </trkpt>
      <trkpt lat="46.34837" lon="-63.38727">
        <ele>51.2</ele>
      </trkpt>
      <trkpt lat="46.34843" lon="-63.38618">
        <ele>49.4</ele>
      </trkpt>
      <trkpt lat="46.34844" lon="-63.38499">
        <ele>46.7</ele>
      </trkpt>
      <trkpt lat="46.34837" lon="-63.38375">
        <ele>47.2</ele>
      </trkpt>
      <trkpt lat="46.34836" lon="-63.38353">
        <ele>47.2</ele>
      </trkpt>
      <trkpt lat="46.34826" lon="-63.38263">
        <ele>44.8</ele>
      </trkpt>
      <trkpt lat="46.34817" lon="-63.38173">
        <ele>39.2</ele>
      </trkpt>
      <trkpt lat="46.34807" lon="-63.38083">
        <ele>40.1</ele>
      </trkpt>
      <trkpt lat="46.34798" lon="-63.37984">
        <ele>40.3</ele>
      </trkpt>
      <trkpt lat="46.34789" lon="-63.37886">
        <ele>38.3</ele>
      </trkpt>
      <trkpt lat="46.3478" lon="-63.37787">
        <ele>37.1</ele>
      </trkpt>
      <trkpt lat="46.34765" lon="-63.37724">
        <ele>37.4</ele>
      </trkpt>
      <trkpt lat="46.34755" lon="-63.37693">
        <ele>38.2</ele>
      </trkpt>
      <trkpt lat="46.34725" lon="-63.37639">
        <ele>38.4</ele>
      </trkpt>
      <trkpt lat="46.34715" lon="-63.37617">
        <ele>38.6</ele>
      </trkpt>
      <trkpt lat="46.347" lon="-63.37596">
        <ele>38.7</ele>
      </trkpt>
      <trkpt lat="46.34653" lon="-63.37518">
        <ele>39.3</ele>
      </trkpt>
      <trkpt lat="46.3464" lon="-63.37473">
        <ele>39.2</ele>
      </trkpt>
      <trkpt lat="46.34634" lon="-63.37437">
        <ele>39.3</ele>
      </trkpt>
      <trkpt lat="46.34629" lon="-63.37396">
        <ele>39.2</ele>
      </trkpt>
      <trkpt lat="46.34641" lon="-63.37308">
        <ele>38.0</ele>
      </trkpt>
      <trkpt lat="46.34668" lon="-63.37238">
        <ele>35.3</ele>
      </trkpt>
      <trkpt lat="46.34733" lon="-63.37155">
        <ele>32.1</ele>
      </trkpt>
      <trkpt lat="46.34775" lon="-63.37111">
        <ele>31.5</ele>
      </trkpt>
      <trkpt lat="46.34795" lon="-63.37077">
        <ele>31.0</ele>
      </trkpt>
      <trkpt lat="46.34812" lon="-63.37033">
        <ele>30.8</ele>
      </trkpt>
      <trkpt lat="46.34822" lon="-63.36986">
        <ele>30.5</ele>
      </trkpt>
      <trkpt lat="46.34827" lon="-63.36951">
        <ele>30.7</ele>
      </trkpt>
      <trkpt lat="46.34827" lon="-63.36899">
        <ele>31.1</ele>
      </trkpt>
      <trkpt lat="46.34821" lon="-63.36833">
        <ele>32.4</ele>
      </trkpt>
      <trkpt lat="46.3482" lon="-63.36771">
        <ele>33.1</ele>
      </trkpt>
      <trkpt lat="46.34827" lon="-63.36719">
        <ele>33.3</ele>
      </trkpt>
      <trkpt lat="46.34839" lon="-63.36675">
        <ele>33.1</ele>
      </trkpt>
      <trkpt lat="46.34864" lon="-63.36611">
        <ele>29.9</ele>
      </trkpt>
      <trkpt lat="46.34889" lon="-63.36546">
        <ele>28.8</ele>
      </trkpt>
      <trkpt lat="46.34907" lon="-63.36486">
        <ele>27.4</ele>
      </trkpt>
      <trkpt lat="46.34918" lon="-63.36438">
        <ele>25.9</ele>
      </trkpt>
      <trkpt lat="46.34931" lon="-63.36365">
        <ele>26.6</ele>
      </trkpt>
      <trkpt lat="46.34944" lon="-63.36293">
        <ele>27.6</ele>
      </trkpt>
      <trkpt lat="46.34953" lon="-63.36253">
        <ele>28.1</ele>
      </trkpt>
      <trkpt lat="46.34966" lon="-63.36211">
        <ele>27.8</ele>
      </trkpt>
      <trkpt lat="46.34977" lon="-63.36188">
        <ele>27.7</ele>
      </trkpt>
      <trkpt lat="46.35" lon="-63.36148">
        <ele>26.9</ele>
      </trkpt>
      <trkpt lat="46.35023" lon="-63.3612">
        <ele>25.6</ele>
      </trkpt>
      <trkpt lat="46.35073" lon="-63.36083">
        <ele>23.9</ele>
      </trkpt>
      <trkpt lat="46.35147" lon="-63.36035">
        <ele>24.7</ele>
      </trkpt>
      <trkpt lat="46.35225" lon="-63.35982">
        <ele>23.1</ele>
      </trkpt>
      <trkpt lat="46.35304" lon="-63.35929">
        <ele>20.9</ele>
      </trkpt>
      <trkpt lat="46.35314" lon="-63.35922">
        <ele>20.6</ele>
      </trkpt>
      <trkpt lat="46.35329" lon="-63.35911">
        <ele>20.2</ele>
      </trkpt>
      <trkpt lat="46.35343" lon="-63.35895">
        <ele>19.8</ele>
      </trkpt>
      <trkpt lat="46.3537" lon="-63.35861">
        <ele>21.4</ele>
      </trkpt>
      <trkpt lat="46.35398" lon="-63.35809">
        <ele>21.7</ele>
      </trkpt>
      <trkpt lat="46.35409" lon="-63.35779">
        <ele>21.4</ele>
      </trkpt>
      <trkpt lat="46.35417" lon="-63.35748">
        <ele>21.1</ele>
      </trkpt>
      <trkpt lat="46.35427" lon="-63.35691">
        <ele>22.8</ele>
      </trkpt>
      <trkpt lat="46.35433" lon="-63.35585">
        <ele>24.0</ele>
      </trkpt>
      <trkpt lat="46.35431" lon="-63.35508">
        <ele>24.1</ele>
      </trkpt>
      <trkpt lat="46.35421" lon="-63.35401">
        <ele>22.7</ele>
      </trkpt>
      <trkpt lat="46.35411" lon="-63.35312">
        <ele>22.2</ele>
      </trkpt>
      <trkpt lat="46.35401" lon="-63.35223">
        <ele>22.4</ele>
      </trkpt>
      <trkpt lat="46.35391" lon="-63.35134">
        <ele>23.1</ele>
      </trkpt>
      <trkpt lat="46.35382" lon="-63.35138">
        <ele>24.1</ele>
      </trkpt>
      <trkpt lat="46.3538" lon="-63.35127">
        <ele>24.2</ele>
      </trkpt>
      <trkpt lat="46.35377" lon="-63.35111">
        <ele>24.5</ele>
      </trkpt>
      <trkpt lat="46.35363" lon="-63.35072">
        <ele>25.4</ele>
      </trkpt>
      <trkpt lat="46.35355" lon="-63.35059">
        <ele>25.9</ele>
      </trkpt>
      <trkpt lat="46.35323" lon="-63.35001">
        <ele>27.3</ele>
      </trkpt>
      <trkpt lat="46.35321" lon="-63.34998">
        <ele>27.2</ele>
      </trkpt>
      <trkpt lat="46.35309" lon="-63.34979">
        <ele>26.6</ele>
      </trkpt>
      <trkpt lat="46.35297" lon="-63.34959">
        <ele>26.1</ele>
      </trkpt>
      <trkpt lat="46.35297" lon="-63.34959">
        <ele>26.1</ele>
      </trkpt>
      <trkpt lat="46.35303" lon="-63.34956">
        <ele>25.8</ele>
      </trkpt>
      <trkpt lat="46.35312" lon="-63.34953">
        <ele>25.4</ele>
      </trkpt>
      <trkpt lat="46.35321" lon="-63.34951">
        <ele>25.0</ele>
      </trkpt>
      <trkpt lat="46.35337" lon="-63.34948">
        <ele>24.3</ele>
      </trkpt>
      <trkpt lat="46.35338" lon="-63.34947">
        <ele>24.2</ele>
      </trkpt>
      <trkpt lat="46.3535" lon="-63.34945">
        <ele>23.4</ele>
      </trkpt>
      <trkpt lat="46.35373" lon="-63.3494">
        <ele>21.8</ele>
      </trkpt>
      <trkpt lat="46.35399" lon="-63.34934">
        <ele>20.2</ele>
      </trkpt>
      <trkpt lat="46.35409" lon="-63.34931">
        <ele>19.6</ele>
      </trkpt>
      <trkpt lat="46.35422" lon="-63.34926">
        <ele>19.1</ele>
      </trkpt>
      <trkpt lat="46.35447" lon="-63.34918">
        <ele>19.4</ele>
      </trkpt>
      <trkpt lat="46.35501" lon="-63.34899">
        <ele>20.8</ele>
      </trkpt>
      <trkpt lat="46.35541" lon="-63.34887">
        <ele>20.6</ele>
      </trkpt>
      <trkpt lat="46.35549" lon="-63.34885">
        <ele>20.6</ele>
      </trkpt>
      <trkpt lat="46.35595" lon="-63.3487">
        <ele>20.7</ele>
      </trkpt>
      <trkpt lat="46.35604" lon="-63.34867">
        <ele>20.9</ele>
      </trkpt>
      <trkpt lat="46.35644" lon="-63.34857">
        <ele>21.4</ele>
      </trkpt>
      <trkpt lat="46.35681" lon="-63.34848">
        <ele>21.2</ele>
      </trkpt>
      <trkpt lat="46.35704" lon="-63.3484">
        <ele>20.4</ele>
      </trkpt>
      <trkpt lat="46.35726" lon="-63.34831">
        <ele>19.6</ele>
      </trkpt>
      <trkpt lat="46.35738" lon="-63.34824">
        <ele>19.4</ele>
      </trkpt>
      <trkpt lat="46.35747" lon="-63.34818">
        <ele>19.3</ele>
      </trkpt>
      <trkpt lat="46.35751" lon="-63.34815">
        <ele>19.3</ele>
      </trkpt>
      <trkpt lat="46.35757" lon="-63.34811">
        <ele>19.4</ele>
      </trkpt>
      <trkpt lat="46.35768" lon="-63.34803">
        <ele>19.4</ele>
      </trkpt>
      <trkpt lat="46.35789" lon="-63.34784">
        <ele>19.5</ele>
      </trkpt>
      <trkpt lat="46.35813" lon="-63.34761">
        <ele>19.1</ele>
      </trkpt>
      <trkpt lat="46.35814" lon="-63.3476">
        <ele>19.0</ele>
      </trkpt>
      <trkpt lat="46.35843" lon="-63.34733">
        <ele>18.6</ele>
      </trkpt>
      <trkpt lat="46.35888" lon="-63.3469">
        <ele>17.7</ele>
      </trkpt>
      <trkpt lat="46.35903" lon="-63.34675">
        <ele>17.0</ele>
      </trkpt>
      <trkpt lat="46.35909" lon="-63.34669">
        <ele>16.6</ele>
      </trkpt>
      <trkpt lat="46.35909" lon="-63.34669">
        <ele>16.6</ele>
      </trkpt>
      <trkpt lat="46.35908" lon="-63.34643">
        <ele>17.1</ele>
      </trkpt>
      <trkpt lat="46.35907" lon="-63.34617">
        <ele>17.6</ele>
      </trkpt>
      <trkpt lat="46.35904" lon="-63.34539">
        <ele>18.8</ele>
      </trkpt>
      <trkpt lat="46.35903" lon="-63.34513">
        <ele>19.2</ele>
      </trkpt>
      <trkpt lat="46.35901" lon="-63.34465">
        <ele>22.1</ele>
      </trkpt>
      <trkpt lat="46.35898" lon="-63.34409">
        <ele>26.5</ele>
      </trkpt>
      <trkpt lat="46.35897" lon="-63.34383">
        <ele>28.5</ele>
      </trkpt>
      <trkpt lat="46.35895" lon="-63.34339">
        <ele>32.0</ele>
      </trkpt>
      <trkpt lat="46.35895" lon="-63.34331">
        <ele>32.4</ele>
      </trkpt>
      <trkpt lat="46.35896" lon="-63.34306">
        <ele>32.3</ele>
      </trkpt>
      <trkpt lat="46.35896" lon="-63.34305">
        <ele>32.3</ele>
      </trkpt>
      <trkpt lat="46.35899" lon="-63.34279">
        <ele>31.9</ele>
      </trkpt>
      <trkpt lat="46.359" lon="-63.34258">
        <ele>31.8</ele>
      </trkpt>
      <trkpt lat="46.35901" lon="-63.34254">
        <ele>31.6</ele>
      </trkpt>
      <trkpt lat="46.35907" lon="-63.34229">
        <ele>31.1</ele>
      </trkpt>
      <trkpt lat="46.35909" lon="-63.3422">
        <ele>31.0</ele>
      </trkpt>
      <trkpt lat="46.35913" lon="-63.34204">
        <ele>30.7</ele>
      </trkpt>
      <trkpt lat="46.35917" lon="-63.34187">
        <ele>30.5</ele>
      </trkpt>
      <trkpt lat="46.35925" lon="-63.34161">
        <ele>30.7</ele>
      </trkpt>
      <trkpt lat="46.35927" lon="-63.34156">
        <ele>31.0</ele>
      </trkpt>
      <trkpt lat="46.35931" lon="-63.34148">
        <ele>31.4</ele>
      </trkpt>
      <trkpt lat="46.35937" lon="-63.34135">
        <ele>32.2</ele>
      </trkpt>
      <trkpt lat="46.35937" lon="-63.34134">
        <ele>32.3</ele>
      </trkpt>
      <trkpt lat="46.3594" lon="-63.34128">
        <ele>32.6</ele>
      </trkpt>
      <trkpt lat="46.3596" lon="-63.34095">
        <ele>33.5</ele>
      </trkpt>
      <trkpt lat="46.35962" lon="-63.34093">
        <ele>33.4</ele>
      </trkpt>
      <trkpt lat="46.35975" lon="-63.34079">
        <ele>33.0</ele>
      </trkpt>
      <trkpt lat="46.35982" lon="-63.34071">
        <ele>32.7</ele>
      </trkpt>
      <trkpt lat="46.36006" lon="-63.3405">
        <ele>31.7</ele>
      </trkpt>
      <trkpt lat="46.36037" lon="-63.34026">
        <ele>31.4</ele>
      </trkpt>
      <trkpt lat="46.36052" lon="-63.34014">
        <ele>31.3</ele>
      </trkpt>
      <trkpt lat="46.36068" lon="-63.34002">
        <ele>31.1</ele>
      </trkpt>
      <trkpt lat="46.361" lon="-63.33977">
        <ele>29.8</ele>
      </trkpt>
      <trkpt lat="46.36108" lon="-63.33971">
        <ele>29.4</ele>
      </trkpt>
      <trkpt lat="46.36116" lon="-63.33964">
        <ele>29.2</ele>
      </trkpt>
      <trkpt lat="46.36131" lon="-63.3395">
        <ele>28.9</ele>
      </trkpt>
      <trkpt lat="46.36137" lon="-63.33944">
        <ele>28.9</ele>
      </trkpt>
      <trkpt lat="46.36151" lon="-63.3393">
        <ele>29.0</ele>
      </trkpt>
      <trkpt lat="46.36159" lon="-63.33919">
        <ele>29.4</ele>
      </trkpt>
      <trkpt lat="46.36164" lon="-63.33913">
        <ele>29.6</ele>
      </trkpt>
      <trkpt lat="46.36172" lon="-63.33901">
        <ele>30.6</ele>
      </trkpt>
      <trkpt lat="46.3618" lon="-63.3389">
        <ele>31.5</ele>
      </trkpt>
      <trkpt lat="46.36185" lon="-63.33882">
        <ele>32.2</ele>
      </trkpt>
      <trkpt lat="46.36187" lon="-63.33879">
        <ele>32.4</ele>
      </trkpt>
      <trkpt lat="46.36194" lon="-63.33867">
        <ele>33.3</ele>
      </trkpt>
      <trkpt lat="46.36198" lon="-63.33858">
        <ele>33.9</ele>
      </trkpt>
      <trkpt lat="46.36215" lon="-63.33823">
        <ele>35.2</ele>
      </trkpt>
      <trkpt lat="46.36226" lon="-63.33792">
        <ele>34.7</ele>
      </trkpt>
      <trkpt lat="46.36231" lon="-63.33772">
        <ele>34.5</ele>
      </trkpt>
      <trkpt lat="46.36238" lon="-63.33747">
        <ele>34.0</ele>
      </trkpt>
      <trkpt lat="46.3624" lon="-63.33737">
        <ele>33.7</ele>
      </trkpt>
      <trkpt lat="46.36243" lon="-63.33722">
        <ele>33.3</ele>
      </trkpt>
      <trkpt lat="46.36295" lon="-63.33473">
        <ele>37.8</ele>
      </trkpt>
      <trkpt lat="46.363" lon="-63.33448">
        <ele>37.9</ele>
      </trkpt>
      <trkpt lat="46.36311" lon="-63.33398">
        <ele>37.6</ele>
      </trkpt>
      <trkpt lat="46.36321" lon="-63.33348">
        <ele>36.9</ele>
      </trkpt>
      <trkpt lat="46.36347" lon="-63.33223">
        <ele>32.1</ele>
      </trkpt>
      <trkpt lat="46.36352" lon="-63.33198">
        <ele>31.2</ele>
      </trkpt>
      <trkpt lat="46.36363" lon="-63.33148">
        <ele>30.4</ele>
      </trkpt>
      <trkpt lat="46.36368" lon="-63.33123">
        <ele>30.8</ele>
      </trkpt>
      <trkpt lat="46.36373" lon="-63.33098">
        <ele>31.2</ele>
      </trkpt>
      <trkpt lat="46.36378" lon="-63.33074">
        <ele>32.0</ele>
      </trkpt>
      <trkpt lat="46.36383" lon="-63.33049">
        <ele>33.6</ele>
      </trkpt>
      <trkpt lat="46.36399" lon="-63.32974">
        <ele>38.8</ele>
      </trkpt>
      <trkpt lat="46.36407" lon="-63.32951">
        <ele>40.5</ele>
      </trkpt>
      <trkpt lat="46.36419" lon="-63.32922">
        <ele>42.6</ele>
      </trkpt>
      <trkpt lat="46.36426" lon="-63.32906">
        <ele>43.9</ele>
      </trkpt>
      <trkpt lat="46.3643" lon="-63.32898">
        <ele>44.5</ele>
      </trkpt>
      <trkpt lat="46.36439" lon="-63.32883">
        <ele>45.8</ele>
      </trkpt>
      <trkpt lat="46.36463" lon="-63.32843">
        <ele>49.4</ele>
      </trkpt>
      <trkpt lat="46.36476" lon="-63.3282">
        <ele>51.7</ele>
      </trkpt>
      <trkpt lat="46.36509" lon="-63.32764">
        <ele>57.8</ele>
      </trkpt>
      <trkpt lat="46.3651" lon="-63.32763">
        <ele>57.9</ele>
      </trkpt>
      <trkpt lat="46.36519" lon="-63.32746">
        <ele>59.4</ele>
      </trkpt>
      <trkpt lat="46.3652" lon="-63.32743">
        <ele>59.6</ele>
      </trkpt>
      <trkpt lat="46.36528" lon="-63.32723">
        <ele>60.7</ele>
      </trkpt>
      <trkpt lat="46.36541" lon="-63.32687">
        <ele>62.9</ele>
      </trkpt>
      <trkpt lat="46.36545" lon="-63.32674">
        <ele>63.7</ele>
      </trkpt>
      <trkpt lat="46.36551" lon="-63.32653">
        <ele>64.6</ele>
      </trkpt>
      <trkpt lat="46.36552" lon="-63.3265">
        <ele>64.7</ele>
      </trkpt>
      <trkpt lat="46.36562" lon="-63.326">
        <ele>66.5</ele>
      </trkpt>
      <trkpt lat="46.36564" lon="-63.32587">
        <ele>67.0</ele>
      </trkpt>
      <trkpt lat="46.36567" lon="-63.32575">
        <ele>67.3</ele>
      </trkpt>
      <trkpt lat="46.36576" lon="-63.32524">
        <ele>67.8</ele>
      </trkpt>
      <trkpt lat="46.36585" lon="-63.32474">
        <ele>68.4</ele>
      </trkpt>
      <trkpt lat="46.36604" lon="-63.32373">
        <ele>69.2</ele>
      </trkpt>
      <trkpt lat="46.36608" lon="-63.32348">
        <ele>69.0</ele>
      </trkpt>
      <trkpt lat="46.36664" lon="-63.32046">
        <ele>65.4</ele>
      </trkpt>
      <trkpt lat="46.36669" lon="-63.32021">
        <ele>65.3</ele>
      </trkpt>
      <trkpt lat="46.36706" lon="-63.31819">
        <ele>66.3</ele>
      </trkpt>
      <trkpt lat="46.36715" lon="-63.31769">
        <ele>66.4</ele>
      </trkpt>
      <trkpt lat="46.36724" lon="-63.31718">
        <ele>66.6</ele>
      </trkpt>
      <trkpt lat="46.36729" lon="-63.31693">
        <ele>66.7</ele>
      </trkpt>
      <trkpt lat="46.36738" lon="-63.31643">
        <ele>65.9</ele>
      </trkpt>
      <trkpt lat="46.36782" lon="-63.31401">
        <ele>57.9</ele>
      </trkpt>
      <trkpt lat="46.36784" lon="-63.31391">
        <ele>57.4</ele>
      </trkpt>
      <trkpt lat="46.36795" lon="-63.31335">
        <ele>55.0</ele>
      </trkpt>
      <trkpt lat="46.36816" lon="-63.31241">
        <ele>53.3</ele>
      </trkpt>
      <trkpt lat="46.36816" lon="-63.31241">
        <ele>53.3</ele>
      </trkpt>
      <trkpt lat="46.36746" lon="-63.31215">
        <ele>55.0</ele>
      </trkpt>
      <trkpt lat="46.36729" lon="-63.31208">
        <ele>55.6</ele>
      </trkpt>
      <trkpt lat="46.36676" lon="-63.31188">
        <ele>56.6</ele>
      </trkpt>
      <trkpt lat="46.36642" lon="-63.31175">
        <ele>55.6</ele>
      </trkpt>
      <trkpt lat="46.36624" lon="-63.31168">
        <ele>55.0</ele>
      </trkpt>
      <trkpt lat="46.36607" lon="-63.31162">
        <ele>54.4</ele>
      </trkpt>
      <trkpt lat="46.3652" lon="-63.31128">
        <ele>51.6</ele>
      </trkpt>
      <trkpt lat="46.36468" lon="-63.31109">
        <ele>48.7</ele>
      </trkpt>
      <trkpt lat="46.3645" lon="-63.31102">
        <ele>47.3</ele>
      </trkpt>
      <trkpt lat="46.36415" lon="-63.31089">
        <ele>44.4</ele>
      </trkpt>
      <trkpt lat="46.36398" lon="-63.31082">
        <ele>44.2</ele>
      </trkpt>
      <trkpt lat="46.36363" lon="-63.31069">
        <ele>44.3</ele>
      </trkpt>
      <trkpt lat="46.36297" lon="-63.31044">
        <ele>42.9</ele>
      </trkpt>
      <trkpt lat="46.3628" lon="-63.31037">
        <ele>42.3</ele>
      </trkpt>
      <trkpt lat="46.36262" lon="-63.3103">
        <ele>41.7</ele>
      </trkpt>
      <trkpt lat="46.36245" lon="-63.31023">
        <ele>40.8</ele>
      </trkpt>
      <trkpt lat="46.36228" lon="-63.31017">
        <ele>39.7</ele>
      </trkpt>
      <trkpt lat="46.3621" lon="-63.3101">
        <ele>38.5</ele>
      </trkpt>
      <trkpt lat="46.36176" lon="-63.30996">
        <ele>36.2</ele>
      </trkpt>
      <trkpt lat="46.36106" lon="-63.30969">
        <ele>28.1</ele>
      </trkpt>
      <trkpt lat="46.36089" lon="-63.30962">
        <ele>26.2</ele>
      </trkpt>
      <trkpt lat="46.36054" lon="-63.30949">
        <ele>23.0</ele>
      </trkpt>
      <trkpt lat="46.36019" lon="-63.30935">
        <ele>20.3</ele>
      </trkpt>
      <trkpt lat="46.36002" lon="-63.30929">
        <ele>19.1</ele>
      </trkpt>
      <trkpt lat="46.35985" lon="-63.30922">
        <ele>20.6</ele>
      </trkpt>
      <trkpt lat="46.35967" lon="-63.30915">
        <ele>22.6</ele>
      </trkpt>
      <trkpt lat="46.3595" lon="-63.30908">
        <ele>24.5</ele>
      </trkpt>
      <trkpt lat="46.35863" lon="-63.30874">
        <ele>34.2</ele>
      </trkpt>
      <trkpt lat="46.35828" lon="-63.30861">
        <ele>37.2</ele>
      </trkpt>
      <trkpt lat="46.35794" lon="-63.30847">
        <ele>38.1</ele>
      </trkpt>
      <trkpt lat="46.35759" lon="-63.30834">
        <ele>38.8</ele>
      </trkpt>
      <trkpt lat="46.35741" lon="-63.30827">
        <ele>38.4</ele>
      </trkpt>
      <trkpt lat="46.35672" lon="-63.308">
        <ele>34.9</ele>
      </trkpt>
      <trkpt lat="46.35568" lon="-63.30759">
        <ele>29.2</ele>
      </trkpt>
      <trkpt lat="46.35484" lon="-63.30727">
        <ele>25.6</ele>
      </trkpt>
      <trkpt lat="46.35446" lon="-63.30712">
        <ele>24.2</ele>
      </trkpt>
      <trkpt lat="46.35411" lon="-63.30698">
        <ele>23.0</ele>
      </trkpt>
      <trkpt lat="46.35394" lon="-63.30692">
        <ele>22.6</ele>
      </trkpt>
      <trkpt lat="46.35342" lon="-63.30671">
        <ele>22.0</ele>
      </trkpt>
      <trkpt lat="46.35325" lon="-63.30665">
        <ele>22.9</ele>
      </trkpt>
      <trkpt lat="46.35307" lon="-63.30658">
        <ele>24.9</ele>
      </trkpt>
      <trkpt lat="46.35274" lon="-63.30645">
        <ele>28.7</ele>
      </trkpt>
      <trkpt lat="46.35272" lon="-63.30644">
        <ele>28.9</ele>
      </trkpt>
      <trkpt lat="46.35255" lon="-63.30638">
        <ele>30.9</ele>
      </trkpt>
      <trkpt lat="46.35244" lon="-63.30634">
        <ele>32.5</ele>
      </trkpt>
      <trkpt lat="46.35159" lon="-63.306">
        <ele>44.7</ele>
      </trkpt>
      <trkpt lat="46.35142" lon="-63.30594">
        <ele>45.9</ele>
      </trkpt>
      <trkpt lat="46.35125" lon="-63.30587">
        <ele>47.0</ele>
      </trkpt>
      <trkpt lat="46.35107" lon="-63.3058">
        <ele>48.3</ele>
      </trkpt>
      <trkpt lat="46.3509" lon="-63.30573">
        <ele>49.5</ele>
      </trkpt>
      <trkpt lat="46.34986" lon="-63.30532">
        <ele>53.3</ele>
      </trkpt>
      <trkpt lat="46.34951" lon="-63.30519">
        <ele>53.5</ele>
      </trkpt>
      <trkpt lat="46.34934" lon="-63.30512">
        <ele>53.4</ele>
      </trkpt>
      <trkpt lat="46.34899" lon="-63.30499">
        <ele>53.0</ele>
      </trkpt>
      <trkpt lat="46.34881" lon="-63.30492">
        <ele>52.7</ele>
      </trkpt>
      <trkpt lat="46.34829" lon="-63.30471">
        <ele>51.8</ele>
      </trkpt>
      <trkpt lat="46.34812" lon="-63.30465">
        <ele>52.3</ele>
      </trkpt>
      <trkpt lat="46.34812" lon="-63.30465">
        <ele>52.3</ele>
      </trkpt>
      <trkpt lat="46.34816" lon="-63.30448">
        <ele>51.3</ele>
      </trkpt>
      <trkpt lat="46.34817" lon="-63.30436">
        <ele>50.7</ele>
      </trkpt>
      <trkpt lat="46.34818" lon="-63.30424">
        <ele>50.1</ele>
      </trkpt>
      <trkpt lat="46.34819" lon="-63.30414">
        <ele>49.5</ele>
      </trkpt>
      <trkpt lat="46.34821" lon="-63.30388">
        <ele>48.1</ele>
      </trkpt>
      <trkpt lat="46.34823" lon="-63.30362">
        <ele>46.7</ele>
      </trkpt>
      <trkpt lat="46.34825" lon="-63.30343">
        <ele>45.7</ele>
      </trkpt>
      <trkpt lat="46.34825" lon="-63.30336">
        <ele>45.3</ele>
      </trkpt>
      <trkpt lat="46.34827" lon="-63.3031">
        <ele>44.3</ele>
      </trkpt>
      <trkpt lat="46.34832" lon="-63.30261">
        <ele>42.4</ele>
      </trkpt>
      <trkpt lat="46.34834" lon="-63.30232">
        <ele>40.7</ele>
      </trkpt>
      <trkpt lat="46.34835" lon="-63.30207">
        <ele>39.0</ele>
      </trkpt>
      <trkpt lat="46.34838" lon="-63.30168">
        <ele>36.4</ele>
      </trkpt>
      <trkpt lat="46.34839" lon="-63.30155">
        <ele>35.6</ele>
      </trkpt>
      <trkpt lat="46.34843" lon="-63.30103">
        <ele>32.8</ele>
      </trkpt>
      <trkpt lat="46.34855" lon="-63.29947">
        <ele>30.7</ele>
      </trkpt>
      <trkpt lat="46.34865" lon="-63.29805">
        <ele>26.8</ele>
      </trkpt>
      <trkpt lat="46.34866" lon="-63.29792">
        <ele>26.7</ele>
      </trkpt>
      <trkpt lat="46.3487" lon="-63.2974">
        <ele>25.7</ele>
      </trkpt>
      <trkpt lat="46.34872" lon="-63.29714">
        <ele>24.6</ele>
      </trkpt>
      <trkpt lat="46.34875" lon="-63.29678">
        <ele>23.0</ele>
      </trkpt>
      <trkpt lat="46.34876" lon="-63.29663">
        <ele>22.5</ele>
      </trkpt>
      <trkpt lat="46.34878" lon="-63.29637">
        <ele>22.0</ele>
      </trkpt>
      <trkpt lat="46.34881" lon="-63.29608">
        <ele>21.5</ele>
      </trkpt>
      <trkpt lat="46.34885" lon="-63.2954">
        <ele>20.3</ele>
      </trkpt>
      <trkpt lat="46.34886" lon="-63.29493">
        <ele>19.4</ele>
      </trkpt>
      <trkpt lat="46.34886" lon="-63.29493">
        <ele>19.4</ele>
      </trkpt>
      <trkpt lat="46.34856" lon="-63.29448">
        <ele>17.4</ele>
      </trkpt>
      <trkpt lat="46.34818" lon="-63.29392">
        <ele>17.8</ele>
      </trkpt>
      <trkpt lat="46.34793" lon="-63.29354">
        <ele>21.3</ele>
      </trkpt>
      <trkpt lat="46.34781" lon="-63.29336">
        <ele>23.3</ele>
      </trkpt>
      <trkpt lat="46.34756" lon="-63.29298">
        <ele>27.3</ele>
      </trkpt>
      <trkpt lat="46.34743" lon="-63.29279">
        <ele>29.0</ele>
      </trkpt>
      <trkpt lat="46.34731" lon="-63.29261">
        <ele>30.4</ele>
      </trkpt>
      <trkpt lat="46.34729" lon="-63.29259">
        <ele>30.6</ele>
      </trkpt>
      <trkpt lat="46.34718" lon="-63.29242">
        <ele>31.7</ele>
      </trkpt>
      <trkpt lat="46.34675" lon="-63.29177">
        <ele>34.5</ele>
      </trkpt>
      <trkpt lat="46.34669" lon="-63.29166">
        <ele>35.0</ele>
      </trkpt>
      <trkpt lat="46.34657" lon="-63.29147">
        <ele>35.0</ele>
      </trkpt>
      <trkpt lat="46.34629" lon="-63.29103">
        <ele>35.3</ele>
      </trkpt>
      <trkpt lat="46.3462" lon="-63.29089">
        <ele>35.5</ele>
      </trkpt>
      <trkpt lat="46.34572" lon="-63.29012">
        <ele>38.6</ele>
      </trkpt>
      <trkpt lat="46.34548" lon="-63.28974">
        <ele>39.8</ele>
      </trkpt>
      <trkpt lat="46.34536" lon="-63.28954">
        <ele>39.9</ele>
      </trkpt>
      <trkpt lat="46.34527" lon="-63.2894">
        <ele>39.9</ele>
      </trkpt>
      <trkpt lat="46.34488" lon="-63.28887">
        <ele>39.9</ele>
      </trkpt>
      <trkpt lat="46.34463" lon="-63.28855">
        <ele>40.3</ele>
      </trkpt>
      <trkpt lat="46.34445" lon="-63.28836">
        <ele>40.7</ele>
      </trkpt>
      <trkpt lat="46.34442" lon="-63.28833">
        <ele>40.8</ele>
      </trkpt>
      <trkpt lat="46.34427" lon="-63.28818">
        <ele>40.6</ele>
      </trkpt>
      <trkpt lat="46.34413" lon="-63.28803">
        <ele>40.4</ele>
      </trkpt>
      <trkpt lat="46.34363" lon="-63.2876">
        <ele>40.7</ele>
      </trkpt>
      <trkpt lat="46.34351" lon="-63.2875">
        <ele>40.9</ele>
      </trkpt>
      <trkpt lat="46.3432" lon="-63.28726">
        <ele>41.1</ele>
      </trkpt>
      <trkpt lat="46.34319" lon="-63.28725">
        <ele>41.1</ele>
      </trkpt>
      <trkpt lat="46.34283" lon="-63.28701">
        <ele>41.8</ele>
      </trkpt>
      <trkpt lat="46.3427" lon="-63.28694">
        <ele>42.3</ele>
      </trkpt>
      <trkpt lat="46.34253" lon="-63.28685">
        <ele>42.9</ele>
      </trkpt>
      <trkpt lat="46.34236" lon="-63.28675">
        <ele>43.3</ele>
      </trkpt>
      <trkpt lat="46.34211" lon="-63.28664">
        <ele>44.2</ele>
      </trkpt>
      <trkpt lat="46.34202" lon="-63.2866">
        <ele>44.5</ele>
      </trkpt>
      <trkpt lat="46.34156" lon="-63.2864">
        <ele>45.7</ele>
      </trkpt>
      <trkpt lat="46.34133" lon="-63.2863">
        <ele>45.9</ele>
      </trkpt>
      <trkpt lat="46.34069" lon="-63.28604">
        <ele>47.5</ele>
      </trkpt>
      <trkpt lat="46.34063" lon="-63.28602">
        <ele>47.5</ele>
      </trkpt>
      <trkpt lat="46.33992" lon="-63.28575">
        <ele>48.0</ele>
      </trkpt>
      <trkpt lat="46.33902" lon="-63.28541">
        <ele>48.7</ele>
      </trkpt>
      <trkpt lat="46.33872" lon="-63.28529">
        <ele>50.0</ele>
      </trkpt>
      <trkpt lat="46.33855" lon="-63.28522">
        <ele>50.8</ele>
      </trkpt>
      <trkpt lat="46.3382" lon="-63.28508">
        <ele>51.9</ele>
      </trkpt>
      <trkpt lat="46.33803" lon="-63.28501">
        <ele>51.6</ele>
      </trkpt>
      <trkpt lat="46.33699" lon="-63.2846">
        <ele>49.7</ele>
      </trkpt>
      <trkpt lat="46.33689" lon="-63.28456">
        <ele>49.6</ele>
      </trkpt>
      <trkpt lat="46.33681" lon="-63.28453">
        <ele>49.5</ele>
      </trkpt>
      <trkpt lat="46.33646" lon="-63.2844">
        <ele>48.2</ele>
      </trkpt>
      <trkpt lat="46.33629" lon="-63.28433">
        <ele>47.1</ele>
      </trkpt>
      <trkpt lat="46.33577" lon="-63.28413">
        <ele>43.7</ele>
      </trkpt>
      <trkpt lat="46.3356" lon="-63.28406">
        <ele>42.9</ele>
      </trkpt>
      <trkpt lat="46.33542" lon="-63.28399">
        <ele>42.1</ele>
      </trkpt>
      <trkpt lat="46.33525" lon="-63.28392">
        <ele>41.5</ele>
      </trkpt>
      <trkpt lat="46.33438" lon="-63.28359">
        <ele>37.4</ele>
      </trkpt>
      <trkpt lat="46.33421" lon="-63.28352">
        <ele>36.3</ele>
      </trkpt>
      <trkpt lat="46.33386" lon="-63.28339">
        <ele>34.3</ele>
      </trkpt>
      <trkpt lat="46.33351" lon="-63.28325">
        <ele>31.9</ele>
      </trkpt>
      <trkpt lat="46.33299" lon="-63.28305">
        <ele>29.8</ele>
      </trkpt>
      <trkpt lat="46.33247" lon="-63.28285">
        <ele>28.5</ele>
      </trkpt>
      <trkpt lat="46.33247" lon="-63.28285">
        <ele>28.5</ele>
      </trkpt>
      <trkpt lat="46.33262" lon="-63.2821">
        <ele>28.2</ele>
      </trkpt>
      <trkpt lat="46.33268" lon="-63.28185">
        <ele>28.3</ele>
      </trkpt>
      <trkpt lat="46.33283" lon="-63.2811">
        <ele>26.8</ele>
      </trkpt>
      <trkpt lat="46.33296" lon="-63.28049">
        <ele>25.2</ele>
      </trkpt>
      <trkpt lat="46.3331" lon="-63.27986">
        <ele>24.0</ele>
      </trkpt>
      <trkpt lat="46.33326" lon="-63.27912">
        <ele>23.9</ele>
      </trkpt>
      <trkpt lat="46.3333" lon="-63.27892">
        <ele>23.7</ele>
      </trkpt>
      <trkpt lat="46.33341" lon="-63.27843">
        <ele>23.3</ele>
      </trkpt>
      <trkpt lat="46.33352" lon="-63.27793">
        <ele>23.4</ele>
      </trkpt>
      <trkpt lat="46.33363" lon="-63.27743">
        <ele>23.9</ele>
      </trkpt>
      <trkpt lat="46.33368" lon="-63.27719">
        <ele>23.6</ele>
      </trkpt>
      <trkpt lat="46.33374" lon="-63.27694">
        <ele>23.3</ele>
      </trkpt>
      <trkpt lat="46.33379" lon="-63.27669">
        <ele>22.8</ele>
      </trkpt>
      <trkpt lat="46.33396" lon="-63.27594">
        <ele>22.4</ele>
      </trkpt>
      <trkpt lat="46.33401" lon="-63.2757">
        <ele>22.5</ele>
      </trkpt>
      <trkpt lat="46.33406" lon="-63.27545">
        <ele>22.7</ele>
      </trkpt>
      <trkpt lat="46.33423" lon="-63.2747">
        <ele>24.3</ele>
      </trkpt>
      <trkpt lat="46.33428" lon="-63.27445">
        <ele>25.4</ele>
      </trkpt>
      <trkpt lat="46.33434" lon="-63.27421">
        <ele>26.7</ele>
      </trkpt>
      <trkpt lat="46.33439" lon="-63.27396">
        <ele>28.7</ele>
      </trkpt>
      <trkpt lat="46.33455" lon="-63.27321">
        <ele>34.8</ele>
      </trkpt>
      <trkpt lat="46.33457" lon="-63.27314">
        <ele>35.4</ele>
      </trkpt>
      <trkpt lat="46.33463" lon="-63.27293">
        <ele>37.0</ele>
      </trkpt>
      <trkpt lat="46.3347" lon="-63.27277">
        <ele>38.1</ele>
      </trkpt>
      <trkpt lat="46.33471" lon="-63.27275">
        <ele>38.3</ele>
      </trkpt>
      <trkpt lat="46.33478" lon="-63.27262">
        <ele>39.2</ele>
      </trkpt>
      <trkpt lat="46.33493" lon="-63.27238">
        <ele>40.6</ele>
      </trkpt>
      <trkpt lat="46.33495" lon="-63.27236">
        <ele>40.7</ele>
      </trkpt>
      <trkpt lat="46.33508" lon="-63.27218">
        <ele>41.3</ele>
      </trkpt>
      <trkpt lat="46.33521" lon="-63.272">
        <ele>41.6</ele>
      </trkpt>
      <trkpt lat="46.33551" lon="-63.27159">
        <ele>41.9</ele>
      </trkpt>
      <trkpt lat="46.33561" lon="-63.27147">
        <ele>41.9</ele>
      </trkpt>
      <trkpt lat="46.33574" lon="-63.2713">
        <ele>41.9</ele>
      </trkpt>
      <trkpt lat="46.33615" lon="-63.27078">
        <ele>41.4</ele>
      </trkpt>
      <trkpt lat="46.33642" lon="-63.27043">
        <ele>41.9</ele>
      </trkpt>
      <trkpt lat="46.33655" lon="-63.27026">
        <ele>42.1</ele>
      </trkpt>
      <trkpt lat="46.33669" lon="-63.27009">
        <ele>42.3</ele>
      </trkpt>
      <trkpt lat="46.33682" lon="-63.26992">
        <ele>42.4</ele>
      </trkpt>
      <trkpt lat="46.33683" lon="-63.26991">
        <ele>42.3</ele>
      </trkpt>
      <trkpt lat="46.3371" lon="-63.26958">
        <ele>41.6</ele>
      </trkpt>
      <trkpt lat="46.33737" lon="-63.26924">
        <ele>40.7</ele>
      </trkpt>
      <trkpt lat="46.33759" lon="-63.26897">
        <ele>40.1</ele>
      </trkpt>
      <trkpt lat="46.33777" lon="-63.26873">
        <ele>39.8</ele>
      </trkpt>
      <trkpt lat="46.33804" lon="-63.26838">
        <ele>39.0</ele>
      </trkpt>
      <trkpt lat="46.33857" lon="-63.2677">
        <ele>35.9</ele>
      </trkpt>
      <trkpt lat="46.33858" lon="-63.26768">
        <ele>35.8</ele>
      </trkpt>
      <trkpt lat="46.33898" lon="-63.26716">
        <ele>33.6</ele>
      </trkpt>
      <trkpt lat="46.33925" lon="-63.26681">
        <ele>32.5</ele>
      </trkpt>
      <trkpt lat="46.33938" lon="-63.26664">
        <ele>32.3</ele>
      </trkpt>
      <trkpt lat="46.33952" lon="-63.26647">
        <ele>32.4</ele>
      </trkpt>
      <trkpt lat="46.33958" lon="-63.26639">
        <ele>32.5</ele>
      </trkpt>
      <trkpt lat="46.33965" lon="-63.26629">
        <ele>32.7</ele>
      </trkpt>
      <trkpt lat="46.33991" lon="-63.26593">
        <ele>33.7</ele>
      </trkpt>
      <trkpt lat="46.3403" lon="-63.26539">
        <ele>36.5</ele>
      </trkpt>
      <trkpt lat="46.34043" lon="-63.26521">
        <ele>37.4</ele>
      </trkpt>
      <trkpt lat="46.34054" lon="-63.26506">
        <ele>38.1</ele>
      </trkpt>
      <trkpt lat="46.34069" lon="-63.26486">
        <ele>39.4</ele>
      </trkpt>
      <trkpt lat="46.34082" lon="-63.26468">
        <ele>40.9</ele>
      </trkpt>
      <trkpt lat="46.34135" lon="-63.26397">
        <ele>45.2</ele>
      </trkpt>
      <trkpt lat="46.34167" lon="-63.26353">
        <ele>47.8</ele>
      </trkpt>
      <trkpt lat="46.34188" lon="-63.26326">
        <ele>49.3</ele>
      </trkpt>
      <trkpt lat="46.34227" lon="-63.26272">
        <ele>51.4</ele>
      </trkpt>
      <trkpt lat="46.34253" lon="-63.26237">
        <ele>52.4</ele>
      </trkpt>
      <trkpt lat="46.34267" lon="-63.26219">
        <ele>52.8</ele>
      </trkpt>
      <trkpt lat="46.34359" lon="-63.26095">
        <ele>54.7</ele>
      </trkpt>
      <trkpt lat="46.34372" lon="-63.26077">
        <ele>55.6</ele>
      </trkpt>
      <trkpt lat="46.34425" lon="-63.26006">
        <ele>58.9</ele>
      </trkpt>
      <trkpt lat="46.34438" lon="-63.25988">
        <ele>59.0</ele>
      </trkpt>
      <trkpt lat="46.34464" lon="-63.25953">
        <ele>59.0</ele>
      </trkpt>
      <trkpt lat="46.3449" lon="-63.25917">
        <ele>59.0</ele>
      </trkpt>
      <trkpt lat="46.34504" lon="-63.25899">
        <ele>59.0</ele>
      </trkpt>
      <trkpt lat="46.3453" lon="-63.25864">
        <ele>59.6</ele>
      </trkpt>
      <trkpt lat="46.34543" lon="-63.25846">
        <ele>59.8</ele>
      </trkpt>
      <trkpt lat="46.34556" lon="-63.25828">
        <ele>60.1</ele>
      </trkpt>
      <trkpt lat="46.34583" lon="-63.25792">
        <ele>61.0</ele>
      </trkpt>
      <trkpt lat="46.34623" lon="-63.25738">
        <ele>60.0</ele>
      </trkpt>
      <trkpt lat="46.34715" lon="-63.25614">
        <ele>53.7</ele>
      </trkpt>
      <trkpt lat="46.34728" lon="-63.25597">
        <ele>52.9</ele>
      </trkpt>
      <trkpt lat="46.34754" lon="-63.25561">
        <ele>51.7</ele>
      </trkpt>
      <trkpt lat="46.34768" lon="-63.25543">
        <ele>52.0</ele>
      </trkpt>
      <trkpt lat="46.34781" lon="-63.25526">
        <ele>52.2</ele>
      </trkpt>
      <trkpt lat="46.34794" lon="-63.25508">
        <ele>52.4</ele>
      </trkpt>
      <trkpt lat="46.34813" lon="-63.25483">
        <ele>52.6</ele>
      </trkpt>
      <trkpt lat="46.34813" lon="-63.25483">
        <ele>52.6</ele>
      </trkpt>
      <trkpt lat="46.348" lon="-63.25463">
        <ele>51.6</ele>
      </trkpt>
      <trkpt lat="46.34788" lon="-63.25444">
        <ele>50.9</ele>
      </trkpt>
      <trkpt lat="46.34739" lon="-63.25367">
        <ele>49.3</ele>
      </trkpt>
      <trkpt lat="46.34666" lon="-63.25253">
        <ele>49.0</ele>
      </trkpt>
      <trkpt lat="46.34617" lon="-63.25176">
        <ele>49.1</ele>
      </trkpt>
      <trkpt lat="46.34617" lon="-63.25176">
        <ele>49.1</ele>
      </trkpt>
      <trkpt lat="46.34636" lon="-63.25151">
        <ele>48.9</ele>
      </trkpt>
      <trkpt lat="46.34663" lon="-63.25116">
        <ele>49.0</ele>
      </trkpt>
      <trkpt lat="46.34676" lon="-63.25099">
        <ele>49.0</ele>
      </trkpt>
      <trkpt lat="46.34703" lon="-63.25064">
        <ele>49.1</ele>
      </trkpt>
      <trkpt lat="46.34715" lon="-63.25045">
        <ele>49.3</ele>
      </trkpt>
      <trkpt lat="46.34725" lon="-63.25032">
        <ele>49.4</ele>
      </trkpt>
      <trkpt lat="46.34745" lon="-63.25004">
        <ele>49.9</ele>
      </trkpt>
      <trkpt lat="46.34811" lon="-63.24916">
        <ele>48.0</ele>
      </trkpt>
      <trkpt lat="46.34838" lon="-63.2488">
        <ele>45.6</ele>
      </trkpt>
      <trkpt lat="46.34877" lon="-63.24827">
        <ele>43.0</ele>
      </trkpt>
      <trkpt lat="46.34891" lon="-63.2481">
        <ele>42.7</ele>
      </trkpt>
      <trkpt lat="46.34904" lon="-63.24792">
        <ele>42.6</ele>
      </trkpt>
      <trkpt lat="46.3497" lon="-63.24703">
        <ele>40.5</ele>
      </trkpt>
      <trkpt lat="46.34983" lon="-63.24686">
        <ele>39.8</ele>
      </trkpt>
      <trkpt lat="46.34993" lon="-63.24672">
        <ele>39.3</ele>
      </trkpt>
      <trkpt lat="46.34996" lon="-63.24668">
        <ele>39.2</ele>
      </trkpt>
      <trkpt lat="46.35049" lon="-63.24598">
        <ele>36.4</ele>
      </trkpt>
      <trkpt lat="46.35076" lon="-63.24563">
        <ele>35.5</ele>
      </trkpt>
      <trkpt lat="46.35089" lon="-63.24545">
        <ele>35.4</ele>
      </trkpt>
      <trkpt lat="46.35108" lon="-63.2452">
        <ele>35.5</ele>
      </trkpt>
      <trkpt lat="46.35129" lon="-63.24492">
        <ele>35.5</ele>
      </trkpt>
      <trkpt lat="46.35142" lon="-63.24475">
        <ele>35.3</ele>
      </trkpt>
      <trkpt lat="46.35169" lon="-63.2444">
        <ele>34.9</ele>
      </trkpt>
      <trkpt lat="46.35188" lon="-63.24415">
        <ele>34.2</ele>
      </trkpt>
      <trkpt lat="46.35235" lon="-63.24351">
        <ele>31.8</ele>
      </trkpt>
      <trkpt lat="46.35275" lon="-63.24298">
        <ele>31.0</ele>
      </trkpt>
      <trkpt lat="46.35279" lon="-63.24292">
        <ele>31.0</ele>
      </trkpt>
      <trkpt lat="46.35288" lon="-63.2428">
        <ele>31.0</ele>
      </trkpt>
      <trkpt lat="46.35301" lon="-63.24263">
        <ele>31.0</ele>
      </trkpt>
      <trkpt lat="46.35354" lon="-63.24193">
        <ele>32.0</ele>
      </trkpt>
      <trkpt lat="46.35381" lon="-63.24158">
        <ele>31.0</ele>
      </trkpt>
      <trkpt lat="46.35394" lon="-63.24141">
        <ele>30.0</ele>
      </trkpt>
      <trkpt lat="46.35396" lon="-63.24139">
        <ele>29.8</ele>
      </trkpt>
      <trkpt lat="46.35434" lon="-63.24088">
        <ele>27.7</ele>
      </trkpt>
      <trkpt lat="46.35474" lon="-63.24035">
        <ele>27.2</ele>
      </trkpt>
      <trkpt lat="46.35487" lon="-63.24017">
        <ele>27.5</ele>
      </trkpt>
      <trkpt lat="46.35488" lon="-63.24016">
        <ele>27.6</ele>
      </trkpt>
      <trkpt lat="46.35501" lon="-63.24">
        <ele>28.0</ele>
      </trkpt>
      <trkpt lat="46.35527" lon="-63.23964">
        <ele>29.3</ele>
      </trkpt>
      <trkpt lat="46.35554" lon="-63.23929">
        <ele>30.1</ele>
      </trkpt>
      <trkpt lat="46.35567" lon="-63.23912">
        <ele>30.3</ele>
      </trkpt>
      <trkpt lat="46.3562" lon="-63.23841">
        <ele>31.7</ele>
      </trkpt>
      <trkpt lat="46.35625" lon="-63.23834">
        <ele>32.0</ele>
      </trkpt>
      <trkpt lat="46.35633" lon="-63.23824">
        <ele>32.6</ele>
      </trkpt>
      <trkpt lat="46.35646" lon="-63.23806">
        <ele>33.7</ele>
      </trkpt>
      <trkpt lat="46.3566" lon="-63.23789">
        <ele>34.5</ele>
      </trkpt>
      <trkpt lat="46.35702" lon="-63.23732">
        <ele>36.0</ele>
      </trkpt>
      <trkpt lat="46.35713" lon="-63.23718">
        <ele>36.2</ele>
      </trkpt>
      <trkpt lat="46.35716" lon="-63.23714">
        <ele>36.3</ele>
      </trkpt>
      <trkpt lat="46.35719" lon="-63.2371">
        <ele>36.3</ele>
      </trkpt>
      <trkpt lat="46.35722" lon="-63.23705">
        <ele>36.4</ele>
      </trkpt>
      <trkpt lat="46.35724" lon="-63.237">
        <ele>36.5</ele>
      </trkpt>
      <trkpt lat="46.35728" lon="-63.23692">
        <ele>36.7</ele>
      </trkpt>
      <trkpt lat="46.3573" lon="-63.23685">
        <ele>36.8</ele>
      </trkpt>
      <trkpt lat="46.35731" lon="-63.2368">
        <ele>36.9</ele>
      </trkpt>
      <trkpt lat="46.35733" lon="-63.23672">
        <ele>37.1</ele>
      </trkpt>
      <trkpt lat="46.35734" lon="-63.23664">
        <ele>37.2</ele>
      </trkpt>
      <trkpt lat="46.35747" lon="-63.236">
        <ele>38.6</ele>
      </trkpt>
      <trkpt lat="46.35763" lon="-63.23525">
        <ele>40.8</ele>
      </trkpt>
      <trkpt lat="46.35768" lon="-63.235">
        <ele>41.4</ele>
      </trkpt>
      <trkpt lat="46.35784" lon="-63.23425">
        <ele>41.3</ele>
      </trkpt>
      <trkpt lat="46.35804" lon="-63.23326">
        <ele>43.0</ele>
      </trkpt>
      <trkpt lat="46.3583" lon="-63.23201">
        <ele>45.7</ele>
      </trkpt>
      <trkpt lat="46.35835" lon="-63.23176">
        <ele>45.8</ele>
      </trkpt>
      <trkpt lat="46.35856" lon="-63.23076">
        <ele>46.9</ele>
      </trkpt>
      <trkpt lat="46.35866" lon="-63.23026">
        <ele>48.3</ele>
      </trkpt>
      <trkpt lat="46.35882" lon="-63.22951">
        <ele>52.0</ele>
      </trkpt>
      <trkpt lat="46.35887" lon="-63.22926">
        <ele>53.7</ele>
      </trkpt>
      <trkpt lat="46.35892" lon="-63.22901">
        <ele>55.0</ele>
      </trkpt>
      <trkpt lat="46.35902" lon="-63.22851">
        <ele>57.2</ele>
      </trkpt>
      <trkpt lat="46.35913" lon="-63.22801">
        <ele>58.4</ele>
      </trkpt>
      <trkpt lat="46.35918" lon="-63.22776">
        <ele>58.6</ele>
      </trkpt>
      <trkpt lat="46.35923" lon="-63.22751">
        <ele>58.6</ele>
      </trkpt>
      <trkpt lat="46.35949" lon="-63.22627">
        <ele>58.6</ele>
      </trkpt>
      <trkpt lat="46.35954" lon="-63.22602">
        <ele>58.8</ele>
      </trkpt>
      <trkpt lat="46.35965" lon="-63.22552">
        <ele>58.9</ele>
      </trkpt>
      <trkpt lat="46.35985" lon="-63.22452">
        <ele>58.4</ele>
      </trkpt>
      <trkpt lat="46.35985" lon="-63.22452">
        <ele>58.4</ele>
      </trkpt>
      <trkpt lat="46.36036" lon="-63.22474">
        <ele>57.1</ele>
      </trkpt>
      <trkpt lat="46.36105" lon="-63.22503">
        <ele>54.0</ele>
      </trkpt>
      <trkpt lat="46.36174" lon="-63.22533">
        <ele>54.0</ele>
      </trkpt>
      <trkpt lat="46.36174" lon="-63.22533">
        <ele>54.0</ele>
      </trkpt>
      <trkpt lat="46.36204" lon="-63.22384">
        <ele>55.1</ele>
      </trkpt>
      <trkpt lat="46.36209" lon="-63.22359">
        <ele>56.1</ele>
      </trkpt>
      <trkpt lat="46.36229" lon="-63.22259">
        <ele>56.1</ele>
      </trkpt>
      <trkpt lat="46.3624" lon="-63.22209">
        <ele>52.6</ele>
      </trkpt>
      <trkpt lat="46.36265" lon="-63.22084">
        <ele>48.0</ele>
      </trkpt>
      <trkpt lat="46.3627" lon="-63.22059">
        <ele>48.2</ele>
      </trkpt>
      <trkpt lat="46.36285" lon="-63.21984">
        <ele>47.9</ele>
      </trkpt>
      <trkpt lat="46.36308" lon="-63.21866">
        <ele>45.9</ele>
      </trkpt>
      <trkpt lat="46.36314" lon="-63.21839">
        <ele>45.5</ele>
      </trkpt>
      <trkpt lat="46.3632" lon="-63.21805">
        <ele>45.4</ele>
      </trkpt>
      <trkpt lat="46.36326" lon="-63.21773">
        <ele>45.2</ele>
      </trkpt>
      <trkpt lat="46.36327" lon="-63.21766">
        <ele>45.2</ele>
      </trkpt>
      <trkpt lat="46.36326" lon="-63.21761">
        <ele>45.3</ele>
      </trkpt>
      <trkpt lat="46.36326" lon="-63.21759">
        <ele>45.3</ele>
      </trkpt>
      <trkpt lat="46.36325" lon="-63.21757">
        <ele>45.3</ele>
      </trkpt>
      <trkpt lat="46.36322" lon="-63.21753">
        <ele>45.4</ele>
      </trkpt>
      <trkpt lat="46.36319" lon="-63.2175">
        <ele>45.5</ele>
      </trkpt>
      <trkpt lat="46.36298" lon="-63.21738">
        <ele>46.4</ele>
      </trkpt>
      <trkpt lat="46.36296" lon="-63.21737">
        <ele>46.5</ele>
      </trkpt>
      <trkpt lat="46.36295" lon="-63.21736">
        <ele>46.5</ele>
      </trkpt>
      <trkpt lat="46.36294" lon="-63.21735">
        <ele>46.6</ele>
      </trkpt>
      <trkpt lat="46.36293" lon="-63.21733">
        <ele>46.7</ele>
      </trkpt>
      <trkpt lat="46.36292" lon="-63.2173">
        <ele>46.7</ele>
      </trkpt>
      <trkpt lat="46.36292" lon="-63.21727">
        <ele>46.8</ele>
      </trkpt>
      <trkpt lat="46.36291" lon="-63.21723">
        <ele>46.8</ele>
      </trkpt>
      <trkpt lat="46.36291" lon="-63.21719">
        <ele>46.9</ele>
      </trkpt>
      <trkpt lat="46.36292" lon="-63.21715">
        <ele>46.9</ele>
      </trkpt>
      <trkpt lat="46.36292" lon="-63.21711">
        <ele>47.0</ele>
      </trkpt>
      <trkpt lat="46.36302" lon="-63.21661">
        <ele>47.3</ele>
      </trkpt>
      <trkpt lat="46.36316" lon="-63.21585">
        <ele>49.2</ele>
      </trkpt>
      <trkpt lat="46.3634" lon="-63.21459">
        <ele>51.0</ele>
      </trkpt>
      <trkpt lat="46.36344" lon="-63.21434">
        <ele>51.1</ele>
      </trkpt>
      <trkpt lat="46.36359" lon="-63.21359">
        <ele>51.0</ele>
      </trkpt>
      <trkpt lat="46.36368" lon="-63.21308">
        <ele>51.4</ele>
      </trkpt>
      <trkpt lat="46.36373" lon="-63.21283">
        <ele>51.7</ele>
      </trkpt>
      <trkpt lat="46.36382" lon="-63.21233">
        <ele>52.0</ele>
      </trkpt>
      <trkpt lat="46.36386" lon="-63.21212">
        <ele>51.8</ele>
      </trkpt>
      <trkpt lat="46.36382" lon="-63.21211">
        <ele>51.6</ele>
      </trkpt>
      <trkpt lat="46.36404" lon="-63.21098">
        <ele>49.2</ele>
      </trkpt>
      <trkpt lat="46.36426" lon="-63.20986">
        <ele>46.0</ele>
      </trkpt>
      <trkpt lat="46.36448" lon="-63.20873">
        <ele>43.4</ele>
      </trkpt>
      <trkpt lat="46.3647" lon="-63.20761">
        <ele>40.3</ele>
      </trkpt>
      <trkpt lat="46.36492" lon="-63.20649">
        <ele>38.3</ele>
      </trkpt>
      <trkpt lat="46.36509" lon="-63.20552">
        <ele>36.6</ele>
      </trkpt>
      <trkpt lat="46.36526" lon="-63.20455">
        <ele>35.5</ele>
      </trkpt>
      <trkpt lat="46.36605" lon="-63.20485">
        <ele>37.1</ele>
      </trkpt>
      <trkpt lat="46.36683" lon="-63.20515">
        <ele>38.4</ele>
      </trkpt>
      <trkpt lat="46.36762" lon="-63.20545">
        <ele>40.4</ele>
      </trkpt>
      <trkpt lat="46.36841" lon="-63.20575">
        <ele>42.9</ele>
      </trkpt>
      <trkpt lat="46.3692" lon="-63.20605">
        <ele>45.4</ele>
      </trkpt>
      <trkpt lat="46.36998" lon="-63.20635">
        <ele>48.2</ele>
      </trkpt>
      <trkpt lat="46.37077" lon="-63.20665">
        <ele>49.0</ele>
      </trkpt>
      <trkpt lat="46.37156" lon="-63.20695">
        <ele>50.4</ele>
      </trkpt>
      <trkpt lat="46.37234" lon="-63.20725">
        <ele>50.1</ele>
      </trkpt>
      <trkpt lat="46.373" lon="-63.20753">
        <ele>48.2</ele>
      </trkpt>
      <trkpt lat="46.37365" lon="-63.20782">
        <ele>47.7</ele>
      </trkpt>
      <trkpt lat="46.3743" lon="-63.2081">
        <ele>48.4</ele>
      </trkpt>
      <trkpt lat="46.37495" lon="-63.20838">
        <ele>45.2</ele>
      </trkpt>
      <trkpt lat="46.37566" lon="-63.20866">
        <ele>43.9</ele>
      </trkpt>
      <trkpt lat="46.37637" lon="-63.20894">
        <ele>43.6</ele>
      </trkpt>
      <trkpt lat="46.37709" lon="-63.20922">
        <ele>44.4</ele>
      </trkpt>
      <trkpt lat="46.37795" lon="-63.20958">
        <ele>42.9</ele>
      </trkpt>
      <trkpt lat="46.37881" lon="-63.20994">
        <ele>40.0</ele>
      </trkpt>
      <trkpt lat="46.37968" lon="-63.2103">
        <ele>35.4</ele>
      </trkpt>
      <trkpt lat="46.38046" lon="-63.21059">
        <ele>31.6</ele>
      </trkpt>
      <trkpt lat="46.38125" lon="-63.21087">
        <ele>27.9</ele>
      </trkpt>
      <trkpt lat="46.38204" lon="-63.21116">
        <ele>24.3</ele>
      </trkpt>
      <trkpt lat="46.38282" lon="-63.21147">
        <ele>20.2</ele>
      </trkpt>
      <trkpt lat="46.38359" lon="-63.21177">
        <ele>16.5</ele>
      </trkpt>
      <trkpt lat="46.38437" lon="-63.21207">
        <ele>15.9</ele>
      </trkpt>
      <trkpt lat="46.38514" lon="-63.21237">
        <ele>18.3</ele>
      </trkpt>
      <trkpt lat="46.3855" lon="-63.21257">
        <ele>18.5</ele>
      </trkpt>
      <trkpt lat="46.38576" lon="-63.21277">
        <ele>18.9</ele>
      </trkpt>
      <trkpt lat="46.386" lon="-63.213">
        <ele>19.1</ele>
      </trkpt>
      <trkpt lat="46.38629" lon="-63.21335">
        <ele>18.9</ele>
      </trkpt>
      <trkpt lat="46.38638" lon="-63.2135">
        <ele>18.4</ele>
      </trkpt>
      <trkpt lat="46.38666" lon="-63.21329">
        <ele>19.1</ele>
      </trkpt>
      <trkpt lat="46.3869" lon="-63.21321">
        <ele>19.9</ele>
      </trkpt>
      <trkpt lat="46.38714" lon="-63.21321">
        <ele>20.7</ele>
      </trkpt>
      <trkpt lat="46.38734" lon="-63.21327">
        <ele>21.4</ele>
      </trkpt>
      <trkpt lat="46.38796" lon="-63.21351">
        <ele>22.2</ele>
      </trkpt>
      <trkpt lat="46.38857" lon="-63.21376">
        <ele>22.8</ele>
      </trkpt>
      <trkpt lat="46.38919" lon="-63.21401">
        <ele>23.9</ele>
      </trkpt>
      <trkpt lat="46.39005" lon="-63.21438">
        <ele>28.0</ele>
      </trkpt>
      <trkpt lat="46.3909" lon="-63.21475">
        <ele>31.8</ele>
      </trkpt>
      <trkpt lat="46.39101" lon="-63.21497">
        <ele>32.2</ele>
      </trkpt>
      <trkpt lat="46.39119" lon="-63.21576">
        <ele>31.3</ele>
      </trkpt>
      <trkpt lat="46.39136" lon="-63.21655">
        <ele>29.0</ele>
      </trkpt>
      <trkpt lat="46.39146" lon="-63.21678">
        <ele>28.6</ele>
      </trkpt>
      <trkpt lat="46.39162" lon="-63.21694">
        <ele>28.4</ele>
      </trkpt>
      <trkpt lat="46.39184" lon="-63.21707">
        <ele>28.3</ele>
      </trkpt>
      <trkpt lat="46.39246" lon="-63.21736">
        <ele>28.5</ele>
      </trkpt>
      <trkpt lat="46.39256" lon="-63.21741">
        <ele>28.6</ele>
      </trkpt>
      <trkpt lat="46.39273" lon="-63.21748">
        <ele>28.4</ele>
      </trkpt>
      <trkpt lat="46.3929" lon="-63.21756">
        <ele>28.0</ele>
      </trkpt>
      <trkpt lat="46.39324" lon="-63.21772">
        <ele>27.2</ele>
      </trkpt>
      <trkpt lat="46.39393" lon="-63.21803">
        <ele>27.5</ele>
      </trkpt>
      <trkpt lat="46.3941" lon="-63.21811">
        <ele>27.7</ele>
      </trkpt>
      <trkpt lat="46.39427" lon="-63.21818">
        <ele>27.3</ele>
      </trkpt>
      <trkpt lat="46.39444" lon="-63.21826">
        <ele>26.6</ele>
      </trkpt>
      <trkpt lat="46.39506" lon="-63.21854">
        <ele>23.3</ele>
      </trkpt>
      <trkpt lat="46.39513" lon="-63.21857">
        <ele>22.9</ele>
      </trkpt>
      <trkpt lat="46.3953" lon="-63.21866">
        <ele>22.2</ele>
      </trkpt>
      <trkpt lat="46.39615" lon="-63.21907">
        <ele>19.8</ele>
      </trkpt>
      <trkpt lat="46.39649" lon="-63.21924">
        <ele>18.7</ele>
      </trkpt>
      <trkpt lat="46.39684" lon="-63.2194">
        <ele>18.4</ele>
      </trkpt>
      <trkpt lat="46.39701" lon="-63.21949">
        <ele>18.5</ele>
      </trkpt>
      <trkpt lat="46.39718" lon="-63.21957">
        <ele>18.5</ele>
      </trkpt>
      <trkpt lat="46.39752" lon="-63.21973">
        <ele>18.3</ele>
      </trkpt>
      <trkpt lat="46.3976" lon="-63.21977">
        <ele>18.1</ele>
      </trkpt>
      <trkpt lat="46.39786" lon="-63.2199">
        <ele>17.6</ele>
      </trkpt>
      <trkpt lat="46.39837" lon="-63.22015">
        <ele>17.5</ele>
      </trkpt>
      <trkpt lat="46.39837" lon="-63.22015">
        <ele>17.5</ele>
      </trkpt>
      <trkpt lat="46.39852" lon="-63.21993">
        <ele>17.1</ele>
      </trkpt>
      <trkpt lat="46.39863" lon="-63.21978">
        <ele>17.3</ele>
      </trkpt>
      <trkpt lat="46.39869" lon="-63.2197">
        <ele>17.5</ele>
      </trkpt>
      <trkpt lat="46.39876" lon="-63.2196">
        <ele>17.7</ele>
      </trkpt>
      <trkpt lat="46.39884" lon="-63.21947">
        <ele>18.2</ele>
      </trkpt>
      <trkpt lat="46.39898" lon="-63.21928">
        <ele>19.0</ele>
      </trkpt>
      <trkpt lat="46.39914" lon="-63.21904">
        <ele>20.4</ele>
      </trkpt>
      <trkpt lat="46.39928" lon="-63.21884">
        <ele>21.9</ele>
      </trkpt>
      <trkpt lat="46.39941" lon="-63.21863">
        <ele>23.6</ele>
      </trkpt>
      <trkpt lat="46.39956" lon="-63.21841">
        <ele>25.5</ele>
      </trkpt>
      <trkpt lat="46.39968" lon="-63.21823">
        <ele>27.0</ele>
      </trkpt>
      <trkpt lat="46.39969" lon="-63.21821">
        <ele>27.1</ele>
      </trkpt>
      <trkpt lat="46.3998" lon="-63.21805">
        <ele>28.2</ele>
      </trkpt>
      <trkpt lat="46.39981" lon="-63.21802">
        <ele>28.4</ele>
      </trkpt>
      <trkpt lat="46.39992" lon="-63.21785">
        <ele>29.2</ele>
      </trkpt>
      <trkpt lat="46.39998" lon="-63.21773">
        <ele>29.6</ele>
      </trkpt>
      <trkpt lat="46.40004" lon="-63.21762">
        <ele>29.9</ele>
      </trkpt>
      <trkpt lat="46.40016" lon="-63.21737">
        <ele>30.0</ele>
      </trkpt>
      <trkpt lat="46.40025" lon="-63.2172">
        <ele>29.9</ele>
      </trkpt>
      <trkpt lat="46.40027" lon="-63.21717">
        <ele>29.9</ele>
      </trkpt>
      <trkpt lat="46.40035" lon="-63.21698">
        <ele>29.7</ele>
      </trkpt>
      <trkpt lat="46.40039" lon="-63.21691">
        <ele>29.7</ele>
      </trkpt>
      <trkpt lat="46.40045" lon="-63.21676">
        <ele>29.5</ele>
      </trkpt>
      <trkpt lat="46.40048" lon="-63.21668">
        <ele>29.4</ele>
      </trkpt>
      <trkpt lat="46.40054" lon="-63.21654">
        <ele>29.3</ele>
      </trkpt>
      <trkpt lat="46.40056" lon="-63.21647">
        <ele>29.2</ele>
      </trkpt>
      <trkpt lat="46.40067" lon="-63.2162">
        <ele>28.9</ele>
      </trkpt>
      <trkpt lat="46.40077" lon="-63.2159">
        <ele>28.3</ele>
      </trkpt>
      <trkpt lat="46.40085" lon="-63.21565">
        <ele>27.9</ele>
      </trkpt>
      <trkpt lat="46.40087" lon="-63.21561">
        <ele>27.8</ele>
      </trkpt>
      <trkpt lat="46.4009" lon="-63.2155">
        <ele>27.6</ele>
      </trkpt>
      <trkpt lat="46.40093" lon="-63.21537">
        <ele>27.5</ele>
      </trkpt>
      <trkpt lat="46.40094" lon="-63.21535">
        <ele>27.5</ele>
      </trkpt>
      <trkpt lat="46.40099" lon="-63.21515">
        <ele>27.3</ele>
      </trkpt>
      <trkpt lat="46.401" lon="-63.21512">
        <ele>27.3</ele>
      </trkpt>
      <trkpt lat="46.40105" lon="-63.21492">
        <ele>27.0</ele>
      </trkpt>
      <trkpt lat="46.40111" lon="-63.21463">
        <ele>26.1</ele>
      </trkpt>
      <trkpt lat="46.40118" lon="-63.21434">
        <ele>25.4</ele>
      </trkpt>
      <trkpt lat="46.40123" lon="-63.21413">
        <ele>25.0</ele>
      </trkpt>
      <trkpt lat="46.40128" lon="-63.21389">
        <ele>25.0</ele>
      </trkpt>
      <trkpt lat="46.4014" lon="-63.21338">
        <ele>25.0</ele>
      </trkpt>
      <trkpt lat="46.40151" lon="-63.21289">
        <ele>23.4</ele>
      </trkpt>
      <trkpt lat="46.40156" lon="-63.21265">
        <ele>22.5</ele>
      </trkpt>
      <trkpt lat="46.40162" lon="-63.2124">
        <ele>21.8</ele>
      </trkpt>
      <trkpt lat="46.40167" lon="-63.21218">
        <ele>21.2</ele>
      </trkpt>
      <trkpt lat="46.40185" lon="-63.21141">
        <ele>18.3</ele>
      </trkpt>
      <trkpt lat="46.4019" lon="-63.21116">
        <ele>16.7</ele>
      </trkpt>
      <trkpt lat="46.40196" lon="-63.21091">
        <ele>15.2</ele>
      </trkpt>
      <trkpt lat="46.40207" lon="-63.21042">
        <ele>14.5</ele>
      </trkpt>
      <trkpt lat="46.40213" lon="-63.21017">
        <ele>14.4</ele>
      </trkpt>
      <trkpt lat="46.40215" lon="-63.21009">
        <ele>14.4</ele>
      </trkpt>
      <trkpt lat="46.40219" lon="-63.20992">
        <ele>14.2</ele>
      </trkpt>
      <trkpt lat="46.40235" lon="-63.20918">
        <ele>11.7</ele>
      </trkpt>
      <trkpt lat="46.40241" lon="-63.20893">
        <ele>11.0</ele>
      </trkpt>
      <trkpt lat="46.40246" lon="-63.20868">
        <ele>10.2</ele>
      </trkpt>
      <trkpt lat="46.40252" lon="-63.20843">
        <ele>9.3</ele>
      </trkpt>
      <trkpt lat="46.40257" lon="-63.20821">
        <ele>8.9</ele>
      </trkpt>
      <trkpt lat="46.40258" lon="-63.20819">
        <ele>8.9</ele>
      </trkpt>
      <trkpt lat="46.40263" lon="-63.20794">
        <ele>9.0</ele>
      </trkpt>
      <trkpt lat="46.40269" lon="-63.20769">
        <ele>9.1</ele>
      </trkpt>
      <trkpt lat="46.40273" lon="-63.20749">
        <ele>9.3</ele>
      </trkpt>
      <trkpt lat="46.40294" lon="-63.20662">
        <ele>10.0</ele>
      </trkpt>
      <trkpt lat="46.40315" lon="-63.20571">
        <ele>9.1</ele>
      </trkpt>
      <trkpt lat="46.40316" lon="-63.20567">
        <ele>9.1</ele>
      </trkpt>
      <trkpt lat="46.40332" lon="-63.20497">
        <ele>9.1</ele>
      </trkpt>
      <trkpt lat="46.4034" lon="-63.20462">
        <ele>9.8</ele>
      </trkpt>
      <trkpt lat="46.4036" lon="-63.20373">
        <ele>10.9</ele>
      </trkpt>
      <trkpt lat="46.40365" lon="-63.20354">
        <ele>11.0</ele>
      </trkpt>
      <trkpt lat="46.40366" lon="-63.20349">
        <ele>11.0</ele>
      </trkpt>
      <trkpt lat="46.40372" lon="-63.20324">
        <ele>11.1</ele>
      </trkpt>
      <trkpt lat="46.40377" lon="-63.20299">
        <ele>11.1</ele>
      </trkpt>
      <trkpt lat="46.40394" lon="-63.20227">
        <ele>11.7</ele>
      </trkpt>
      <trkpt lat="46.40394" lon="-63.20225">
        <ele>11.8</ele>
      </trkpt>
      <trkpt lat="46.404" lon="-63.202">
        <ele>12.5</ele>
      </trkpt>
      <trkpt lat="46.4042" lon="-63.2011">
        <ele>14.8</ele>
      </trkpt>
      <trkpt lat="46.40434" lon="-63.20051">
        <ele>15.4</ele>
      </trkpt>
      <trkpt lat="46.40439" lon="-63.20027">
        <ele>15.5</ele>
      </trkpt>
      <trkpt lat="46.40445" lon="-63.2">
        <ele>15.6</ele>
      </trkpt>
      <trkpt lat="46.40465" lon="-63.19915">
        <ele>15.3</ele>
      </trkpt>
      <trkpt lat="46.40473" lon="-63.1988">
        <ele>16.1</ele>
      </trkpt>
      <trkpt lat="46.40484" lon="-63.19836">
        <ele>17.3</ele>
      </trkpt>
      <trkpt lat="46.40494" lon="-63.19792">
        <ele>18.2</ele>
      </trkpt>
      <trkpt lat="46.40502" lon="-63.19756">
        <ele>18.8</ele>
      </trkpt>
      <trkpt lat="46.40511" lon="-63.19718">
        <ele>17.9</ele>
      </trkpt>
      <trkpt lat="46.40511" lon="-63.19717">
        <ele>17.8</ele>
      </trkpt>
      <trkpt lat="46.40516" lon="-63.19693">
        <ele>17.3</ele>
      </trkpt>
      <trkpt lat="46.40518" lon="-63.19687">
        <ele>17.1</ele>
      </trkpt>
      <trkpt lat="46.40527" lon="-63.19645">
        <ele>16.4</ele>
      </trkpt>
      <trkpt lat="46.40528" lon="-63.19643">
        <ele>16.4</ele>
      </trkpt>
      <trkpt lat="46.40534" lon="-63.19619">
        <ele>15.9</ele>
      </trkpt>
      <trkpt lat="46.40538" lon="-63.19599">
        <ele>15.4</ele>
      </trkpt>
      <trkpt lat="46.40548" lon="-63.19556">
        <ele>14.6</ele>
      </trkpt>
      <trkpt lat="46.40558" lon="-63.19517">
        <ele>14.3</ele>
      </trkpt>
      <trkpt lat="46.40558" lon="-63.19517">
        <ele>14.3</ele>
      </trkpt>
      <trkpt lat="46.4061" lon="-63.19539">
        <ele>12.4</ele>
      </trkpt>
      <trkpt lat="46.40627" lon="-63.19546">
        <ele>11.6</ele>
      </trkpt>
      <trkpt lat="46.40688" lon="-63.19572">
        <ele>9.8</ele>
      </trkpt>
      <trkpt lat="46.40739" lon="-63.19594">
        <ele>9.3</ele>
      </trkpt>
      <trkpt lat="46.40756" lon="-63.19601">
        <ele>9.2</ele>
      </trkpt>
      <trkpt lat="46.40791" lon="-63.19616">
        <ele>8.8</ele>
      </trkpt>
      <trkpt lat="46.40808" lon="-63.19623">
        <ele>8.5</ele>
      </trkpt>
      <trkpt lat="46.40808" lon="-63.19624">
        <ele>8.5</ele>
      </trkpt>
      <trkpt lat="46.40826" lon="-63.19631">
        <ele>8.0</ele>
      </trkpt>
      <trkpt lat="46.40877" lon="-63.19653">
        <ele>10.2</ele>
      </trkpt>
      <trkpt lat="46.40885" lon="-63.19657">
        <ele>10.7</ele>
      </trkpt>
      <trkpt lat="46.40895" lon="-63.19661">
        <ele>11.4</ele>
      </trkpt>
      <trkpt lat="46.40903" lon="-63.19664">
        <ele>12.0</ele>
      </trkpt>
      <trkpt lat="46.40972" lon="-63.19694">
        <ele>15.4</ele>
      </trkpt>
      <trkpt lat="46.41024" lon="-63.19717">
        <ele>16.3</ele>
      </trkpt>
      <trkpt lat="46.41074" lon="-63.19739">
        <ele>16.0</ele>
      </trkpt>
      <trkpt lat="46.41092" lon="-63.19746">
        <ele>15.9</ele>
      </trkpt>
      <trkpt lat="46.41098" lon="-63.19749">
        <ele>15.8</ele>
      </trkpt>
      <trkpt lat="46.41212" lon="-63.19799">
        <ele>15.7</ele>
      </trkpt>
      <trkpt lat="46.41308" lon="-63.19843">
        <ele>17.3</ele>
      </trkpt>
      <trkpt lat="46.41479" lon="-63.19923">
        <ele>15.0</ele>
      </trkpt>
      <trkpt lat="46.41612" lon="-63.19983">
        <ele>12.8</ele>
      </trkpt>
      <trkpt lat="46.41681" lon="-63.20015">
        <ele>11.7</ele>
      </trkpt>
      <trkpt lat="46.41715" lon="-63.20029">
        <ele>10.3</ele>
      </trkpt>
      <trkpt lat="46.41733" lon="-63.20036">
        <ele>9.7</ele>
      </trkpt>
      <trkpt lat="46.41767" lon="-63.20051">
        <ele>8.3</ele>
      </trkpt>
      <trkpt lat="46.4182" lon="-63.20075">
        <ele>5.0</ele>
      </trkpt>
      <trkpt lat="46.41828" lon="-63.20078">
        <ele>4.4</ele>
      </trkpt>
      <trkpt lat="46.41876" lon="-63.20099">
        <ele>3.9</ele>
      </trkpt>
      <trkpt lat="46.41884" lon="-63.20102">
        <ele>3.8</ele>
      </trkpt>
      <trkpt lat="46.41941" lon="-63.20129">
        <ele>3.4</ele>
      </trkpt>
      <trkpt lat="46.41996" lon="-63.20151">
        <ele>1.9</ele>
      </trkpt>
      <trkpt lat="46.42006" lon="-63.20156">
        <ele>1.7</ele>
      </trkpt>
      <trkpt lat="46.42022" lon="-63.2016">
        <ele>1.4</ele>
      </trkpt>
      <trkpt lat="46.4203" lon="-63.20162">
        <ele>1.2</ele>
      </trkpt>
      <trkpt lat="46.42037" lon="-63.20163">
        <ele>1.1</ele>
      </trkpt>
      <trkpt lat="46.42043" lon="-63.20164">
        <ele>1.0</ele>
      </trkpt>
      <trkpt lat="46.42052" lon="-63.20163">
        <ele>0.7</ele>
      </trkpt>
      <trkpt lat="46.42077" lon="-63.20156">
        <ele>0.1</ele>
      </trkpt>
      <trkpt lat="46.42085" lon="-63.20152">
        <ele>2.6</ele>
      </trkpt>
      <trkpt lat="46.42094" lon="-63.20148">
        <ele>2.9</ele>
      </trkpt>
      <trkpt lat="46.42103" lon="-63.20143">
        <ele>3.3</ele>
      </trkpt>
      <trkpt lat="46.42116" lon="-63.20134">
        <ele>4.1</ele>
      </trkpt>
      <trkpt lat="46.4213" lon="-63.20123">
        <ele>5.2</ele>
      </trkpt>
      <trkpt lat="46.42155" lon="-63.20102">
        <ele>6.0</ele>
      </trkpt>
      <trkpt lat="46.4228" lon="-63.19998">
        <ele>2.8</ele>
      </trkpt>
      <trkpt lat="46.42304" lon="-63.19986">
        <ele>4.5</ele>
      </trkpt>
      <trkpt lat="46.42314" lon="-63.19982">
        <ele>5.3</ele>
      </trkpt>
      <trkpt lat="46.42324" lon="-63.19979">
        <ele>6.1</ele>
      </trkpt>
      <trkpt lat="46.42333" lon="-63.19977">
        <ele>6.8</ele>
      </trkpt>
      <trkpt lat="46.42343" lon="-63.19977">
        <ele>6.7</ele>
      </trkpt>
      <trkpt lat="46.42349" lon="-63.19978">
        <ele>6.6</ele>
      </trkpt>
      <trkpt lat="46.42356" lon="-63.19979">
        <ele>6.6</ele>
      </trkpt>
      <trkpt lat="46.42362" lon="-63.1998">
        <ele>6.5</ele>
      </trkpt>
      <trkpt lat="46.42368" lon="-63.19982">
        <ele>6.4</ele>
      </trkpt>
      <trkpt lat="46.42383" lon="-63.19988">
        <ele>6.2</ele>
      </trkpt>
      <trkpt lat="46.42385" lon="-63.19988">
        <ele>6.2</ele>
      </trkpt>
      <trkpt lat="46.42394" lon="-63.19993">
        <ele>6.1</ele>
      </trkpt>
      <trkpt lat="46.42402" lon="-63.19997">
        <ele>6.0</ele>
      </trkpt>
      <trkpt lat="46.42405" lon="-63.19998">
        <ele>6.0</ele>
      </trkpt>
      <trkpt lat="46.4247" lon="-63.20029">
        <ele>5.7</ele>
      </trkpt>
      <trkpt lat="46.42471" lon="-63.20029">
        <ele>5.7</ele>
      </trkpt>
      <trkpt lat="46.42487" lon="-63.20037">
        <ele>5.6</ele>
      </trkpt>
      <trkpt lat="46.42529" lon="-63.20058">
        <ele>4.9</ele>
      </trkpt>
      <trkpt lat="46.42538" lon="-63.20063">
        <ele>4.7</ele>
      </trkpt>
      <trkpt lat="46.42555" lon="-63.20071">
        <ele>4.4</ele>
      </trkpt>
      <trkpt lat="46.42577" lon="-63.20081">
        <ele>4.1</ele>
      </trkpt>
      <trkpt lat="46.42598" lon="-63.20089">
        <ele>4.2</ele>
      </trkpt>
      <trkpt lat="46.42614" lon="-63.20095">
        <ele>4.5</ele>
      </trkpt>
      <trkpt lat="46.42627" lon="-63.20098">
        <ele>4.6</ele>
      </trkpt>
      <trkpt lat="46.42633" lon="-63.201">
        <ele>4.7</ele>
      </trkpt>
      <trkpt lat="46.4264" lon="-63.20101">
        <ele>4.7</ele>
      </trkpt>
      <trkpt lat="46.4265" lon="-63.20101">
        <ele>4.8</ele>
      </trkpt>
      <trkpt lat="46.42659" lon="-63.20101">
        <ele>4.9</ele>
      </trkpt>
      <trkpt lat="46.42667" lon="-63.20099">
        <ele>5.0</ele>
      </trkpt>
      <trkpt lat="46.42675" lon="-63.20097">
        <ele>4.7</ele>
      </trkpt>
      <trkpt lat="46.42681" lon="-63.20095">
        <ele>4.5</ele>
      </trkpt>
      <trkpt lat="46.42688" lon="-63.20092">
        <ele>4.3</ele>
      </trkpt>
      <trkpt lat="46.42698" lon="-63.20087">
        <ele>3.9</ele>
      </trkpt>
      <trkpt lat="46.42707" lon="-63.2008">
        <ele>3.5</ele>
      </trkpt>
      <trkpt lat="46.42708" lon="-63.2008">
        <ele>3.5</ele>
      </trkpt>
      <trkpt lat="46.42714" lon="-63.20074">
        <ele>3.2</ele>
      </trkpt>
      <trkpt lat="46.42716" lon="-63.20072">
        <ele>3.1</ele>
      </trkpt>
      <trkpt lat="46.42722" lon="-63.20065">
        <ele>2.8</ele>
      </trkpt>
      <trkpt lat="46.42728" lon="-63.20057">
        <ele>2.5</ele>
      </trkpt>
      <trkpt lat="46.42734" lon="-63.20048">
        <ele>2.2</ele>
      </trkpt>
      <trkpt lat="46.4274" lon="-63.20035">
        <ele>1.8</ele>
      </trkpt>
      <trkpt lat="46.42741" lon="-63.20034">
        <ele>1.7</ele>
      </trkpt>
      <trkpt lat="46.42763" lon="-63.19988">
        <ele>0.9</ele>
      </trkpt>
      <trkpt lat="46.42769" lon="-63.19975">
        <ele>0.7</ele>
      </trkpt>
      <trkpt lat="46.42784" lon="-63.19949">
        <ele>0.4</ele>
      </trkpt>
      <trkpt lat="46.42792" lon="-63.19934">
        <ele>0.2</ele>
      </trkpt>
      <trkpt lat="46.42793" lon="-63.19933">
        <ele>0.2</ele>
      </trkpt>
      <trkpt lat="46.42802" lon="-63.19919">
        <ele>0.0</ele>
      </trkpt>
      <trkpt lat="46.42809" lon="-63.19908">
        <ele>0.0</ele>
      </trkpt>
      <trkpt lat="46.42817" lon="-63.19898">
        <ele>0.0</ele>
      </trkpt>
      <trkpt lat="46.42825" lon="-63.19889">
        <ele>0.0</ele>
      </trkpt>
      <trkpt lat="46.42828" lon="-63.19886">
        <ele>0.0</ele>
      </trkpt>
      <trkpt lat="46.42833" lon="-63.19882">
        <ele>0.0</ele>
      </trkpt>
      <trkpt lat="46.42834" lon="-63.19882">
        <ele>0.0</ele>
      </trkpt>
      <trkpt lat="46.42863" lon="-63.19862">
        <ele>-0.1</ele>
      </trkpt>
      <trkpt lat="46.42876" lon="-63.19854">
        <ele>-0.1</ele>
      </trkpt>
      <trkpt lat="46.42905" lon="-63.19829">
        <ele>0.1</ele>
      </trkpt>
      <trkpt lat="46.42906" lon="-63.19828">
        <ele>0.1</ele>
      </trkpt>
      <trkpt lat="46.42915" lon="-63.19818">
        <ele>0.2</ele>
      </trkpt>
      <trkpt lat="46.42923" lon="-63.1981">
        <ele>0.3</ele>
      </trkpt>
      <trkpt lat="46.42932" lon="-63.19798">
        <ele>0.3</ele>
      </trkpt>
      <trkpt lat="46.42932" lon="-63.19798">
        <ele>0.3</ele>
      </trkpt>
      <trkpt lat="46.42941" lon="-63.19815">
        <ele>0.2</ele>
      </trkpt>
      <trkpt lat="46.42948" lon="-63.19829">
        <ele>0.0</ele>
      </trkpt>
      <trkpt lat="46.42953" lon="-63.19842">
        <ele>-0.1</ele>
      </trkpt>
      <trkpt lat="46.42956" lon="-63.19853">
        <ele>-0.1</ele>
      </trkpt>
      <trkpt lat="46.42958" lon="-63.19866">
        <ele>-0.2</ele>
      </trkpt>
      <trkpt lat="46.42958" lon="-63.1987">
        <ele>-0.2</ele>
      </trkpt>
      <trkpt lat="46.42958" lon="-63.19879">
        <ele>-0.3</ele>
      </trkpt>
      <trkpt lat="46.42958" lon="-63.1988">
        <ele>-0.3</ele>
      </trkpt>
      <trkpt lat="46.4296" lon="-63.2001">
        <ele>-0.4</ele>
      </trkpt>
      <trkpt lat="46.4296" lon="-63.20026">
        <ele>-0.2</ele>
      </trkpt>
      <trkpt lat="46.42961" lon="-63.20036">
        <ele>0.0</ele>
      </trkpt>
      <trkpt lat="46.42961" lon="-63.20088">
        <ele>0.6</ele>
      </trkpt>
      <trkpt lat="46.42962" lon="-63.20166">
        <ele>1.5</ele>
      </trkpt>
      <trkpt lat="46.42963" lon="-63.20183">
        <ele>1.8</ele>
      </trkpt>
      <trkpt lat="46.42963" lon="-63.20192">
        <ele>2.0</ele>
      </trkpt>
      <trkpt lat="46.42963" lon="-63.20209">
        <ele>2.3</ele>
      </trkpt>
      <trkpt lat="46.42963" lon="-63.20219">
        <ele>2.5</ele>
      </trkpt>
      <trkpt lat="46.42963" lon="-63.20235">
        <ele>2.7</ele>
      </trkpt>
      <trkpt lat="46.42964" lon="-63.20245">
        <ele>2.9</ele>
      </trkpt>
      <trkpt lat="46.42964" lon="-63.20261">
        <ele>3.0</ele>
      </trkpt>
      <trkpt lat="46.42964" lon="-63.20271">
        <ele>3.0</ele>
      </trkpt>
      <trkpt lat="46.42964" lon="-63.20287">
        <ele>2.9</ele>
      </trkpt>
      <trkpt lat="46.42965" lon="-63.2034">
        <ele>3.0</ele>
      </trkpt>
      <trkpt lat="46.42965" lon="-63.20349">
        <ele>3.1</ele>
      </trkpt>
      <trkpt lat="46.42965" lon="-63.20366">
        <ele>3.5</ele>
      </trkpt>
      <trkpt lat="46.42965" lon="-63.20375">
        <ele>3.6</ele>
      </trkpt>
      <trkpt lat="46.42966" lon="-63.20392">
        <ele>3.9</ele>
      </trkpt>
      <trkpt lat="46.42966" lon="-63.20401">
        <ele>4.1</ele>
      </trkpt>
      <trkpt lat="46.42966" lon="-63.20418">
        <ele>4.4</ele>
      </trkpt>
      <trkpt lat="46.42966" lon="-63.20427">
        <ele>4.6</ele>
      </trkpt>
      <trkpt lat="46.42966" lon="-63.20444">
        <ele>4.9</ele>
      </trkpt>
      <trkpt lat="46.42967" lon="-63.20479">
        <ele>5.6</ele>
      </trkpt>
      <trkpt lat="46.42967" lon="-63.20506">
        <ele>6.0</ele>
      </trkpt>
      <trkpt lat="46.42968" lon="-63.20522">
        <ele>6.0</ele>
      </trkpt>
      <trkpt lat="46.42968" lon="-63.20532">
        <ele>6.0</ele>
      </trkpt>
      <trkpt lat="46.42968" lon="-63.20548">
        <ele>6.0</ele>
      </trkpt>
      <trkpt lat="46.42968" lon="-63.20558">
        <ele>6.0</ele>
      </trkpt>
      <trkpt lat="46.42968" lon="-63.20574">
        <ele>6.0</ele>
      </trkpt>
      <trkpt lat="46.42968" lon="-63.20584">
        <ele>6.0</ele>
      </trkpt>
      <trkpt lat="46.42969" lon="-63.206">
        <ele>6.0</ele>
      </trkpt>
      <trkpt lat="46.42969" lon="-63.2061">
        <ele>6.0</ele>
      </trkpt>
      <trkpt lat="46.42969" lon="-63.20627">
        <ele>6.0</ele>
      </trkpt>
      <trkpt lat="46.4297" lon="-63.20662">
        <ele>6.0</ele>
      </trkpt>
      <trkpt lat="46.4297" lon="-63.20679">
        <ele>6.0</ele>
      </trkpt>
      <trkpt lat="46.42971" lon="-63.20793">
        <ele>4.5</ele>
      </trkpt>
      <trkpt lat="46.42972" lon="-63.20819">
        <ele>3.5</ele>
      </trkpt>
      <trkpt lat="46.42974" lon="-63.20949">
        <ele>1.2</ele>
      </trkpt>
      <trkpt lat="46.42974" lon="-63.21001">
        <ele>0.0</ele>
      </trkpt>
      <trkpt lat="46.42976" lon="-63.21087">
        <ele>-0.3</ele>
      </trkpt>
      <trkpt lat="46.42978" lon="-63.21191">
        <ele>0.2</ele>
      </trkpt>
      <trkpt lat="46.42979" lon="-63.21275">
        <ele>0.5</ele>
      </trkpt>
      <trkpt lat="46.42982" lon="-63.21462">
        <ele>0.5</ele>
      </trkpt>
      <trkpt lat="46.42986" lon="-63.21645">
        <ele>0.3</ele>
      </trkpt>
      <trkpt lat="46.42987" lon="-63.21749">
        <ele>0.8</ele>
      </trkpt>
      <trkpt lat="46.42989" lon="-63.21827">
        <ele>0.1</ele>
      </trkpt>
      <trkpt lat="46.42991" lon="-63.21958">
        <ele>0.5</ele>
      </trkpt>
      <trkpt lat="46.42993" lon="-63.22062">
        <ele>0.7</ele>
      </trkpt>
      <trkpt lat="46.42994" lon="-63.2214">
        <ele>0.9</ele>
      </trkpt>
      <trkpt lat="46.43004" lon="-63.22688">
        <ele>0.0</ele>
      </trkpt>
      <trkpt lat="46.43007" lon="-63.22735">
        <ele>-0.1</ele>
      </trkpt>
      <trkpt lat="46.43013" lon="-63.22782">
        <ele>0.2</ele>
      </trkpt>
      <trkpt lat="46.43022" lon="-63.22833">
        <ele>0.7</ele>
      </trkpt>
      <trkpt lat="46.43024" lon="-63.22842">
        <ele>0.6</ele>
      </trkpt>
      <trkpt lat="46.43033" lon="-63.22879">
        <ele>0.3</ele>
      </trkpt>
      <trkpt lat="46.43052" lon="-63.22934">
        <ele>0.1</ele>
      </trkpt>
      <trkpt lat="46.43068" lon="-63.22969">
        <ele>0.5</ele>
      </trkpt>
      <trkpt lat="46.43083" lon="-63.22998">
        <ele>1.0</ele>
      </trkpt>
      <trkpt lat="46.43084" lon="-63.23001">
        <ele>1.0</ele>
      </trkpt>
      <trkpt lat="46.4312" lon="-63.23059">
        <ele>0.2</ele>
      </trkpt>
      <trkpt lat="46.43124" lon="-63.23065">
        <ele>0.1</ele>
      </trkpt>
      <trkpt lat="46.43158" lon="-63.23115">
        <ele>-0.8</ele>
      </trkpt>
      <trkpt lat="46.43161" lon="-63.23118">
        <ele>-0.9</ele>
      </trkpt>
      <trkpt lat="46.43224" lon="-63.23204">
        <ele>0.1</ele>
      </trkpt>
      <trkpt lat="46.43284" lon="-63.23287">
        <ele>0.7</ele>
      </trkpt>
      <trkpt lat="46.43366" lon="-63.23403">
        <ele>-0.3</ele>
      </trkpt>
      <trkpt lat="46.43431" lon="-63.23495">
        <ele>0.3</ele>
      </trkpt>
      <trkpt lat="46.4346" lon="-63.23539">
        <ele>1.3</ele>
      </trkpt>
      <trkpt lat="46.43478" lon="-63.23572">
        <ele>1.7</ele>
      </trkpt>
      <trkpt lat="46.43506" lon="-63.23621">
        <ele>1.3</ele>
      </trkpt>
      <trkpt lat="46.43531" lon="-63.23677">
        <ele>0.9</ele>
      </trkpt>
      <trkpt lat="46.4355" lon="-63.23722">
        <ele>0.7</ele>
      </trkpt>
      <trkpt lat="46.43557" lon="-63.23737">
        <ele>0.6</ele>
      </trkpt>
      <trkpt lat="46.4356" lon="-63.23744">
        <ele>0.6</ele>
      </trkpt>
      <trkpt lat="46.43574" lon="-63.23785">
        <ele>0.0</ele>
      </trkpt>
      <trkpt lat="46.43584" lon="-63.23814">
        <ele>-0.5</ele>
      </trkpt>
      <trkpt lat="46.43593" lon="-63.23843">
        <ele>-0.9</ele>
      </trkpt>
      <trkpt lat="46.43607" lon="-63.23899">
        <ele>-0.5</ele>
      </trkpt>
      <trkpt lat="46.43622" lon="-63.2396">
        <ele>0.5</ele>
      </trkpt>
      <trkpt lat="46.43623" lon="-63.23961">
        <ele>0.5</ele>
      </trkpt>
      <trkpt lat="46.43633" lon="-63.24014">
        <ele>1.0</ele>
      </trkpt>
      <trkpt lat="46.43641" lon="-63.24069">
        <ele>1.0</ele>
      </trkpt>
      <trkpt lat="46.43642" lon="-63.24074">
        <ele>1.0</ele>
      </trkpt>
      <trkpt lat="46.4364" lon="-63.24075">
        <ele>1.0</ele>
      </trkpt>
      <trkpt lat="46.43647" lon="-63.24122">
        <ele>0.6</ele>
      </trkpt>
      <trkpt lat="46.43658" lon="-63.24228">
        <ele>0.7</ele>
      </trkpt>
      <trkpt lat="46.4367" lon="-63.24334">
        <ele>4.0</ele>
      </trkpt>
      <trkpt lat="46.43681" lon="-63.2444">
        <ele>5.9</ele>
      </trkpt>
      <trkpt lat="46.43693" lon="-63.24557">
        <ele>5.7</ele>
      </trkpt>
      <trkpt lat="46.43668" lon="-63.24579">
        <ele>5.0</ele>
      </trkpt>
      <trkpt lat="46.43651" lon="-63.24602">
        <ele>5.8</ele>
      </trkpt>
      <trkpt lat="46.43612" lon="-63.24601">
        <ele>6.7</ele>
      </trkpt>
      <trkpt lat="46.43575" lon="-63.24611">
        <ele>7.8</ele>
      </trkpt>
      <trkpt lat="46.43548" lon="-63.2455">
        <ele>7.2</ele>
      </trkpt>
      <trkpt lat="46.43522" lon="-63.24491">
        <ele>7.0</ele>
      </trkpt>
      <trkpt lat="46.43501" lon="-63.24473">
        <ele>7.3</ele>
      </trkpt>
      <trkpt lat="46.43486" lon="-63.24446">
        <ele>6.5</ele>
      </trkpt>
      <trkpt lat="46.43475" lon="-63.24416">
        <ele>5.7</ele>
      </trkpt>
      <trkpt lat="46.43469" lon="-63.24412">
        <ele>5.4</ele>
      </trkpt>
      <trkpt lat="46.4345" lon="-63.24432">
        <ele>5.7</ele>
      </trkpt>
      <trkpt lat="46.43432" lon="-63.24505">
        <ele>6.4</ele>
      </trkpt>
      <trkpt lat="46.43415" lon="-63.24578">
        <ele>5.9</ele>
      </trkpt>
      <trkpt lat="46.43405" lon="-63.24605">
        <ele>5.4</ele>
      </trkpt>
      <trkpt lat="46.43405" lon="-63.24627">
        <ele>5.6</ele>
      </trkpt>
      <trkpt lat="46.43398" lon="-63.24661">
        <ele>5.4</ele>
      </trkpt>
      <trkpt lat="46.434" lon="-63.2469">
        <ele>5.8</ele>
      </trkpt>
      <trkpt lat="46.43388" lon="-63.24697">
        <ele>5.0</ele>
      </trkpt>
      <trkpt lat="46.43373" lon="-63.24711">
        <ele>4.2</ele>
      </trkpt>
      <trkpt lat="46.43357" lon="-63.24748">
        <ele>4.1</ele>
      </trkpt>
      <trkpt lat="46.43351" lon="-63.24782">
        <ele>3.8</ele>
      </trkpt>
      <trkpt lat="46.43356" lon="-63.24809">
        <ele>4.1</ele>
      </trkpt>
      <trkpt lat="46.43373" lon="-63.24817">
        <ele>4.9</ele>
      </trkpt>
      <trkpt lat="46.43417" lon="-63.24843">
        <ele>7.1</ele>
      </trkpt>
      <trkpt lat="46.43414" lon="-63.24864">
        <ele>7.2</ele>
      </trkpt>
      <trkpt lat="46.43384" lon="-63.24896">
        <ele>5.6</ele>
      </trkpt>
      <trkpt lat="46.4336" lon="-63.24953">
        <ele>4.5</ele>
      </trkpt>
      <trkpt lat="46.43329" lon="-63.25015">
        <ele>3.0</ele>
      </trkpt>
      <trkpt lat="46.43328" lon="-63.25024">
        <ele>3.1</ele>
      </trkpt>
      <trkpt lat="46.432807" lon="-63.250147">
        <ele>1.2</ele>
      </trkpt>
      <trkpt lat="46.433298" lon="-63.250302">
        <ele>3.2</ele>
      </trkpt>
      <trkpt lat="46.43327" lon="-63.2503">
        <ele>3.1</ele>
      </trkpt>
      <trkpt lat="46.43323" lon="-63.25073">
        <ele>3.4</ele>
      </trkpt>
      <trkpt lat="46.43327" lon="-63.25095">
        <ele>3.7</ele>
      </trkpt>
      <trkpt lat="46.43319" lon="-63.25138">
        <ele>3.3</ele>
      </trkpt>
      <trkpt lat="46.4334" lon="-63.25188">
        <ele>3.5</ele>
      </trkpt>
      <trkpt lat="46.43362" lon="-63.25199">
        <ele>4.1</ele>
      </trkpt>
      <trkpt lat="46.43381" lon="-63.25247">
        <ele>3.9</ele>
      </trkpt>
      <trkpt lat="46.4338" lon="-63.25289">
        <ele>3.8</ele>
      </trkpt>
      <trkpt lat="46.43388" lon="-63.25303">
        <ele>4.3</ele>
      </trkpt>
      <trkpt lat="46.43403" lon="-63.25313">
        <ele>5.2</ele>
      </trkpt>
      <trkpt lat="46.43398" lon="-63.25375">
        <ele>5.2</ele>
      </trkpt>
      <trkpt lat="46.43407" lon="-63.25396">
        <ele>6.0</ele>
      </trkpt>
      <trkpt lat="46.434" lon="-63.25422">
        <ele>5.4</ele>
      </trkpt>
      <trkpt lat="46.43416" lon="-63.25447">
        <ele>5.5</ele>
      </trkpt>
      <trkpt lat="46.43416" lon="-63.25465">
        <ele>4.6</ele>
      </trkpt>
      <trkpt lat="46.4344" lon="-63.25505">
        <ele>3.9</ele>
      </trkpt>
      <trkpt lat="46.43457" lon="-63.25517">
        <ele>3.9</ele>
      </trkpt>
      <trkpt lat="46.4351" lon="-63.25565">
        <ele>2.2</ele>
      </trkpt>
      <trkpt lat="46.43563" lon="-63.25612">
        <ele>3.0</ele>
      </trkpt>
      <trkpt lat="46.43614" lon="-63.25632">
        <ele>2.8</ele>
      </trkpt>
      <trkpt lat="46.43627" lon="-63.25637">
        <ele>2.5</ele>
      </trkpt>
      <trkpt lat="46.43654" lon="-63.25628">
        <ele>3.6</ele>
      </trkpt>
      <trkpt lat="46.43667" lon="-63.25635">
        <ele>3.1</ele>
      </trkpt>
      <trkpt lat="46.43692" lon="-63.25657">
        <ele>2.6</ele>
      </trkpt>
      <trkpt lat="46.43717" lon="-63.25648">
        <ele>5.0</ele>
      </trkpt>
      <trkpt lat="46.43727" lon="-63.25583">
        <ele>10.2</ele>
      </trkpt>
      <trkpt lat="46.43735" lon="-63.25546">
        <ele>11.8</ele>
      </trkpt>
      <trkpt lat="46.4375" lon="-63.25524">
        <ele>13.1</ele>
      </trkpt>
      <trkpt lat="46.43767" lon="-63.25515">
        <ele>13.0</ele>
      </trkpt>
      <trkpt lat="46.43775" lon="-63.25498">
        <ele>13.1</ele>
      </trkpt>
      <trkpt lat="46.43776" lon="-63.25463">
        <ele>13.4</ele>
      </trkpt>
      <trkpt lat="46.43779" lon="-63.25441">
        <ele>13.4</ele>
      </trkpt>
      <trkpt lat="46.4376" lon="-63.25407">
        <ele>14.3</ele>
      </trkpt>
      <trkpt lat="46.43746" lon="-63.25373">
        <ele>14.0</ele>
      </trkpt>
      <trkpt lat="46.43746" lon="-63.25373">
        <ele>14.0</ele>
      </trkpt>
      <trkpt lat="46.43747" lon="-63.25341">
        <ele>13.2</ele>
      </trkpt>
      <trkpt lat="46.43762" lon="-63.25324">
        <ele>12.7</ele>
      </trkpt>
      <trkpt lat="46.43785" lon="-63.25325">
        <ele>12.2</ele>
      </trkpt>
      <trkpt lat="46.43803" lon="-63.25319">
        <ele>11.7</ele>
      </trkpt>
      <trkpt lat="46.43815" lon="-63.25298">
        <ele>11.4</ele>
      </trkpt>
      <trkpt lat="46.43834" lon="-63.25297">
        <ele>11.0</ele>
      </trkpt>
      <trkpt lat="46.43844" lon="-63.25286">
        <ele>10.4</ele>
      </trkpt>
      <trkpt lat="46.4384" lon="-63.25256">
        <ele>10.6</ele>
      </trkpt>
      <trkpt lat="46.43852" lon="-63.25235">
        <ele>9.8</ele>
      </trkpt>
      <trkpt lat="46.43847" lon="-63.25211">
        <ele>10.0</ele>
      </trkpt>
      <trkpt lat="46.43851" lon="-63.25156">
        <ele>9.3</ele>
      </trkpt>
      <trkpt lat="46.43835" lon="-63.25133">
        <ele>10.1</ele>
      </trkpt>
      <trkpt lat="46.43833" lon="-63.25108">
        <ele>9.6</ele>
      </trkpt>
      <trkpt lat="46.4385" lon="-63.25093">
        <ele>8.0</ele>
      </trkpt>
      <trkpt lat="46.43858" lon="-63.25057">
        <ele>8.0</ele>
      </trkpt>
      <trkpt lat="46.43819" lon="-63.24968">
        <ele>11.8</ele>
      </trkpt>
      <trkpt lat="46.43808" lon="-63.24921">
        <ele>11.7</ele>
      </trkpt>
      <trkpt lat="46.43813" lon="-63.24891">
        <ele>11.2</ele>
      </trkpt>
      <trkpt lat="46.43812" lon="-63.24851">
        <ele>10.4</ele>
      </trkpt>
      <trkpt lat="46.43826" lon="-63.24814">
        <ele>9.3</ele>
      </trkpt>
      <trkpt lat="46.439243" lon="-63.247646">
        <ele>4.1</ele>
      </trkpt>
      <trkpt lat="46.438251" lon="-63.248022">
        <ele>9.0</ele>
      </trkpt>
      <trkpt lat="46.43829" lon="-63.24804">
        <ele>9.0</ele>
      </trkpt>
      <trkpt lat="46.43842" lon="-63.24731">
        <ele>6.0</ele>
      </trkpt>
      <trkpt lat="46.43841" lon="-63.24706">
        <ele>5.2</ele>
      </trkpt>
      <trkpt lat="46.43863" lon="-63.24625">
        <ele>3.3</ele>
      </trkpt>
      <trkpt lat="46.43878" lon="-63.24605">
        <ele>2.5</ele>
      </trkpt>
      <trkpt lat="46.43877" lon="-63.24593">
        <ele>2.4</ele>
      </trkpt>
      <trkpt lat="46.43857" lon="-63.24579">
        <ele>3.5</ele>
      </trkpt>
      <trkpt lat="46.43812" lon="-63.24545">
        <ele>5.3</ele>
      </trkpt>
      <trkpt lat="46.43783" lon="-63.24514">
        <ele>6.4</ele>
      </trkpt>
      <trkpt lat="46.43735" lon="-63.24519">
        <ele>7.3</ele>
      </trkpt>
      <trkpt lat="46.43724" lon="-63.24511">
        <ele>7.0</ele>
      </trkpt>
      <trkpt lat="46.43718" lon="-63.24487">
        <ele>6.7</ele>
      </trkpt>
      <trkpt lat="46.43686" lon="-63.24495">
        <ele>5.7</ele>
      </trkpt>
      <trkpt lat="46.43681" lon="-63.2444">
        <ele>5.9</ele>
      </trkpt>
      <trkpt lat="46.43667" lon="-63.24312">
        <ele>3.2</ele>
      </trkpt>
      <trkpt lat="46.43653" lon="-63.24184">
        <ele>0.3</ele>
      </trkpt>
      <trkpt lat="46.43647" lon="-63.24122">
        <ele>0.6</ele>
      </trkpt>
      <trkpt lat="46.4363" lon="-63.2401">
        <ele>1.0</ele>
      </trkpt>
      <trkpt lat="46.43612" lon="-63.23931">
        <ele>-0.1</ele>
      </trkpt>
      <trkpt lat="46.43594" lon="-63.23853">
        <ele>-0.8</ele>
      </trkpt>
      <trkpt lat="46.43576" lon="-63.23795">
        <ele>-0.2</ele>
      </trkpt>
      <trkpt lat="46.43533" lon="-63.23683">
        <ele>0.9</ele>
      </trkpt>
      <trkpt lat="46.43482" lon="-63.2358">
        <ele>1.8</ele>
      </trkpt>
      <trkpt lat="46.43453" lon="-63.2353">
        <ele>1.1</ele>
      </trkpt>
      <trkpt lat="46.43419" lon="-63.23487">
        <ele>-0.1</ele>
      </trkpt>
      <trkpt lat="46.43384" lon="-63.23434">
        <ele>-0.5</ele>
      </trkpt>
      <trkpt lat="46.43325" lon="-63.23354">
        <ele>0.7</ele>
      </trkpt>
      <trkpt lat="46.43277" lon="-63.23284">
        <ele>0.7</ele>
      </trkpt>
      <trkpt lat="46.43228" lon="-63.23213">
        <ele>0.3</ele>
      </trkpt>
      <trkpt lat="46.4318" lon="-63.23147">
        <ele>-0.8</ele>
      </trkpt>
      <trkpt lat="46.43132" lon="-63.23081">
        <ele>-0.2</ele>
      </trkpt>
      <trkpt lat="46.43103" lon="-63.23038">
        <ele>0.7</ele>
      </trkpt>
      <trkpt lat="46.43071" lon="-63.2298">
        <ele>0.6</ele>
      </trkpt>
      <trkpt lat="46.43048" lon="-63.22926">
        <ele>0.1</ele>
      </trkpt>
      <trkpt lat="46.43029" lon="-63.22871">
        <ele>0.4</ele>
      </trkpt>
      <trkpt lat="46.43015" lon="-63.22814">
        <ele>0.6</ele>
      </trkpt>
      <trkpt lat="46.43008" lon="-63.22774">
        <ele>0.2</ele>
      </trkpt>
      <trkpt lat="46.43" lon="-63.22697">
        <ele>0.0</ele>
      </trkpt>
      <trkpt lat="46.42996" lon="-63.22578">
        <ele>0.0</ele>
      </trkpt>
      <trkpt lat="46.42993" lon="-63.2246">
        <ele>0.4</ele>
      </trkpt>
      <trkpt lat="46.42992" lon="-63.22338">
        <ele>0.9</ele>
      </trkpt>
      <trkpt lat="46.4299" lon="-63.22216">
        <ele>0.4</ele>
      </trkpt>
      <trkpt lat="46.42989" lon="-63.22094">
        <ele>0.9</ele>
      </trkpt>
      <trkpt lat="46.42987" lon="-63.21972">
        <ele>0.3</ele>
      </trkpt>
      <trkpt lat="46.42986" lon="-63.2185">
        <ele>0.2</ele>
      </trkpt>
      <trkpt lat="46.42984" lon="-63.21728">
        <ele>0.6</ele>
      </trkpt>
      <trkpt lat="46.42983" lon="-63.21606">
        <ele>0.7</ele>
      </trkpt>
      <trkpt lat="46.4298" lon="-63.2148">
        <ele>0.8</ele>
      </trkpt>
      <trkpt lat="46.42977" lon="-63.21353">
        <ele>0.0</ele>
      </trkpt>
      <trkpt lat="46.42975" lon="-63.21227">
        <ele>0.5</ele>
      </trkpt>
      <trkpt lat="46.42976" lon="-63.21113">
        <ele>-0.2</ele>
      </trkpt>
      <trkpt lat="46.42974" lon="-63.21005">
        <ele>0.0</ele>
      </trkpt>
      <trkpt lat="46.42972" lon="-63.20898">
        <ele>2.2</ele>
      </trkpt>
      <trkpt lat="46.4297" lon="-63.2079">
        <ele>4.6</ele>
      </trkpt>
      <trkpt lat="46.42968" lon="-63.20682">
        <ele>6.0</ele>
      </trkpt>
      <trkpt lat="46.42967" lon="-63.20575">
        <ele>6.0</ele>
      </trkpt>
      <trkpt lat="46.42966" lon="-63.20458">
        <ele>5.2</ele>
      </trkpt>
      <trkpt lat="46.42965" lon="-63.20341">
        <ele>3.0</ele>
      </trkpt>
      <trkpt lat="46.42963" lon="-63.20258">
        <ele>3.0</ele>
      </trkpt>
      <trkpt lat="46.42961" lon="-63.20176">
        <ele>1.7</ele>
      </trkpt>
      <trkpt lat="46.42959" lon="-63.20074">
        <ele>0.4</ele>
      </trkpt>
      <trkpt lat="46.42958" lon="-63.19973">
        <ele>-0.5</ele>
      </trkpt>
      <trkpt lat="46.42956" lon="-63.19872">
        <ele>-0.2</ele>
      </trkpt>
      <trkpt lat="46.42959" lon="-63.1986">
        <ele>-0.2</ele>
      </trkpt>
      <trkpt lat="46.4296" lon="-63.19849">
        <ele>-0.1</ele>
      </trkpt>
      <trkpt lat="46.42941" lon="-63.19795">
        <ele>0.3</ele>
      </trkpt>
      <trkpt lat="46.4294" lon="-63.1979">
        <ele>0.4</ele>
      </trkpt>
      <trkpt lat="46.42949" lon="-63.19765">
        <ele>0.5</ele>
      </trkpt>
      <trkpt lat="46.42957" lon="-63.19734">
        <ele>0.5</ele>
      </trkpt>
      <trkpt lat="46.4296" lon="-63.19702">
        <ele>0.5</ele>
      </trkpt>
      <trkpt lat="46.42958" lon="-63.19593">
        <ele>1.4</ele>
      </trkpt>
      <trkpt lat="46.42954" lon="-63.19521">
        <ele>1.6</ele>
      </trkpt>
      <trkpt lat="46.42946" lon="-63.19432">
        <ele>1.4</ele>
      </trkpt>
      <trkpt lat="46.42937" lon="-63.19342">
        <ele>1.1</ele>
      </trkpt>
      <trkpt lat="46.42927" lon="-63.19269">
        <ele>1.7</ele>
      </trkpt>
      <trkpt lat="46.42918" lon="-63.19197">
        <ele>2.6</ele>
      </trkpt>
      <trkpt lat="46.42913" lon="-63.19198">
        <ele>2.8</ele>
      </trkpt>
      <trkpt lat="46.42897" lon="-63.19077">
        <ele>3.4</ele>
      </trkpt>
      <trkpt lat="46.42882" lon="-63.18956">
        <ele>2.8</ele>
      </trkpt>
      <trkpt lat="46.42866" lon="-63.18835">
        <ele>1.6</ele>
      </trkpt>
      <trkpt lat="46.4285" lon="-63.18714">
        <ele>0.7</ele>
      </trkpt>
      <trkpt lat="46.42836" lon="-63.18601">
        <ele>-0.7</ele>
      </trkpt>
      <trkpt lat="46.42822" lon="-63.18489">
        <ele>-0.1</ele>
      </trkpt>
      <trkpt lat="46.42808" lon="-63.18376">
        <ele>-0.4</ele>
      </trkpt>
      <trkpt lat="46.42794" lon="-63.18264">
        <ele>0.5</ele>
      </trkpt>
      <trkpt lat="46.4278" lon="-63.18151">
        <ele>-0.6</ele>
      </trkpt>
      <trkpt lat="46.42766" lon="-63.18039">
        <ele>-0.4</ele>
      </trkpt>
      <trkpt lat="46.42759" lon="-63.17965">
        <ele>0.0</ele>
      </trkpt>
      <trkpt lat="46.42753" lon="-63.17891">
        <ele>0.0</ele>
      </trkpt>
      <trkpt lat="46.4275" lon="-63.17852">
        <ele>0.0</ele>
      </trkpt>
      <trkpt lat="46.42748" lon="-63.17784">
        <ele>0.0</ele>
      </trkpt>
      <trkpt lat="46.42746" lon="-63.17717">
        <ele>0.0</ele>
      </trkpt>
      <trkpt lat="46.42746" lon="-63.17651">
        <ele>0.0</ele>
      </trkpt>
      <trkpt lat="46.42747" lon="-63.17585">
        <ele>0.0</ele>
      </trkpt>
      <trkpt lat="46.42751" lon="-63.17478">
        <ele>0.5</ele>
      </trkpt>
      <trkpt lat="46.42759" lon="-63.17362">
        <ele>-0.3</ele>
      </trkpt>
      <trkpt lat="46.42767" lon="-63.17246">
        <ele>-0.2</ele>
      </trkpt>
      <trkpt lat="46.42775" lon="-63.1713">
        <ele>-0.1</ele>
      </trkpt>
      <trkpt lat="46.42784" lon="-63.17014">
        <ele>-0.1</ele>
      </trkpt>
      <trkpt lat="46.42792" lon="-63.16898">
        <ele>-0.4</ele>
      </trkpt>
      <trkpt lat="46.428" lon="-63.16773">
        <ele>0.1</ele>
      </trkpt>
      <trkpt lat="46.42809" lon="-63.16649">
        <ele>1.4</ele>
      </trkpt>
      <trkpt lat="46.42817" lon="-63.16524">
        <ele>0.2</ele>
      </trkpt>
      <trkpt lat="46.42826" lon="-63.164">
        <ele>-0.4</ele>
      </trkpt>
      <trkpt lat="46.42834" lon="-63.16276">
        <ele>1.3</ele>
      </trkpt>
      <trkpt lat="46.42843" lon="-63.16151">
        <ele>0.5</ele>
      </trkpt>
      <trkpt lat="46.42851" lon="-63.16027">
        <ele>0.6</ele>
      </trkpt>
      <trkpt lat="46.4286" lon="-63.15902">
        <ele>-0.5</ele>
      </trkpt>
      <trkpt lat="46.42868" lon="-63.15778">
        <ele>0.7</ele>
      </trkpt>
      <trkpt lat="46.42877" lon="-63.15654">
        <ele>0.0</ele>
      </trkpt>
      <trkpt lat="46.42885" lon="-63.15529">
        <ele>0.0</ele>
      </trkpt>
      <trkpt lat="46.42894" lon="-63.15405">
        <ele>-0.6</ele>
      </trkpt>
      <trkpt lat="46.42903" lon="-63.15283">
        <ele>-0.2</ele>
      </trkpt>
      <trkpt lat="46.42911" lon="-63.1516">
        <ele>0.7</ele>
      </trkpt>
      <trkpt lat="46.4292" lon="-63.15038">
        <ele>0.6</ele>
      </trkpt>
      <trkpt lat="46.42928" lon="-63.14916">
        <ele>0.3</ele>
      </trkpt>
      <trkpt lat="46.42937" lon="-63.14794">
        <ele>0.0</ele>
      </trkpt>
      <trkpt lat="46.42946" lon="-63.14665">
        <ele>-0.1</ele>
      </trkpt>
      <trkpt lat="46.42955" lon="-63.14537">
        <ele>-0.3</ele>
      </trkpt>
      <trkpt lat="46.4296" lon="-63.14454">
        <ele>-0.5</ele>
      </trkpt>
      <trkpt lat="46.42966" lon="-63.14372">
        <ele>-0.3</ele>
      </trkpt>
      <trkpt lat="46.42962" lon="-63.14372">
        <ele>-0.3</ele>
      </trkpt>
      <trkpt lat="46.42969" lon="-63.14244">
        <ele>-1.2</ele>
      </trkpt>
      <trkpt lat="46.42968" lon="-63.14178">
        <ele>-0.7</ele>
      </trkpt>
      <trkpt lat="46.42963" lon="-63.14112">
        <ele>-0.2</ele>
      </trkpt>
      <trkpt lat="46.4295" lon="-63.14022">
        <ele>0.0</ele>
      </trkpt>
      <trkpt lat="46.42933" lon="-63.13948">
        <ele>0.6</ele>
      </trkpt>
      <trkpt lat="46.42914" lon="-63.1389">
        <ele>1.3</ele>
      </trkpt>
      <trkpt lat="46.42896" lon="-63.13844">
        <ele>1.9</ele>
      </trkpt>
      <trkpt lat="46.42866" lon="-63.13778">
        <ele>2.7</ele>
      </trkpt>
      <trkpt lat="46.42825" lon="-63.13704">
        <ele>3.3</ele>
      </trkpt>
      <trkpt lat="46.42771" lon="-63.1361">
        <ele>4.4</ele>
      </trkpt>
      <trkpt lat="46.42717" lon="-63.13516">
        <ele>4.9</ele>
      </trkpt>
      <trkpt lat="46.42662" lon="-63.13422">
        <ele>5.1</ele>
      </trkpt>
      <trkpt lat="46.42627" lon="-63.13357">
        <ele>6.2</ele>
      </trkpt>
      <trkpt lat="46.42597" lon="-63.13294">
        <ele>6.4</ele>
      </trkpt>
      <trkpt lat="46.4258" lon="-63.13253">
        <ele>6.0</ele>
      </trkpt>
      <trkpt lat="46.42553" lon="-63.1318">
        <ele>5.9</ele>
      </trkpt>
      <trkpt lat="46.42542" lon="-63.13144">
        <ele>5.4</ele>
      </trkpt>
      <trkpt lat="46.42516" lon="-63.13055">
        <ele>3.4</ele>
      </trkpt>
      <trkpt lat="46.42494" lon="-63.12946">
        <ele>2.8</ele>
      </trkpt>
      <trkpt lat="46.42486" lon="-63.12878">
        <ele>3.5</ele>
      </trkpt>
      <trkpt lat="46.42478" lon="-63.1281">
        <ele>4.1</ele>
      </trkpt>
      <trkpt lat="46.42467" lon="-63.12682">
        <ele>2.5</ele>
      </trkpt>
      <trkpt lat="46.42457" lon="-63.12554">
        <ele>5.6</ele>
      </trkpt>
      <trkpt lat="46.42446" lon="-63.12426">
        <ele>6.0</ele>
      </trkpt>
      <trkpt lat="46.42436" lon="-63.12298">
        <ele>8.4</ele>
      </trkpt>
      <trkpt lat="46.42426" lon="-63.12179">
        <ele>7.0</ele>
      </trkpt>
      <trkpt lat="46.42417" lon="-63.1206">
        <ele>5.7</ele>
      </trkpt>
      <trkpt lat="46.42407" lon="-63.1194">
        <ele>5.4</ele>
      </trkpt>
      <trkpt lat="46.42398" lon="-63.11821">
        <ele>4.8</ele>
      </trkpt>
      <trkpt lat="46.42389" lon="-63.11702">
        <ele>4.1</ele>
      </trkpt>
      <trkpt lat="46.42379" lon="-63.1159">
        <ele>4.3</ele>
      </trkpt>
      <trkpt lat="46.42369" lon="-63.11477">
        <ele>5.0</ele>
      </trkpt>
      <trkpt lat="46.42358" lon="-63.11393">
        <ele>4.4</ele>
      </trkpt>
      <trkpt lat="46.42346" lon="-63.11308">
        <ele>3.8</ele>
      </trkpt>
      <trkpt lat="46.42334" lon="-63.11242">
        <ele>4.0</ele>
      </trkpt>
      <trkpt lat="46.42322" lon="-63.11176">
        <ele>4.3</ele>
      </trkpt>
      <trkpt lat="46.423" lon="-63.11087">
        <ele>3.8</ele>
      </trkpt>
      <trkpt lat="46.42279" lon="-63.10998">
        <ele>2.9</ele>
      </trkpt>
      <trkpt lat="46.42247" lon="-63.10893">
        <ele>2.6</ele>
      </trkpt>
      <trkpt lat="46.4221" lon="-63.10786">
        <ele>2.9</ele>
      </trkpt>
      <trkpt lat="46.42179" lon="-63.10704">
        <ele>2.5</ele>
      </trkpt>
      <trkpt lat="46.42143" lon="-63.10616">
        <ele>2.5</ele>
      </trkpt>
      <trkpt lat="46.42107" lon="-63.10529">
        <ele>2.9</ele>
      </trkpt>
      <trkpt lat="46.42075" lon="-63.10456">
        <ele>4.5</ele>
      </trkpt>
      <trkpt lat="46.42043" lon="-63.10383">
        <ele>6.9</ele>
      </trkpt>
      <trkpt lat="46.42008" lon="-63.10299">
        <ele>8.7</ele>
      </trkpt>
      <trkpt lat="46.41973" lon="-63.10215">
        <ele>8.7</ele>
      </trkpt>
      <trkpt lat="46.41938" lon="-63.10131">
        <ele>8.8</ele>
      </trkpt>
      <trkpt lat="46.41902" lon="-63.10048">
        <ele>9.7</ele>
      </trkpt>
      <trkpt lat="46.41865" lon="-63.09965">
        <ele>10.4</ele>
      </trkpt>
      <trkpt lat="46.41847" lon="-63.09919">
        <ele>10.0</ele>
      </trkpt>
      <trkpt lat="46.41826" lon="-63.0986">
        <ele>8.3</ele>
      </trkpt>
      <trkpt lat="46.41805" lon="-63.09787">
        <ele>6.7</ele>
      </trkpt>
      <trkpt lat="46.41795" lon="-63.09747">
        <ele>5.8</ele>
      </trkpt>
      <trkpt lat="46.41771" lon="-63.0963">
        <ele>6.0</ele>
      </trkpt>
      <trkpt lat="46.41759" lon="-63.09535">
        <ele>6.1</ele>
      </trkpt>
      <trkpt lat="46.41753" lon="-63.09454">
        <ele>5.9</ele>
      </trkpt>
      <trkpt lat="46.41751" lon="-63.09412">
        <ele>5.8</ele>
      </trkpt>
      <trkpt lat="46.4175" lon="-63.09321">
        <ele>4.0</ele>
      </trkpt>
      <trkpt lat="46.41749" lon="-63.09229">
        <ele>3.2</ele>
      </trkpt>
      <trkpt lat="46.41749" lon="-63.09115">
        <ele>0.4</ele>
      </trkpt>
      <trkpt lat="46.41749" lon="-63.09001">
        <ele>2.0</ele>
      </trkpt>
      <trkpt lat="46.41749" lon="-63.08887">
        <ele>3.7</ele>
      </trkpt>
      <trkpt lat="46.41749" lon="-63.08764">
        <ele>5.8</ele>
      </trkpt>
      <trkpt lat="46.41748" lon="-63.08642">
        <ele>9.0</ele>
      </trkpt>
      <trkpt lat="46.41745" lon="-63.08554">
        <ele>9.2</ele>
      </trkpt>
      <trkpt lat="46.4174" lon="-63.0845">
        <ele>9.0</ele>
      </trkpt>
      <trkpt lat="46.41734" lon="-63.08346">
        <ele>8.3</ele>
      </trkpt>
      <trkpt lat="46.41729" lon="-63.08242">
        <ele>6.6</ele>
      </trkpt>
      <trkpt lat="46.41724" lon="-63.08138">
        <ele>2.2</ele>
      </trkpt>
      <trkpt lat="46.41717" lon="-63.08021">
        <ele>0.6</ele>
      </trkpt>
      <trkpt lat="46.4171" lon="-63.07903">
        <ele>0.7</ele>
      </trkpt>
      <trkpt lat="46.41705" lon="-63.07803">
        <ele>1.5</ele>
      </trkpt>
      <trkpt lat="46.417" lon="-63.07703">
        <ele>2.2</ele>
      </trkpt>
      <trkpt lat="46.41695" lon="-63.07604">
        <ele>3.2</ele>
      </trkpt>
      <trkpt lat="46.4169" lon="-63.07504">
        <ele>2.8</ele>
      </trkpt>
      <trkpt lat="46.41681" lon="-63.07379">
        <ele>4.0</ele>
      </trkpt>
      <trkpt lat="46.41675" lon="-63.07319">
        <ele>3.4</ele>
      </trkpt>
      <trkpt lat="46.41665" lon="-63.0726">
        <ele>2.2</ele>
      </trkpt>
      <trkpt lat="46.41668" lon="-63.07257">
        <ele>2.1</ele>
      </trkpt>
      <trkpt lat="46.41648" lon="-63.07148">
        <ele>1.1</ele>
      </trkpt>
      <trkpt lat="46.41629" lon="-63.07039">
        <ele>0.7</ele>
      </trkpt>
      <trkpt lat="46.41609" lon="-63.06929">
        <ele>0.1</ele>
      </trkpt>
      <trkpt lat="46.41599" lon="-63.06885">
        <ele>0.4</ele>
      </trkpt>
      <trkpt lat="46.41585" lon="-63.06847">
        <ele>0.8</ele>
      </trkpt>
      <trkpt lat="46.41567" lon="-63.06811">
        <ele>0.6</ele>
      </trkpt>
      <trkpt lat="46.41543" lon="-63.06773">
        <ele>0.5</ele>
      </trkpt>
      <trkpt lat="46.41517" lon="-63.06743">
        <ele>0.7</ele>
      </trkpt>
      <trkpt lat="46.41484" lon="-63.06717">
        <ele>0.6</ele>
      </trkpt>
      <trkpt lat="46.41455" lon="-63.06701">
        <ele>0.5</ele>
      </trkpt>
      <trkpt lat="46.41422" lon="-63.06689">
        <ele>0.7</ele>
      </trkpt>
      <trkpt lat="46.41422" lon="-63.06686">
        <ele>0.7</ele>
      </trkpt>
      <trkpt lat="46.41413" lon="-63.06684">
        <ele>0.8</ele>
      </trkpt>
      <trkpt lat="46.41397" lon="-63.06683">
        <ele>0.9</ele>
      </trkpt>
      <trkpt lat="46.41382" lon="-63.06683">
        <ele>0.9</ele>
      </trkpt>
      <trkpt lat="46.41365" lon="-63.06684">
        <ele>0.9</ele>
      </trkpt>
      <trkpt lat="46.41365" lon="-63.06687">
        <ele>0.9</ele>
      </trkpt>
      <trkpt lat="46.41321" lon="-63.06696">
        <ele>1.5</ele>
      </trkpt>
      <trkpt lat="46.41269" lon="-63.06723">
        <ele>3.0</ele>
      </trkpt>
      <trkpt lat="46.41253" lon="-63.06741">
        <ele>3.1</ele>
      </trkpt>
      <trkpt lat="46.4122" lon="-63.06792">
        <ele>3.2</ele>
      </trkpt>
      <trkpt lat="46.41187" lon="-63.06843">
        <ele>3.4</ele>
      </trkpt>
      <trkpt lat="46.41142" lon="-63.06847">
        <ele>4.3</ele>
      </trkpt>
      <trkpt lat="46.41105" lon="-63.06836">
        <ele>4.8</ele>
      </trkpt>
      <trkpt lat="46.41028" lon="-63.068">
        <ele>6.1</ele>
      </trkpt>
      <trkpt lat="46.40952" lon="-63.06765">
        <ele>9.0</ele>
      </trkpt>
      <trkpt lat="46.40952" lon="-63.06765">
        <ele>9.0</ele>
      </trkpt>
      <trkpt lat="46.40952" lon="-63.06765">
        <ele>9.0</ele>
      </trkpt>
      <trkpt lat="46.40873" lon="-63.06728">
        <ele>9.4</ele>
      </trkpt>
      <trkpt lat="46.408" lon="-63.06695">
        <ele>8.7</ele>
      </trkpt>
      <trkpt lat="46.40726" lon="-63.06663">
        <ele>7.6</ele>
      </trkpt>
      <trkpt lat="46.40671" lon="-63.06637">
        <ele>5.7</ele>
      </trkpt>
      <trkpt lat="46.40617" lon="-63.0661">
        <ele>6.7</ele>
      </trkpt>
      <trkpt lat="46.40601" lon="-63.06607">
        <ele>7.4</ele>
      </trkpt>
      <trkpt lat="46.40593" lon="-63.06607">
        <ele>7.8</ele>
      </trkpt>
      <trkpt lat="46.40581" lon="-63.0661">
        <ele>8.3</ele>
      </trkpt>
      <trkpt lat="46.40573" lon="-63.06617">
        <ele>8.4</ele>
      </trkpt>
      <trkpt lat="46.40567" lon="-63.06623">
        <ele>8.6</ele>
      </trkpt>
      <trkpt lat="46.40554" lon="-63.06646">
        <ele>9.2</ele>
      </trkpt>
      <trkpt lat="46.40508" lon="-63.06606">
        <ele>8.1</ele>
      </trkpt>
      <trkpt lat="46.40463" lon="-63.06567">
        <ele>8.4</ele>
      </trkpt>
      <trkpt lat="46.40436" lon="-63.06545">
        <ele>8.4</ele>
      </trkpt>
      <trkpt lat="46.40396" lon="-63.06519">
        <ele>6.7</ele>
      </trkpt>
      <trkpt lat="46.4037" lon="-63.06503">
        <ele>5.1</ele>
      </trkpt>
      <trkpt lat="46.40308" lon="-63.06467">
        <ele>4.3</ele>
      </trkpt>
      <trkpt lat="46.4025" lon="-63.06433">
        <ele>4.0</ele>
      </trkpt>
      <trkpt lat="46.40193" lon="-63.06399">
        <ele>5.4</ele>
      </trkpt>
      <trkpt lat="46.40146" lon="-63.06369">
        <ele>6.2</ele>
      </trkpt>
      <trkpt lat="46.40099" lon="-63.06338">
        <ele>7.5</ele>
      </trkpt>
      <trkpt lat="46.40084" lon="-63.06325">
        <ele>8.0</ele>
      </trkpt>
      <trkpt lat="46.40061" lon="-63.06301">
        <ele>8.0</ele>
      </trkpt>
      <trkpt lat="46.40028" lon="-63.06253">
        <ele>9.3</ele>
      </trkpt>
      <trkpt lat="46.40016" lon="-63.06231">
        <ele>9.7</ele>
      </trkpt>
      <trkpt lat="46.40016" lon="-63.06231">
        <ele>9.7</ele>
      </trkpt>
      <trkpt lat="46.40012" lon="-63.06218">
        <ele>9.8</ele>
      </trkpt>
      <trkpt lat="46.40008" lon="-63.06209">
        <ele>9.9</ele>
      </trkpt>
      <trkpt lat="46.40004" lon="-63.062">
        <ele>10.0</ele>
      </trkpt>
      <trkpt lat="46.40001" lon="-63.06192">
        <ele>10.0</ele>
      </trkpt>
      <trkpt lat="46.39999" lon="-63.06186">
        <ele>10.0</ele>
      </trkpt>
      <trkpt lat="46.39997" lon="-63.06178">
        <ele>9.9</ele>
      </trkpt>
      <trkpt lat="46.39992" lon="-63.06163">
        <ele>9.6</ele>
      </trkpt>
      <trkpt lat="46.39985" lon="-63.06137">
        <ele>9.1</ele>
      </trkpt>
      <trkpt lat="46.3997" lon="-63.06076">
        <ele>8.7</ele>
      </trkpt>
      <trkpt lat="46.39959" lon="-63.06028">
        <ele>9.2</ele>
      </trkpt>
      <trkpt lat="46.39947" lon="-63.05977">
        <ele>9.8</ele>
      </trkpt>
      <trkpt lat="46.39941" lon="-63.05948">
        <ele>10.4</ele>
      </trkpt>
      <trkpt lat="46.39939" lon="-63.05939">
        <ele>10.7</ele>
      </trkpt>
      <trkpt lat="46.39935" lon="-63.05923">
        <ele>11.2</ele>
      </trkpt>
      <trkpt lat="46.39933" lon="-63.05914">
        <ele>11.4</ele>
      </trkpt>
      <trkpt lat="46.39927" lon="-63.05889">
        <ele>12.0</ele>
      </trkpt>
      <trkpt lat="46.39924" lon="-63.05874">
        <ele>12.2</ele>
      </trkpt>
      <trkpt lat="46.39921" lon="-63.05863">
        <ele>12.5</ele>
      </trkpt>
      <trkpt lat="46.39916" lon="-63.05843">
        <ele>12.9</ele>
      </trkpt>
      <trkpt lat="46.39911" lon="-63.05827">
        <ele>13.1</ele>
      </trkpt>
      <trkpt lat="46.39906" lon="-63.05811">
        <ele>13.2</ele>
      </trkpt>
      <trkpt lat="46.39903" lon="-63.05802">
        <ele>13.1</ele>
      </trkpt>
      <trkpt lat="46.399" lon="-63.05795">
        <ele>13.1</ele>
      </trkpt>
      <trkpt lat="46.39894" lon="-63.05779">
        <ele>13.0</ele>
      </trkpt>
      <trkpt lat="46.39887" lon="-63.05763">
        <ele>12.8</ele>
      </trkpt>
      <trkpt lat="46.39876" lon="-63.05742">
        <ele>12.2</ele>
      </trkpt>
      <trkpt lat="46.39864" lon="-63.05721">
        <ele>11.4</ele>
      </trkpt>
      <trkpt lat="46.39849" lon="-63.05698">
        <ele>10.7</ele>
      </trkpt>
      <trkpt lat="46.39836" lon="-63.05681">
        <ele>10.3</ele>
      </trkpt>
      <trkpt lat="46.39828" lon="-63.05671">
        <ele>10.4</ele>
      </trkpt>
      <trkpt lat="46.39821" lon="-63.05663">
        <ele>10.7</ele>
      </trkpt>
      <trkpt lat="46.39812" lon="-63.05654">
        <ele>11.2</ele>
      </trkpt>
      <trkpt lat="46.39801" lon="-63.05645">
        <ele>11.7</ele>
      </trkpt>
      <trkpt lat="46.39794" lon="-63.05639">
        <ele>11.9</ele>
      </trkpt>
      <trkpt lat="46.39788" lon="-63.05635">
        <ele>12.1</ele>
      </trkpt>
      <trkpt lat="46.39778" lon="-63.05629">
        <ele>12.4</ele>
      </trkpt>
      <trkpt lat="46.3977" lon="-63.05624">
        <ele>12.5</ele>
      </trkpt>
      <trkpt lat="46.39756" lon="-63.05617">
        <ele>12.7</ele>
      </trkpt>
      <trkpt lat="46.39752" lon="-63.05614">
        <ele>12.7</ele>
      </trkpt>
      <trkpt lat="46.39739" lon="-63.05608">
        <ele>12.5</ele>
      </trkpt>
      <trkpt lat="46.39711" lon="-63.05594">
        <ele>11.8</ele>
      </trkpt>
      <trkpt lat="46.39705" lon="-63.05592">
        <ele>11.7</ele>
      </trkpt>
      <trkpt lat="46.39688" lon="-63.05584">
        <ele>11.3</ele>
      </trkpt>
      <trkpt lat="46.39654" lon="-63.05569">
        <ele>11.7</ele>
      </trkpt>
      <trkpt lat="46.39599" lon="-63.05545">
        <ele>14.7</ele>
      </trkpt>
      <trkpt lat="46.39567" lon="-63.05532">
        <ele>15.9</ele>
      </trkpt>
      <trkpt lat="46.39566" lon="-63.05531">
        <ele>15.9</ele>
      </trkpt>
      <trkpt lat="46.3955" lon="-63.05525">
        <ele>16.4</ele>
      </trkpt>
      <trkpt lat="46.39505" lon="-63.05506">
        <ele>18.6</ele>
      </trkpt>
      <trkpt lat="46.39498" lon="-63.05503">
        <ele>18.9</ele>
      </trkpt>
      <trkpt lat="46.39472" lon="-63.05492">
        <ele>19.1</ele>
      </trkpt>
      <trkpt lat="46.39464" lon="-63.05489">
        <ele>19.0</ele>
      </trkpt>
      <trkpt lat="46.39447" lon="-63.05481">
        <ele>18.9</ele>
      </trkpt>
      <trkpt lat="46.39441" lon="-63.05478">
        <ele>18.8</ele>
      </trkpt>
      <trkpt lat="46.39426" lon="-63.05471">
        <ele>18.5</ele>
      </trkpt>
      <trkpt lat="46.39417" lon="-63.05466">
        <ele>18.2</ele>
      </trkpt>
      <trkpt lat="46.39408" lon="-63.0546">
        <ele>17.9</ele>
      </trkpt>
      <trkpt lat="46.39397" lon="-63.05451">
        <ele>17.6</ele>
      </trkpt>
      <trkpt lat="46.39387" lon="-63.05444">
        <ele>17.3</ele>
      </trkpt>
      <trkpt lat="46.39376" lon="-63.05434">
        <ele>16.9</ele>
      </trkpt>
      <trkpt lat="46.39368" lon="-63.05426">
        <ele>16.6</ele>
      </trkpt>
      <trkpt lat="46.39359" lon="-63.05415">
        <ele>16.3</ele>
      </trkpt>
      <trkpt lat="46.3935" lon="-63.05405">
        <ele>15.9</ele>
      </trkpt>
      <trkpt lat="46.3934" lon="-63.0539">
        <ele>15.4</ele>
      </trkpt>
      <trkpt lat="46.39339" lon="-63.05389">
        <ele>15.4</ele>
      </trkpt>
      <trkpt lat="46.39332" lon="-63.05378">
        <ele>15.1</ele>
      </trkpt>
      <trkpt lat="46.39321" lon="-63.05358">
        <ele>14.8</ele>
      </trkpt>
      <trkpt lat="46.39311" lon="-63.05337">
        <ele>14.4</ele>
      </trkpt>
      <trkpt lat="46.393" lon="-63.05311">
        <ele>14.5</ele>
      </trkpt>
      <trkpt lat="46.393" lon="-63.05311">
        <ele>14.5</ele>
      </trkpt>
      <trkpt lat="46.39272" lon="-63.05355">
        <ele>15.4</ele>
      </trkpt>
      <trkpt lat="46.39259" lon="-63.05381">
        <ele>16.5</ele>
      </trkpt>
      <trkpt lat="46.39255" lon="-63.05392">
        <ele>17.0</ele>
      </trkpt>
      <trkpt lat="46.3925" lon="-63.05406">
        <ele>17.6</ele>
      </trkpt>
      <trkpt lat="46.3924" lon="-63.05433">
        <ele>17.9</ele>
      </trkpt>
      <trkpt lat="46.39234" lon="-63.05456">
        <ele>17.9</ele>
      </trkpt>
      <trkpt lat="46.39228" lon="-63.05478">
        <ele>17.9</ele>
      </trkpt>
      <trkpt lat="46.39226" lon="-63.05487">
        <ele>18.0</ele>
      </trkpt>
      <trkpt lat="46.39221" lon="-63.05513">
        <ele>18.0</ele>
      </trkpt>
      <trkpt lat="46.39211" lon="-63.05559">
        <ele>18.0</ele>
      </trkpt>
      <trkpt lat="46.392" lon="-63.0561">
        <ele>18.1</ele>
      </trkpt>
      <trkpt lat="46.39188" lon="-63.0567">
        <ele>17.9</ele>
      </trkpt>
      <trkpt lat="46.3918" lon="-63.057">
        <ele>16.9</ele>
      </trkpt>
      <trkpt lat="46.39178" lon="-63.05711">
        <ele>16.5</ele>
      </trkpt>
      <trkpt lat="46.39175" lon="-63.05723">
        <ele>16.1</ele>
      </trkpt>
      <trkpt lat="46.39164" lon="-63.05756">
        <ele>15.0</ele>
      </trkpt>
      <trkpt lat="46.39157" lon="-63.05778">
        <ele>14.9</ele>
      </trkpt>
      <trkpt lat="46.39151" lon="-63.05792">
        <ele>14.8</ele>
      </trkpt>
      <trkpt lat="46.39146" lon="-63.05804">
        <ele>14.8</ele>
      </trkpt>
      <trkpt lat="46.39145" lon="-63.05806">
        <ele>14.7</ele>
      </trkpt>
      <trkpt lat="46.39136" lon="-63.05824">
        <ele>14.6</ele>
      </trkpt>
      <trkpt lat="46.39135" lon="-63.05826">
        <ele>14.6</ele>
      </trkpt>
      <trkpt lat="46.39125" lon="-63.05844">
        <ele>14.5</ele>
      </trkpt>
      <trkpt lat="46.3911" lon="-63.05868">
        <ele>14.5</ele>
      </trkpt>
      <trkpt lat="46.39096" lon="-63.05887">
        <ele>14.6</ele>
      </trkpt>
      <trkpt lat="46.39076" lon="-63.05911">
        <ele>15.0</ele>
      </trkpt>
      <trkpt lat="46.39051" lon="-63.05935">
        <ele>15.3</ele>
      </trkpt>
      <trkpt lat="46.3904" lon="-63.05943">
        <ele>15.4</ele>
      </trkpt>
      <trkpt lat="46.39025" lon="-63.05954">
        <ele>15.6</ele>
      </trkpt>
      <trkpt lat="46.38983" lon="-63.05986">
        <ele>16.4</ele>
      </trkpt>
      <trkpt lat="46.38955" lon="-63.06006">
        <ele>17.2</ele>
      </trkpt>
      <trkpt lat="46.38934" lon="-63.06022">
        <ele>18.1</ele>
      </trkpt>
      <trkpt lat="46.38821" lon="-63.06103">
        <ele>20.8</ele>
      </trkpt>
      <trkpt lat="46.38805" lon="-63.06115">
        <ele>21.1</ele>
      </trkpt>
      <trkpt lat="46.38709" lon="-63.06184">
        <ele>22.3</ele>
      </trkpt>
      <trkpt lat="46.38692" lon="-63.06196">
        <ele>22.5</ele>
      </trkpt>
      <trkpt lat="46.38644" lon="-63.06231">
        <ele>22.6</ele>
      </trkpt>
      <trkpt lat="46.38628" lon="-63.06242">
        <ele>22.5</ele>
      </trkpt>
      <trkpt lat="46.38596" lon="-63.06266">
        <ele>22.0</ele>
      </trkpt>
      <trkpt lat="46.3858" lon="-63.06277">
        <ele>21.5</ele>
      </trkpt>
      <trkpt lat="46.38531" lon="-63.06312">
        <ele>18.7</ele>
      </trkpt>
      <trkpt lat="46.38495" lon="-63.06338">
        <ele>16.9</ele>
      </trkpt>
      <trkpt lat="46.38456" lon="-63.06366">
        <ele>15.3</ele>
      </trkpt>
      <trkpt lat="46.38451" lon="-63.0637">
        <ele>15.0</ele>
      </trkpt>
      <trkpt lat="46.38435" lon="-63.06382">
        <ele>14.1</ele>
      </trkpt>
      <trkpt lat="46.38426" lon="-63.06389">
        <ele>13.6</ele>
      </trkpt>
      <trkpt lat="46.38373" lon="-63.06442">
        <ele>13.0</ele>
      </trkpt>
      <trkpt lat="46.38361" lon="-63.06456">
        <ele>12.7</ele>
      </trkpt>
      <trkpt lat="46.38328" lon="-63.06495">
        <ele>11.2</ele>
      </trkpt>
      <trkpt lat="46.38212" lon="-63.06624">
        <ele>9.5</ele>
      </trkpt>
      <trkpt lat="46.3819" lon="-63.06646">
        <ele>9.1</ele>
      </trkpt>
      <trkpt lat="46.38168" lon="-63.06665">
        <ele>8.1</ele>
      </trkpt>
      <trkpt lat="46.38151" lon="-63.06675">
        <ele>7.6</ele>
      </trkpt>
      <trkpt lat="46.38133" lon="-63.06685">
        <ele>7.0</ele>
      </trkpt>
      <trkpt lat="46.38132" lon="-63.06685">
        <ele>6.9</ele>
      </trkpt>
      <trkpt lat="46.38119" lon="-63.06691">
        <ele>6.4</ele>
      </trkpt>
      <trkpt lat="46.38116" lon="-63.06692">
        <ele>6.2</ele>
      </trkpt>
      <trkpt lat="46.38102" lon="-63.06697">
        <ele>5.6</ele>
      </trkpt>
      <trkpt lat="46.38086" lon="-63.06702">
        <ele>4.7</ele>
      </trkpt>
      <trkpt lat="46.38065" lon="-63.06706">
        <ele>4.3</ele>
      </trkpt>
      <trkpt lat="46.38063" lon="-63.06706">
        <ele>4.3</ele>
      </trkpt>
      <trkpt lat="46.3805" lon="-63.06706">
        <ele>4.1</ele>
      </trkpt>
      <trkpt lat="46.38045" lon="-63.06707">
        <ele>4.1</ele>
      </trkpt>
      <trkpt lat="46.38035" lon="-63.06707">
        <ele>3.9</ele>
      </trkpt>
      <trkpt lat="46.38015" lon="-63.06706">
        <ele>3.7</ele>
      </trkpt>
      <trkpt lat="46.38009" lon="-63.06706">
        <ele>3.6</ele>
      </trkpt>
      <trkpt lat="46.37997" lon="-63.06704">
        <ele>3.7</ele>
      </trkpt>
      <trkpt lat="46.37991" lon="-63.06703">
        <ele>4.0</ele>
      </trkpt>
      <trkpt lat="46.37973" lon="-63.067">
        <ele>5.0</ele>
      </trkpt>
      <trkpt lat="46.3792" lon="-63.06687">
        <ele>8.1</ele>
      </trkpt>
      <trkpt lat="46.37902" lon="-63.06683">
        <ele>8.8</ele>
      </trkpt>
      <trkpt lat="46.37884" lon="-63.06679">
        <ele>9.5</ele>
      </trkpt>
      <trkpt lat="46.37853" lon="-63.06671">
        <ele>10.5</ele>
      </trkpt>
      <trkpt lat="46.37788" lon="-63.06655">
        <ele>12.3</ele>
      </trkpt>
      <trkpt lat="46.37697" lon="-63.06633">
        <ele>14.3</ele>
      </trkpt>
      <trkpt lat="46.3766" lon="-63.06622">
        <ele>15.2</ele>
      </trkpt>
      <trkpt lat="46.37635" lon="-63.06618">
        <ele>16.1</ele>
      </trkpt>
      <trkpt lat="46.37618" lon="-63.06617">
        <ele>16.8</ele>
      </trkpt>
      <trkpt lat="46.37615" lon="-63.06617">
        <ele>16.9</ele>
      </trkpt>
      <trkpt lat="46.376" lon="-63.06618">
        <ele>17.4</ele>
      </trkpt>
      <trkpt lat="46.3758" lon="-63.06621">
        <ele>18.1</ele>
      </trkpt>
      <trkpt lat="46.37553" lon="-63.06628">
        <ele>18.9</ele>
      </trkpt>
      <trkpt lat="46.37546" lon="-63.06631">
        <ele>19.1</ele>
      </trkpt>
      <trkpt lat="46.37533" lon="-63.06636">
        <ele>19.4</ele>
      </trkpt>
      <trkpt lat="46.37529" lon="-63.06637">
        <ele>19.5</ele>
      </trkpt>
      <trkpt lat="46.37518" lon="-63.06642">
        <ele>19.8</ele>
      </trkpt>
      <trkpt lat="46.37478" lon="-63.06665">
        <ele>20.3</ele>
      </trkpt>
      <trkpt lat="46.37303" lon="-63.06797">
        <ele>22.3</ele>
      </trkpt>
      <trkpt lat="46.37287" lon="-63.06809">
        <ele>22.6</ele>
      </trkpt>
      <trkpt lat="46.37191" lon="-63.06881">
        <ele>23.4</ele>
      </trkpt>
      <trkpt lat="46.37143" lon="-63.06917">
        <ele>23.4</ele>
      </trkpt>
      <trkpt lat="46.37127" lon="-63.06929">
        <ele>22.9</ele>
      </trkpt>
      <trkpt lat="46.37111" lon="-63.06941">
        <ele>22.4</ele>
      </trkpt>
      <trkpt lat="46.3704" lon="-63.06994">
        <ele>20.6</ele>
      </trkpt>
      <trkpt lat="46.37" lon="-63.07026">
        <ele>20.3</ele>
      </trkpt>
      <trkpt lat="46.36999" lon="-63.07026">
        <ele>20.3</ele>
      </trkpt>
      <trkpt lat="46.36938" lon="-63.07076">
        <ele>20.8</ele>
      </trkpt>
      <trkpt lat="46.36928" lon="-63.07082">
        <ele>21.0</ele>
      </trkpt>
      <trkpt lat="46.36919" lon="-63.0709">
        <ele>21.3</ele>
      </trkpt>
      <trkpt lat="46.36911" lon="-63.07098">
        <ele>21.5</ele>
      </trkpt>
      <trkpt lat="46.36668" lon="-63.07353">
        <ele>27.5</ele>
      </trkpt>
      <trkpt lat="46.36635" lon="-63.0739">
        <ele>28.2</ele>
      </trkpt>
      <trkpt lat="46.3663" lon="-63.07396">
        <ele>28.4</ele>
      </trkpt>
      <trkpt lat="46.36623" lon="-63.07406">
        <ele>28.7</ele>
      </trkpt>
      <trkpt lat="46.36613" lon="-63.07413">
        <ele>28.9</ele>
      </trkpt>
      <trkpt lat="46.3658" lon="-63.07448">
        <ele>29.3</ele>
      </trkpt>
      <trkpt lat="46.36454" lon="-63.07582">
        <ele>32.5</ele>
      </trkpt>
      <trkpt lat="46.36324" lon="-63.07722">
        <ele>36.6</ele>
      </trkpt>
      <trkpt lat="46.36324" lon="-63.07722">
        <ele>36.6</ele>
      </trkpt>
      <trkpt lat="46.36319" lon="-63.07716">
        <ele>36.6</ele>
      </trkpt>
      <trkpt lat="46.36316" lon="-63.07713">
        <ele>36.6</ele>
      </trkpt>
      <trkpt lat="46.36313" lon="-63.0771">
        <ele>36.5</ele>
      </trkpt>
      <trkpt lat="46.36309" lon="-63.07708">
        <ele>36.6</ele>
      </trkpt>
      <trkpt lat="46.36281" lon="-63.07697">
        <ele>36.8</ele>
      </trkpt>
      <trkpt lat="46.36212" lon="-63.07669">
        <ele>35.6</ele>
      </trkpt>
      <trkpt lat="46.36181" lon="-63.07656">
        <ele>34.7</ele>
      </trkpt>
      <trkpt lat="46.3613" lon="-63.07634">
        <ele>32.8</ele>
      </trkpt>
      <trkpt lat="46.36112" lon="-63.07626">
        <ele>32.1</ele>
      </trkpt>
      <trkpt lat="46.36095" lon="-63.07619">
        <ele>31.4</ele>
      </trkpt>
      <trkpt lat="46.36009" lon="-63.07582">
        <ele>29.0</ele>
      </trkpt>
      <trkpt lat="46.35922" lon="-63.07546">
        <ele>26.1</ele>
      </trkpt>
      <trkpt lat="46.35888" lon="-63.07531">
        <ele>25.7</ele>
      </trkpt>
      <trkpt lat="46.35767" lon="-63.07479">
        <ele>22.3</ele>
      </trkpt>
      <trkpt lat="46.35698" lon="-63.0745">
        <ele>20.8</ele>
      </trkpt>
      <trkpt lat="46.35681" lon="-63.07443">
        <ele>20.5</ele>
      </trkpt>
      <trkpt lat="46.35543" lon="-63.07384">
        <ele>18.0</ele>
      </trkpt>
      <trkpt lat="46.35526" lon="-63.07377">
        <ele>17.7</ele>
      </trkpt>
      <trkpt lat="46.35506" lon="-63.07368">
        <ele>17.4</ele>
      </trkpt>
      <trkpt lat="46.35456" lon="-63.07348">
        <ele>18.2</ele>
      </trkpt>
      <trkpt lat="46.35439" lon="-63.07341">
        <ele>18.6</ele>
      </trkpt>
      <trkpt lat="46.35405" lon="-63.07326">
        <ele>19.0</ele>
      </trkpt>
      <trkpt lat="46.35335" lon="-63.07298">
        <ele>18.6</ele>
      </trkpt>
      <trkpt lat="46.35301" lon="-63.07283">
        <ele>17.8</ele>
      </trkpt>
      <trkpt lat="46.35249" lon="-63.07262">
        <ele>16.3</ele>
      </trkpt>
      <trkpt lat="46.35227" lon="-63.07253">
        <ele>15.3</ele>
      </trkpt>
      <trkpt lat="46.35214" lon="-63.07248">
        <ele>14.6</ele>
      </trkpt>
      <trkpt lat="46.35162" lon="-63.07227">
        <ele>11.9</ele>
      </trkpt>
      <trkpt lat="46.35145" lon="-63.0722">
        <ele>11.5</ele>
      </trkpt>
      <trkpt lat="46.35128" lon="-63.07213">
        <ele>11.5</ele>
      </trkpt>
      <trkpt lat="46.35093" lon="-63.07199">
        <ele>12.2</ele>
      </trkpt>
      <trkpt lat="46.35058" lon="-63.07185">
        <ele>13.5</ele>
      </trkpt>
      <trkpt lat="46.35041" lon="-63.07178">
        <ele>13.8</ele>
      </trkpt>
      <trkpt lat="46.34972" lon="-63.0715">
        <ele>15.2</ele>
      </trkpt>
      <trkpt lat="46.3492" lon="-63.07129">
        <ele>17.3</ele>
      </trkpt>
      <trkpt lat="46.3485" lon="-63.07101">
        <ele>18.6</ele>
      </trkpt>
      <trkpt lat="46.34764" lon="-63.07067">
        <ele>22.4</ele>
      </trkpt>
      <trkpt lat="46.34746" lon="-63.0706">
        <ele>23.2</ele>
      </trkpt>
      <trkpt lat="46.34702" lon="-63.07042">
        <ele>25.3</ele>
      </trkpt>
      <trkpt lat="46.34677" lon="-63.07032">
        <ele>26.5</ele>
      </trkpt>
      <trkpt lat="46.34642" lon="-63.07018">
        <ele>28.0</ele>
      </trkpt>
      <trkpt lat="46.34573" lon="-63.0699">
        <ele>29.9</ele>
      </trkpt>
      <trkpt lat="46.34556" lon="-63.06983">
        <ele>30.1</ele>
      </trkpt>
      <trkpt lat="46.34541" lon="-63.06978">
        <ele>30.3</ele>
      </trkpt>
      <trkpt lat="46.34521" lon="-63.0697">
        <ele>30.5</ele>
      </trkpt>
      <trkpt lat="46.34504" lon="-63.06963">
        <ele>30.7</ele>
      </trkpt>
      <trkpt lat="46.345" lon="-63.06961">
        <ele>30.7</ele>
      </trkpt>
      <trkpt lat="46.34469" lon="-63.06951">
        <ele>30.3</ele>
      </trkpt>
      <trkpt lat="46.34434" lon="-63.06939">
        <ele>29.9</ele>
      </trkpt>
      <trkpt lat="46.34343" lon="-63.06905">
        <ele>29.5</ele>
      </trkpt>
      <trkpt lat="46.34341" lon="-63.06904">
        <ele>29.5</ele>
      </trkpt>
      <trkpt lat="46.34291" lon="-63.06885">
        <ele>29.2</ele>
      </trkpt>
      <trkpt lat="46.34237" lon="-63.06863">
        <ele>28.3</ele>
      </trkpt>
      <trkpt lat="46.3422" lon="-63.06856">
        <ele>27.7</ele>
      </trkpt>
      <trkpt lat="46.34116" lon="-63.06814">
        <ele>24.8</ele>
      </trkpt>
      <trkpt lat="46.34115" lon="-63.06814">
        <ele>24.8</ele>
      </trkpt>
      <trkpt lat="46.34029" lon="-63.06779">
        <ele>22.9</ele>
      </trkpt>
      <trkpt lat="46.33977" lon="-63.06758">
        <ele>22.0</ele>
      </trkpt>
      <trkpt lat="46.33908" lon="-63.0673">
        <ele>20.1</ele>
      </trkpt>
      <trkpt lat="46.33804" lon="-63.06688">
        <ele>23.8</ele>
      </trkpt>
      <trkpt lat="46.337" lon="-63.06646">
        <ele>23.4</ele>
      </trkpt>
      <trkpt lat="46.33683" lon="-63.06639">
        <ele>23.1</ele>
      </trkpt>
      <trkpt lat="46.33682" lon="-63.06639">
        <ele>23.1</ele>
      </trkpt>
      <trkpt lat="46.33405" lon="-63.06527">
        <ele>21.3</ele>
      </trkpt>
      <trkpt lat="46.33353" lon="-63.06506">
        <ele>18.9</ele>
      </trkpt>
      <trkpt lat="46.33267" lon="-63.06471">
        <ele>16.3</ele>
      </trkpt>
      <trkpt lat="46.33249" lon="-63.06464">
        <ele>16.0</ele>
      </trkpt>
      <trkpt lat="46.33215" lon="-63.06449">
        <ele>17.4</ele>
      </trkpt>
      <trkpt lat="46.3318" lon="-63.06435">
        <ele>19.0</ele>
      </trkpt>
      <trkpt lat="46.33093" lon="-63.06402">
        <ele>22.8</ele>
      </trkpt>
      <trkpt lat="46.33041" lon="-63.06383">
        <ele>23.2</ele>
      </trkpt>
      <trkpt lat="46.33024" lon="-63.06376">
        <ele>23.5</ele>
      </trkpt>
      <trkpt lat="46.32972" lon="-63.06357">
        <ele>24.7</ele>
      </trkpt>
      <trkpt lat="46.3292" lon="-63.06335">
        <ele>25.9</ele>
      </trkpt>
      <trkpt lat="46.32899" lon="-63.06326">
        <ele>26.2</ele>
      </trkpt>
      <trkpt lat="46.32885" lon="-63.06319">
        <ele>26.3</ele>
      </trkpt>
      <trkpt lat="46.32878" lon="-63.06316">
        <ele>26.3</ele>
      </trkpt>
      <trkpt lat="46.32869" lon="-63.06309">
        <ele>26.4</ele>
      </trkpt>
      <trkpt lat="46.32841" lon="-63.06287">
        <ele>26.2</ele>
      </trkpt>
      <trkpt lat="46.32837" lon="-63.06283">
        <ele>26.1</ele>
      </trkpt>
      <trkpt lat="46.3281" lon="-63.06252">
        <ele>26.0</ele>
      </trkpt>
      <trkpt lat="46.32797" lon="-63.06232">
        <ele>26.4</ele>
      </trkpt>
      <trkpt lat="46.32784" lon="-63.06212">
        <ele>26.9</ele>
      </trkpt>
      <trkpt lat="46.32769" lon="-63.06184">
        <ele>27.6</ele>
      </trkpt>
      <trkpt lat="46.32753" lon="-63.06146">
        <ele>29.2</ele>
      </trkpt>
      <trkpt lat="46.32746" lon="-63.06126">
        <ele>30.5</ele>
      </trkpt>
      <trkpt lat="46.32737" lon="-63.06094">
        <ele>32.3</ele>
      </trkpt>
      <trkpt lat="46.32726" lon="-63.06053">
        <ele>33.1</ele>
      </trkpt>
      <trkpt lat="46.3272" lon="-63.06029">
        <ele>33.3</ele>
      </trkpt>
      <trkpt lat="46.32716" lon="-63.06013">
        <ele>33.4</ele>
      </trkpt>
      <trkpt lat="46.32705" lon="-63.05981">
        <ele>33.9</ele>
      </trkpt>
      <trkpt lat="46.32702" lon="-63.0597">
        <ele>34.0</ele>
      </trkpt>
      <trkpt lat="46.32699" lon="-63.05965">
        <ele>34.0</ele>
      </trkpt>
      <trkpt lat="46.32696" lon="-63.05958">
        <ele>34.1</ele>
      </trkpt>
      <trkpt lat="46.32683" lon="-63.0593">
        <ele>33.9</ele>
      </trkpt>
      <trkpt lat="46.32675" lon="-63.05917">
        <ele>33.5</ele>
      </trkpt>
      <trkpt lat="46.32666" lon="-63.05903">
        <ele>33.5</ele>
      </trkpt>
      <trkpt lat="46.32662" lon="-63.05896">
        <ele>33.6</ele>
      </trkpt>
      <trkpt lat="46.32647" lon="-63.05877">
        <ele>33.7</ele>
      </trkpt>
      <trkpt lat="46.32624" lon="-63.0585">
        <ele>33.9</ele>
      </trkpt>
      <trkpt lat="46.32611" lon="-63.05839">
        <ele>33.8</ele>
      </trkpt>
      <trkpt lat="46.32589" lon="-63.05822">
        <ele>33.3</ele>
      </trkpt>
      <trkpt lat="46.3258" lon="-63.05816">
        <ele>33.0</ele>
      </trkpt>
      <trkpt lat="46.32573" lon="-63.05812">
        <ele>32.7</ele>
      </trkpt>
      <trkpt lat="46.32556" lon="-63.05804">
        <ele>31.8</ele>
      </trkpt>
      <trkpt lat="46.3254" lon="-63.05795">
        <ele>31.1</ele>
      </trkpt>
      <trkpt lat="46.32539" lon="-63.05795">
        <ele>31.0</ele>
      </trkpt>
      <trkpt lat="46.32484" lon="-63.05773">
        <ele>29.1</ele>
      </trkpt>
      <trkpt lat="46.32418" lon="-63.05746">
        <ele>28.1</ele>
      </trkpt>
      <trkpt lat="46.32401" lon="-63.05739">
        <ele>27.7</ele>
      </trkpt>
      <trkpt lat="46.32366" lon="-63.05725">
        <ele>26.6</ele>
      </trkpt>
      <trkpt lat="46.32352" lon="-63.0572">
        <ele>26.1</ele>
      </trkpt>
      <trkpt lat="46.32349" lon="-63.05718">
        <ele>26.0</ele>
      </trkpt>
      <trkpt lat="46.32332" lon="-63.05711">
        <ele>25.5</ele>
      </trkpt>
      <trkpt lat="46.32314" lon="-63.05703">
        <ele>25.5</ele>
      </trkpt>
      <trkpt lat="46.3228" lon="-63.05688">
        <ele>25.6</ele>
      </trkpt>
      <trkpt lat="46.32278" lon="-63.05688">
        <ele>25.6</ele>
      </trkpt>
      <trkpt lat="46.32248" lon="-63.05676">
        <ele>25.7</ele>
      </trkpt>
      <trkpt lat="46.32245" lon="-63.05675">
        <ele>25.7</ele>
      </trkpt>
      <trkpt lat="46.32228" lon="-63.05668">
        <ele>25.4</ele>
      </trkpt>
      <trkpt lat="46.3221" lon="-63.0566">
        <ele>25.2</ele>
      </trkpt>
      <trkpt lat="46.32193" lon="-63.05653">
        <ele>25.1</ele>
      </trkpt>
      <trkpt lat="46.32176" lon="-63.05646">
        <ele>24.9</ele>
      </trkpt>
      <trkpt lat="46.32159" lon="-63.05639">
        <ele>25.2</ele>
      </trkpt>
      <trkpt lat="46.32141" lon="-63.05632">
        <ele>26.0</ele>
      </trkpt>
      <trkpt lat="46.32124" lon="-63.05625">
        <ele>26.8</ele>
      </trkpt>
      <trkpt lat="46.32089" lon="-63.05611">
        <ele>28.5</ele>
      </trkpt>
      <trkpt lat="46.32055" lon="-63.05597">
        <ele>31.0</ele>
      </trkpt>
      <trkpt lat="46.3205" lon="-63.05596">
        <ele>31.4</ele>
      </trkpt>
      <trkpt lat="46.32037" lon="-63.0559">
        <ele>32.5</ele>
      </trkpt>
      <trkpt lat="46.3202" lon="-63.05583">
        <ele>33.8</ele>
      </trkpt>
      <trkpt lat="46.31973" lon="-63.05564">
        <ele>37.2</ele>
      </trkpt>
      <trkpt lat="46.31951" lon="-63.05555">
        <ele>38.8</ele>
      </trkpt>
      <trkpt lat="46.31933" lon="-63.05548">
        <ele>40.0</ele>
      </trkpt>
      <trkpt lat="46.31916" lon="-63.05541">
        <ele>41.0</ele>
      </trkpt>
      <trkpt lat="46.31864" lon="-63.0552">
        <ele>44.0</ele>
      </trkpt>
      <trkpt lat="46.31832" lon="-63.05507">
        <ele>45.8</ele>
      </trkpt>
      <trkpt lat="46.31829" lon="-63.05506">
        <ele>45.9</ele>
      </trkpt>
      <trkpt lat="46.31812" lon="-63.05499">
        <ele>46.3</ele>
      </trkpt>
      <trkpt lat="46.31794" lon="-63.05492">
        <ele>46.8</ele>
      </trkpt>
      <trkpt lat="46.31777" lon="-63.05486">
        <ele>47.2</ele>
      </trkpt>
      <trkpt lat="46.31731" lon="-63.05468">
        <ele>47.2</ele>
      </trkpt>
      <trkpt lat="46.31723" lon="-63.05464">
        <ele>46.9</ele>
      </trkpt>
      <trkpt lat="46.31717" lon="-63.05459">
        <ele>46.7</ele>
      </trkpt>
      <trkpt lat="46.31713" lon="-63.05457">
        <ele>46.5</ele>
      </trkpt>
      <trkpt lat="46.31713" lon="-63.05457">
        <ele>46.5</ele>
      </trkpt>
      <trkpt lat="46.31713" lon="-63.05484">
        <ele>45.7</ele>
      </trkpt>
      <trkpt lat="46.31712" lon="-63.0551">
        <ele>45.2</ele>
      </trkpt>
      <trkpt lat="46.31711" lon="-63.05536">
        <ele>45.1</ele>
      </trkpt>
      <trkpt lat="46.3171" lon="-63.05562">
        <ele>45.0</ele>
      </trkpt>
      <trkpt lat="46.31709" lon="-63.05588">
        <ele>45.1</ele>
      </trkpt>
      <trkpt lat="46.31708" lon="-63.05614">
        <ele>45.9</ele>
      </trkpt>
      <trkpt lat="46.31706" lon="-63.0566">
        <ele>47.4</ele>
      </trkpt>
      <trkpt lat="46.31706" lon="-63.05692">
        <ele>47.6</ele>
      </trkpt>
      <trkpt lat="46.31706" lon="-63.05718">
        <ele>47.5</ele>
      </trkpt>
      <trkpt lat="46.31702" lon="-63.0598">
        <ele>47.7</ele>
      </trkpt>
      <trkpt lat="46.31701" lon="-63.06004">
        <ele>47.6</ele>
      </trkpt>
      <trkpt lat="46.31699" lon="-63.06134">
        <ele>46.6</ele>
      </trkpt>
      <trkpt lat="46.31696" lon="-63.06267">
        <ele>42.9</ele>
      </trkpt>
      <trkpt lat="46.31695" lon="-63.06342">
        <ele>41.6</ele>
      </trkpt>
      <trkpt lat="46.31695" lon="-63.06414">
        <ele>41.0</ele>
      </trkpt>
      <trkpt lat="46.317" lon="-63.06446">
        <ele>41.1</ele>
      </trkpt>
      <trkpt lat="46.31703" lon="-63.06462">
        <ele>41.2</ele>
      </trkpt>
      <trkpt lat="46.3172" lon="-63.06518">
        <ele>41.1</ele>
      </trkpt>
      <trkpt lat="46.31721" lon="-63.06521">
        <ele>41.0</ele>
      </trkpt>
      <trkpt lat="46.3173" lon="-63.06539">
        <ele>40.7</ele>
      </trkpt>
      <trkpt lat="46.31747" lon="-63.06572">
        <ele>40.1</ele>
      </trkpt>
      <trkpt lat="46.31766" lon="-63.06597">
        <ele>40.0</ele>
      </trkpt>
      <trkpt lat="46.31786" lon="-63.06622">
        <ele>39.8</ele>
      </trkpt>
      <trkpt lat="46.31825" lon="-63.06657">
        <ele>39.2</ele>
      </trkpt>
      <trkpt lat="46.31827" lon="-63.06659">
        <ele>39.2</ele>
      </trkpt>
      <trkpt lat="46.31841" lon="-63.06667">
        <ele>38.7</ele>
      </trkpt>
      <trkpt lat="46.31858" lon="-63.06676">
        <ele>38.0</ele>
      </trkpt>
      <trkpt lat="46.31862" lon="-63.06678">
        <ele>37.9</ele>
      </trkpt>
      <trkpt lat="46.31943" lon="-63.06703">
        <ele>35.0</ele>
      </trkpt>
      <trkpt lat="46.31964" lon="-63.0671">
        <ele>34.3</ele>
      </trkpt>
      <trkpt lat="46.32003" lon="-63.06724">
        <ele>33.7</ele>
      </trkpt>
      <trkpt lat="46.32029" lon="-63.06748">
        <ele>34.5</ele>
      </trkpt>
      <trkpt lat="46.32048" lon="-63.06765">
        <ele>35.0</ele>
      </trkpt>
      <trkpt lat="46.32058" lon="-63.06779">
        <ele>35.5</ele>
      </trkpt>
      <trkpt lat="46.3207" lon="-63.06795">
        <ele>36.1</ele>
      </trkpt>
      <trkpt lat="46.32089" lon="-63.06835">
        <ele>37.5</ele>
      </trkpt>
      <trkpt lat="46.32097" lon="-63.06865">
        <ele>37.8</ele>
      </trkpt>
      <trkpt lat="46.32102" lon="-63.06883">
        <ele>37.9</ele>
      </trkpt>
      <trkpt lat="46.32102" lon="-63.0689">
        <ele>38.1</ele>
      </trkpt>
      <trkpt lat="46.32104" lon="-63.06916">
        <ele>38.7</ele>
      </trkpt>
      <trkpt lat="46.32107" lon="-63.06965">
        <ele>36.9</ele>
      </trkpt>
      <trkpt lat="46.32105" lon="-63.06997">
        <ele>36.1</ele>
      </trkpt>
      <trkpt lat="46.321" lon="-63.07018">
        <ele>36.0</ele>
      </trkpt>
      <trkpt lat="46.32096" lon="-63.07037">
        <ele>35.9</ele>
      </trkpt>
      <trkpt lat="46.32094" lon="-63.07043">
        <ele>36.0</ele>
      </trkpt>
      <trkpt lat="46.32083" lon="-63.07073">
        <ele>36.1</ele>
      </trkpt>
      <trkpt lat="46.32066" lon="-63.0711">
        <ele>37.0</ele>
      </trkpt>
      <trkpt lat="46.32059" lon="-63.07125">
        <ele>37.3</ele>
      </trkpt>
      <trkpt lat="46.32011" lon="-63.07212">
        <ele>38.2</ele>
      </trkpt>
      <trkpt lat="46.31977" lon="-63.07273">
        <ele>38.0</ele>
      </trkpt>
      <trkpt lat="46.31965" lon="-63.07295">
        <ele>37.7</ele>
      </trkpt>
      <trkpt lat="46.31877" lon="-63.07457">
        <ele>37.8</ele>
      </trkpt>
      <trkpt lat="46.31855" lon="-63.07498">
        <ele>37.7</ele>
      </trkpt>
      <trkpt lat="46.3182" lon="-63.07563">
        <ele>38.9</ele>
      </trkpt>
      <trkpt lat="46.31802" lon="-63.076">
        <ele>39.3</ele>
      </trkpt>
      <trkpt lat="46.31784" lon="-63.07651">
        <ele>39.7</ele>
      </trkpt>
      <trkpt lat="46.31765" lon="-63.07721">
        <ele>40.2</ele>
      </trkpt>
      <trkpt lat="46.31753" lon="-63.07766">
        <ele>40.4</ele>
      </trkpt>
      <trkpt lat="46.31752" lon="-63.0777">
        <ele>40.3</ele>
      </trkpt>
      <trkpt lat="46.31741" lon="-63.0782">
        <ele>40.4</ele>
      </trkpt>
      <trkpt lat="46.31736" lon="-63.07845">
        <ele>40.1</ele>
      </trkpt>
      <trkpt lat="46.31726" lon="-63.07895">
        <ele>39.0</ele>
      </trkpt>
      <trkpt lat="46.31715" lon="-63.07944">
        <ele>38.3</ele>
      </trkpt>
      <trkpt lat="46.31694" lon="-63.08044">
        <ele>35.9</ele>
      </trkpt>
      <trkpt lat="46.31691" lon="-63.08057">
        <ele>35.4</ele>
      </trkpt>
      <trkpt lat="46.31669" lon="-63.08169">
        <ele>34.1</ele>
      </trkpt>
      <trkpt lat="46.31638" lon="-63.08319">
        <ele>34.5</ele>
      </trkpt>
      <trkpt lat="46.31598" lon="-63.08519">
        <ele>32.1</ele>
      </trkpt>
      <trkpt lat="46.31593" lon="-63.08544">
        <ele>32.1</ele>
      </trkpt>
      <trkpt lat="46.31542" lon="-63.08794">
        <ele>34.0</ele>
      </trkpt>
      <trkpt lat="46.31522" lon="-63.08894">
        <ele>35.1</ele>
      </trkpt>
      <trkpt lat="46.31513" lon="-63.08939">
        <ele>35.8</ele>
      </trkpt>
      <trkpt lat="46.31498" lon="-63.09019">
        <ele>37.1</ele>
      </trkpt>
      <trkpt lat="46.31495" lon="-63.09035">
        <ele>37.1</ele>
      </trkpt>
      <trkpt lat="46.31487" lon="-63.09096">
        <ele>37.4</ele>
      </trkpt>
      <trkpt lat="46.31483" lon="-63.09132">
        <ele>37.2</ele>
      </trkpt>
      <trkpt lat="46.31483" lon="-63.09147">
        <ele>37.2</ele>
      </trkpt>
      <trkpt lat="46.31483" lon="-63.09224">
        <ele>36.9</ele>
      </trkpt>
      <trkpt lat="46.31488" lon="-63.09277">
        <ele>37.2</ele>
      </trkpt>
      <trkpt lat="46.31496" lon="-63.0936">
        <ele>38.6</ele>
      </trkpt>
      <trkpt lat="46.315" lon="-63.09379">
        <ele>39.1</ele>
      </trkpt>
      <trkpt lat="46.31511" lon="-63.09429">
        <ele>40.5</ele>
      </trkpt>
      <trkpt lat="46.31516" lon="-63.09456">
        <ele>41.2</ele>
      </trkpt>
      <trkpt lat="46.31523" lon="-63.09478">
        <ele>41.8</ele>
      </trkpt>
      <trkpt lat="46.31537" lon="-63.09526">
        <ele>41.8</ele>
      </trkpt>
      <trkpt lat="46.31558" lon="-63.09598">
        <ele>40.7</ele>
      </trkpt>
      <trkpt lat="46.31565" lon="-63.09622">
        <ele>40.9</ele>
      </trkpt>
      <trkpt lat="46.31578" lon="-63.0967">
        <ele>41.0</ele>
      </trkpt>
      <trkpt lat="46.31585" lon="-63.09694">
        <ele>41.3</ele>
      </trkpt>
      <trkpt lat="46.31599" lon="-63.09742">
        <ele>42.1</ele>
      </trkpt>
      <trkpt lat="46.31602" lon="-63.09752">
        <ele>42.2</ele>
      </trkpt>
      <trkpt lat="46.31621" lon="-63.09802">
        <ele>42.4</ele>
      </trkpt>
      <trkpt lat="46.31628" lon="-63.09821">
        <ele>42.6</ele>
      </trkpt>
      <trkpt lat="46.31636" lon="-63.09845">
        <ele>42.3</ele>
      </trkpt>
      <trkpt lat="46.31652" lon="-63.09891">
        <ele>40.3</ele>
      </trkpt>
      <trkpt lat="46.31668" lon="-63.09938">
        <ele>38.2</ele>
      </trkpt>
      <trkpt lat="46.31669" lon="-63.09939">
        <ele>38.2</ele>
      </trkpt>
      <trkpt lat="46.31686" lon="-63.09983">
        <ele>36.8</ele>
      </trkpt>
      <trkpt lat="46.31723" lon="-63.10072">
        <ele>36.7</ele>
      </trkpt>
      <trkpt lat="46.3175" lon="-63.1014">
        <ele>38.0</ele>
      </trkpt>
      <trkpt lat="46.31779" lon="-63.10211">
        <ele>37.8</ele>
      </trkpt>
      <trkpt lat="46.31786" lon="-63.1023">
        <ele>37.4</ele>
      </trkpt>
      <trkpt lat="46.31799" lon="-63.10262">
        <ele>36.6</ele>
      </trkpt>
      <trkpt lat="46.31827" lon="-63.10356">
        <ele>36.8</ele>
      </trkpt>
      <trkpt lat="46.31831" lon="-63.10372">
        <ele>37.0</ele>
      </trkpt>
      <trkpt lat="46.31841" lon="-63.10415">
        <ele>37.6</ele>
      </trkpt>
      <trkpt lat="46.31852" lon="-63.10501">
        <ele>36.9</ele>
      </trkpt>
      <trkpt lat="46.31856" lon="-63.1055">
        <ele>37.0</ele>
      </trkpt>
      <trkpt lat="46.31858" lon="-63.10564">
        <ele>37.0</ele>
      </trkpt>
      <trkpt lat="46.31858" lon="-63.10576">
        <ele>37.1</ele>
      </trkpt>
      <trkpt lat="46.31864" lon="-63.10687">
        <ele>37.9</ele>
      </trkpt>
      <trkpt lat="46.31865" lon="-63.10706">
        <ele>38.1</ele>
      </trkpt>
      <trkpt lat="46.31868" lon="-63.10767">
        <ele>38.9</ele>
      </trkpt>
      <trkpt lat="46.31873" lon="-63.10809">
        <ele>38.9</ele>
      </trkpt>
      <trkpt lat="46.31878" lon="-63.10854">
        <ele>38.6</ele>
      </trkpt>
      <trkpt lat="46.31898" lon="-63.10969">
        <ele>37.0</ele>
      </trkpt>
      <trkpt lat="46.31905" lon="-63.11012">
        <ele>36.8</ele>
      </trkpt>
      <trkpt lat="46.31923" lon="-63.11116">
        <ele>36.1</ele>
      </trkpt>
      <trkpt lat="46.31926" lon="-63.11174">
        <ele>36.5</ele>
      </trkpt>
      <trkpt lat="46.31924" lon="-63.11281">
        <ele>35.1</ele>
      </trkpt>
      <trkpt lat="46.31911" lon="-63.11372">
        <ele>34.3</ele>
      </trkpt>
      <trkpt lat="46.31884" lon="-63.11468">
        <ele>35.3</ele>
      </trkpt>
      <trkpt lat="46.31881" lon="-63.11479">
        <ele>35.4</ele>
      </trkpt>
      <trkpt lat="46.31876" lon="-63.11491">
        <ele>35.5</ele>
      </trkpt>
      <trkpt lat="46.31866" lon="-63.11513">
        <ele>35.9</ele>
      </trkpt>
      <trkpt lat="46.31861" lon="-63.11524">
        <ele>36.1</ele>
      </trkpt>
      <trkpt lat="46.31823" lon="-63.11595">
        <ele>37.1</ele>
      </trkpt>
      <trkpt lat="46.31822" lon="-63.11596">
        <ele>37.1</ele>
      </trkpt>
      <trkpt lat="46.31796" lon="-63.11631">
        <ele>37.4</ele>
      </trkpt>
      <trkpt lat="46.31773" lon="-63.11661">
        <ele>37.7</ele>
      </trkpt>
      <trkpt lat="46.31769" lon="-63.11665">
        <ele>37.8</ele>
      </trkpt>
      <trkpt lat="46.31684" lon="-63.11762">
        <ele>35.2</ele>
      </trkpt>
      <trkpt lat="46.31682" lon="-63.11765">
        <ele>35.1</ele>
      </trkpt>
      <trkpt lat="46.31594" lon="-63.11862">
        <ele>33.3</ele>
      </trkpt>
      <trkpt lat="46.31551" lon="-63.11894">
        <ele>32.2</ele>
      </trkpt>
      <trkpt lat="46.31545" lon="-63.11899">
        <ele>32.1</ele>
      </trkpt>
      <trkpt lat="46.31517" lon="-63.1191">
        <ele>32.0</ele>
      </trkpt>
      <trkpt lat="46.31483" lon="-63.11922">
        <ele>31.7</ele>
      </trkpt>
      <trkpt lat="46.31452" lon="-63.11925">
        <ele>31.3</ele>
      </trkpt>
      <trkpt lat="46.31446" lon="-63.11926">
        <ele>31.3</ele>
      </trkpt>
      <trkpt lat="46.31393" lon="-63.11936">
        <ele>30.5</ele>
      </trkpt>
      <trkpt lat="46.31367" lon="-63.1194">
        <ele>30.0</ele>
      </trkpt>
      <trkpt lat="46.31325" lon="-63.11955">
        <ele>29.6</ele>
      </trkpt>
      <trkpt lat="46.31322" lon="-63.11957">
        <ele>29.7</ele>
      </trkpt>
      <trkpt lat="46.31267" lon="-63.1199">
        <ele>30.8</ele>
      </trkpt>
      <trkpt lat="46.31258" lon="-63.12001">
        <ele>30.9</ele>
      </trkpt>
      <trkpt lat="46.31243" lon="-63.12017">
        <ele>30.8</ele>
      </trkpt>
      <trkpt lat="46.31226" lon="-63.12036">
        <ele>30.5</ele>
      </trkpt>
      <trkpt lat="46.31196" lon="-63.12094">
        <ele>30.5</ele>
      </trkpt>
      <trkpt lat="46.31194" lon="-63.12097">
        <ele>30.5</ele>
      </trkpt>
      <trkpt lat="46.31168" lon="-63.12161">
        <ele>31.8</ele>
      </trkpt>
      <trkpt lat="46.31162" lon="-63.12186">
        <ele>31.7</ele>
      </trkpt>
      <trkpt lat="46.31155" lon="-63.12213">
        <ele>31.3</ele>
      </trkpt>
      <trkpt lat="46.31146" lon="-63.12287">
        <ele>30.9</ele>
      </trkpt>
      <trkpt lat="46.31144" lon="-63.12302">
        <ele>30.9</ele>
      </trkpt>
      <trkpt lat="46.31142" lon="-63.12339">
        <ele>30.9</ele>
      </trkpt>
      <trkpt lat="46.31141" lon="-63.1236">
        <ele>31.0</ele>
      </trkpt>
      <trkpt lat="46.31137" lon="-63.12416">
        <ele>31.4</ele>
      </trkpt>
      <trkpt lat="46.31131" lon="-63.12496">
        <ele>32.7</ele>
      </trkpt>
      <trkpt lat="46.31125" lon="-63.12545">
        <ele>32.2</ele>
      </trkpt>
      <trkpt lat="46.31124" lon="-63.12553">
        <ele>32.1</ele>
      </trkpt>
      <trkpt lat="46.31121" lon="-63.12571">
        <ele>31.8</ele>
      </trkpt>
      <trkpt lat="46.31116" lon="-63.12596">
        <ele>31.5</ele>
      </trkpt>
      <trkpt lat="46.31114" lon="-63.12604">
        <ele>31.5</ele>
      </trkpt>
      <trkpt lat="46.31104" lon="-63.12648">
        <ele>31.6</ele>
      </trkpt>
      <trkpt lat="46.31076" lon="-63.12743">
        <ele>33.2</ele>
      </trkpt>
      <trkpt lat="46.31061" lon="-63.12791">
        <ele>33.7</ele>
      </trkpt>
      <trkpt lat="46.31047" lon="-63.12839">
        <ele>34.0</ele>
      </trkpt>
      <trkpt lat="46.31044" lon="-63.12848">
        <ele>34.2</ele>
      </trkpt>
      <trkpt lat="46.3104" lon="-63.12863">
        <ele>34.6</ele>
      </trkpt>
      <trkpt lat="46.31007" lon="-63.12988">
        <ele>35.1</ele>
      </trkpt>
      <trkpt lat="46.30991" lon="-63.13031">
        <ele>36.0</ele>
      </trkpt>
      <trkpt lat="46.30964" lon="-63.13107">
        <ele>38.1</ele>
      </trkpt>
      <trkpt lat="46.30956" lon="-63.13121">
        <ele>38.5</ele>
      </trkpt>
      <trkpt lat="46.30922" lon="-63.13173">
        <ele>39.9</ele>
      </trkpt>
      <trkpt lat="46.30919" lon="-63.13177">
        <ele>40.1</ele>
      </trkpt>
      <trkpt lat="46.30864" lon="-63.13231">
        <ele>40.8</ele>
      </trkpt>
      <trkpt lat="46.30842" lon="-63.13244">
        <ele>40.9</ele>
      </trkpt>
      <trkpt lat="46.30824" lon="-63.13254">
        <ele>41.0</ele>
      </trkpt>
      <trkpt lat="46.30772" lon="-63.13264">
        <ele>41.2</ele>
      </trkpt>
      <trkpt lat="46.30763" lon="-63.13266">
        <ele>41.2</ele>
      </trkpt>
      <trkpt lat="46.30722" lon="-63.13266">
        <ele>40.8</ele>
      </trkpt>
      <trkpt lat="46.30718" lon="-63.13265">
        <ele>40.7</ele>
      </trkpt>
      <trkpt lat="46.307" lon="-63.13261">
        <ele>40.5</ele>
      </trkpt>
      <trkpt lat="46.30611" lon="-63.13243">
        <ele>40.1</ele>
      </trkpt>
      <trkpt lat="46.30593" lon="-63.13239">
        <ele>40.0</ele>
      </trkpt>
      <trkpt lat="46.30583" lon="-63.13237">
        <ele>40.0</ele>
      </trkpt>
      <trkpt lat="46.30504" lon="-63.13221">
        <ele>40.3</ele>
      </trkpt>
      <trkpt lat="46.30469" lon="-63.13213">
        <ele>41.1</ele>
      </trkpt>
      <trkpt lat="46.30401" lon="-63.13199">
        <ele>42.9</ele>
      </trkpt>
      <trkpt lat="46.30397" lon="-63.13198">
        <ele>43.0</ele>
      </trkpt>
      <trkpt lat="46.30361" lon="-63.13193">
        <ele>43.3</ele>
      </trkpt>
      <trkpt lat="46.30344" lon="-63.13191">
        <ele>43.4</ele>
      </trkpt>
      <trkpt lat="46.30329" lon="-63.13189">
        <ele>43.4</ele>
      </trkpt>
      <trkpt lat="46.30326" lon="-63.13189">
        <ele>43.3</ele>
      </trkpt>
      <trkpt lat="46.30308" lon="-63.13191">
        <ele>43.0</ele>
      </trkpt>
      <trkpt lat="46.3029" lon="-63.13193">
        <ele>42.7</ele>
      </trkpt>
      <trkpt lat="46.30282" lon="-63.13194">
        <ele>42.5</ele>
      </trkpt>
      <trkpt lat="46.30272" lon="-63.13198">
        <ele>42.3</ele>
      </trkpt>
      <trkpt lat="46.30255" lon="-63.13204">
        <ele>42.1</ele>
      </trkpt>
      <trkpt lat="46.3025" lon="-63.13206">
        <ele>42.0</ele>
      </trkpt>
      <trkpt lat="46.30238" lon="-63.13215">
        <ele>41.9</ele>
      </trkpt>
      <trkpt lat="46.30209" lon="-63.13238">
        <ele>41.5</ele>
      </trkpt>
      <trkpt lat="46.30207" lon="-63.1324">
        <ele>41.5</ele>
      </trkpt>
      <trkpt lat="46.30193" lon="-63.13256">
        <ele>41.4</ele>
      </trkpt>
      <trkpt lat="46.30176" lon="-63.13274">
        <ele>41.4</ele>
      </trkpt>
      <trkpt lat="46.30166" lon="-63.1329">
        <ele>41.5</ele>
      </trkpt>
      <trkpt lat="46.30153" lon="-63.13309">
        <ele>41.3</ele>
      </trkpt>
      <trkpt lat="46.30143" lon="-63.1333">
        <ele>41.1</ele>
      </trkpt>
      <trkpt lat="46.30132" lon="-63.13356">
        <ele>40.5</ele>
      </trkpt>
      <trkpt lat="46.30119" lon="-63.134">
        <ele>39.5</ele>
      </trkpt>
      <trkpt lat="46.30112" lon="-63.13424">
        <ele>39.0</ele>
      </trkpt>
      <trkpt lat="46.30112" lon="-63.13425">
        <ele>39.0</ele>
      </trkpt>
      <trkpt lat="46.30099" lon="-63.13472">
        <ele>38.9</ele>
      </trkpt>
      <trkpt lat="46.30092" lon="-63.13496">
        <ele>39.0</ele>
      </trkpt>
      <trkpt lat="46.3009" lon="-63.13504">
        <ele>39.0</ele>
      </trkpt>
      <trkpt lat="46.30073" lon="-63.13569">
        <ele>39.1</ele>
      </trkpt>
      <trkpt lat="46.30061" lon="-63.13612">
        <ele>40.0</ele>
      </trkpt>
      <trkpt lat="46.3006" lon="-63.13618">
        <ele>40.1</ele>
      </trkpt>
      <trkpt lat="46.30021" lon="-63.13761">
        <ele>42.0</ele>
      </trkpt>
      <trkpt lat="46.29996" lon="-63.13833">
        <ele>43.9</ele>
      </trkpt>
      <trkpt lat="46.29993" lon="-63.13842">
        <ele>44.1</ele>
      </trkpt>
      <trkpt lat="46.29965" lon="-63.13896">
        <ele>45.4</ele>
      </trkpt>
      <trkpt lat="46.29954" lon="-63.13917">
        <ele>46.0</ele>
      </trkpt>
      <trkpt lat="46.29908" lon="-63.13976">
        <ele>46.6</ele>
      </trkpt>
      <trkpt lat="46.299" lon="-63.13985">
        <ele>46.6</ele>
      </trkpt>
      <trkpt lat="46.29854" lon="-63.14037">
        <ele>47.1</ele>
      </trkpt>
      <trkpt lat="46.29842" lon="-63.14048">
        <ele>47.3</ele>
      </trkpt>
      <trkpt lat="46.29812" lon="-63.14078">
        <ele>47.9</ele>
      </trkpt>
      <trkpt lat="46.29799" lon="-63.14093">
        <ele>48.2</ele>
      </trkpt>
      <trkpt lat="46.29785" lon="-63.14112">
        <ele>48.5</ele>
      </trkpt>
      <trkpt lat="46.29779" lon="-63.1412">
        <ele>48.7</ele>
      </trkpt>
      <trkpt lat="46.29774" lon="-63.14132">
        <ele>49.0</ele>
      </trkpt>
      <trkpt lat="46.29765" lon="-63.14154">
        <ele>49.5</ele>
      </trkpt>
      <trkpt lat="46.29752" lon="-63.14185">
        <ele>50.2</ele>
      </trkpt>
      <trkpt lat="46.29738" lon="-63.14233">
        <ele>50.7</ele>
      </trkpt>
      <trkpt lat="46.29733" lon="-63.1425">
        <ele>51.0</ele>
      </trkpt>
      <trkpt lat="46.29732" lon="-63.14257">
        <ele>51.3</ele>
      </trkpt>
      <trkpt lat="46.29728" lon="-63.14283">
        <ele>52.2</ele>
      </trkpt>
      <trkpt lat="46.29727" lon="-63.14287">
        <ele>52.3</ele>
      </trkpt>
      <trkpt lat="46.29726" lon="-63.14335">
        <ele>54.0</ele>
      </trkpt>
      <trkpt lat="46.29725" lon="-63.14361">
        <ele>54.0</ele>
      </trkpt>
      <trkpt lat="46.29725" lon="-63.14362">
        <ele>54.0</ele>
      </trkpt>
      <trkpt lat="46.29727" lon="-63.14418">
        <ele>54.0</ele>
      </trkpt>
      <trkpt lat="46.29728" lon="-63.14438">
        <ele>54.1</ele>
      </trkpt>
      <trkpt lat="46.29732" lon="-63.14516">
        <ele>54.4</ele>
      </trkpt>
      <trkpt lat="46.29739" lon="-63.14672">
        <ele>53.1</ele>
      </trkpt>
      <trkpt lat="46.2974" lon="-63.14682">
        <ele>53.2</ele>
      </trkpt>
      <trkpt lat="46.29745" lon="-63.14802">
        <ele>53.4</ele>
      </trkpt>
      <trkpt lat="46.2975" lon="-63.14906">
        <ele>53.9</ele>
      </trkpt>
      <trkpt lat="46.29751" lon="-63.14932">
        <ele>54.3</ele>
      </trkpt>
      <trkpt lat="46.29752" lon="-63.14954">
        <ele>54.8</ele>
      </trkpt>
      <trkpt lat="46.29759" lon="-63.15077">
        <ele>55.8</ele>
      </trkpt>
      <trkpt lat="46.2976" lon="-63.15088">
        <ele>55.8</ele>
      </trkpt>
      <trkpt lat="46.29766" lon="-63.15128">
        <ele>55.5</ele>
      </trkpt>
      <trkpt lat="46.29774" lon="-63.15163">
        <ele>55.1</ele>
      </trkpt>
      <trkpt lat="46.29786" lon="-63.15214">
        <ele>54.1</ele>
      </trkpt>
      <trkpt lat="46.29786" lon="-63.15214">
        <ele>54.1</ele>
      </trkpt>
      <trkpt lat="46.29788" lon="-63.15247">
        <ele>53.7</ele>
      </trkpt>
      <trkpt lat="46.29788" lon="-63.15292">
        <ele>52.6</ele>
      </trkpt>
      <trkpt lat="46.29788" lon="-63.15294">
        <ele>52.6</ele>
      </trkpt>
      <trkpt lat="46.29786" lon="-63.15314">
        <ele>52.2</ele>
      </trkpt>
      <trkpt lat="46.29781" lon="-63.15343">
        <ele>51.7</ele>
      </trkpt>
      <trkpt lat="46.29775" lon="-63.15368">
        <ele>51.4</ele>
      </trkpt>
      <trkpt lat="46.29774" lon="-63.15372">
        <ele>51.3</ele>
      </trkpt>
      <trkpt lat="46.29767" lon="-63.15391">
        <ele>51.1</ele>
      </trkpt>
      <trkpt lat="46.29765" lon="-63.15395">
        <ele>51.1</ele>
      </trkpt>
      <trkpt lat="46.29747" lon="-63.15431">
        <ele>50.9</ele>
      </trkpt>
      <trkpt lat="46.29735" lon="-63.15449">
        <ele>51.0</ele>
      </trkpt>
      <trkpt lat="46.29722" lon="-63.15465">
        <ele>51.0</ele>
      </trkpt>
      <trkpt lat="46.29703" lon="-63.15481">
        <ele>51.0</ele>
      </trkpt>
      <trkpt lat="46.2968" lon="-63.15501">
        <ele>50.8</ele>
      </trkpt>
      <trkpt lat="46.29628" lon="-63.15525">
        <ele>50.8</ele>
      </trkpt>
      <trkpt lat="46.29611" lon="-63.15532">
        <ele>50.8</ele>
      </trkpt>
      <trkpt lat="46.29594" lon="-63.1554">
        <ele>51.0</ele>
      </trkpt>
      <trkpt lat="46.29568" lon="-63.15552">
        <ele>50.8</ele>
      </trkpt>
      <trkpt lat="46.29525" lon="-63.15569">
        <ele>49.3</ele>
      </trkpt>
      <trkpt lat="46.29514" lon="-63.15573">
        <ele>48.8</ele>
      </trkpt>
      <trkpt lat="46.29507" lon="-63.15576">
        <ele>48.5</ele>
      </trkpt>
      <trkpt lat="46.29497" lon="-63.1558">
        <ele>48.1</ele>
      </trkpt>
      <trkpt lat="46.2949" lon="-63.15583">
        <ele>48.1</ele>
      </trkpt>
      <trkpt lat="46.29466" lon="-63.15593">
        <ele>48.0</ele>
      </trkpt>
      <trkpt lat="46.29453" lon="-63.15599">
        <ele>47.9</ele>
      </trkpt>
      <trkpt lat="46.2945" lon="-63.15601">
        <ele>47.8</ele>
      </trkpt>
      <trkpt lat="46.29425" lon="-63.15612">
        <ele>47.6</ele>
      </trkpt>
      <trkpt lat="46.29409" lon="-63.15618">
        <ele>47.5</ele>
      </trkpt>
      <trkpt lat="46.29392" lon="-63.15623">
        <ele>47.7</ele>
      </trkpt>
      <trkpt lat="46.29388" lon="-63.15623">
        <ele>47.8</ele>
      </trkpt>
      <trkpt lat="46.29384" lon="-63.15624">
        <ele>47.8</ele>
      </trkpt>
      <trkpt lat="46.29366" lon="-63.15626">
        <ele>48.2</ele>
      </trkpt>
      <trkpt lat="46.29363" lon="-63.15626">
        <ele>48.2</ele>
      </trkpt>
      <trkpt lat="46.29343" lon="-63.15627">
        <ele>48.7</ele>
      </trkpt>
      <trkpt lat="46.29328" lon="-63.15625">
        <ele>49.0</ele>
      </trkpt>
      <trkpt lat="46.29317" lon="-63.15621">
        <ele>49.1</ele>
      </trkpt>
      <trkpt lat="46.29311" lon="-63.1562">
        <ele>49.1</ele>
      </trkpt>
      <trkpt lat="46.29296" lon="-63.15615">
        <ele>49.2</ele>
      </trkpt>
      <trkpt lat="46.29295" lon="-63.15614">
        <ele>49.2</ele>
      </trkpt>
      <trkpt lat="46.29282" lon="-63.15608">
        <ele>49.4</ele>
      </trkpt>
      <trkpt lat="46.29278" lon="-63.15606">
        <ele>49.4</ele>
      </trkpt>
      <trkpt lat="46.29272" lon="-63.15603">
        <ele>49.5</ele>
      </trkpt>
      <trkpt lat="46.29254" lon="-63.15592">
        <ele>49.7</ele>
      </trkpt>
      <trkpt lat="46.29237" lon="-63.15578">
        <ele>49.7</ele>
      </trkpt>
      <trkpt lat="46.29217" lon="-63.15558">
        <ele>49.2</ele>
      </trkpt>
      <trkpt lat="46.29206" lon="-63.15542">
        <ele>49.0</ele>
      </trkpt>
      <trkpt lat="46.29203" lon="-63.15539">
        <ele>49.0</ele>
      </trkpt>
      <trkpt lat="46.29187" lon="-63.15517">
        <ele>48.9</ele>
      </trkpt>
      <trkpt lat="46.29175" lon="-63.15495">
        <ele>48.8</ele>
      </trkpt>
      <trkpt lat="46.29165" lon="-63.15474">
        <ele>48.6</ele>
      </trkpt>
      <trkpt lat="46.29161" lon="-63.15462">
        <ele>48.4</ele>
      </trkpt>
      <trkpt lat="46.29156" lon="-63.1545">
        <ele>48.1</ele>
      </trkpt>
      <trkpt lat="46.29145" lon="-63.1541">
        <ele>47.4</ele>
      </trkpt>
      <trkpt lat="46.29132" lon="-63.15368">
        <ele>46.8</ele>
      </trkpt>
      <trkpt lat="46.29114" lon="-63.15308">
        <ele>46.6</ele>
      </trkpt>
      <trkpt lat="46.29102" lon="-63.15272">
        <ele>46.6</ele>
      </trkpt>
      <trkpt lat="46.291" lon="-63.15267">
        <ele>46.5</ele>
      </trkpt>
      <trkpt lat="46.29097" lon="-63.15258">
        <ele>46.5</ele>
      </trkpt>
      <trkpt lat="46.29084" lon="-63.15232">
        <ele>46.5</ele>
      </trkpt>
      <trkpt lat="46.29082" lon="-63.15228">
        <ele>46.5</ele>
      </trkpt>
      <trkpt lat="46.2908" lon="-63.15224">
        <ele>46.6</ele>
      </trkpt>
      <trkpt lat="46.2907" lon="-63.15207">
        <ele>46.8</ele>
      </trkpt>
      <trkpt lat="46.29052" lon="-63.15181">
        <ele>47.2</ele>
      </trkpt>
      <trkpt lat="46.29032" lon="-63.15157">
        <ele>47.5</ele>
      </trkpt>
      <trkpt lat="46.29031" lon="-63.15157">
        <ele>47.5</ele>
      </trkpt>
      <trkpt lat="46.29028" lon="-63.15154">
        <ele>47.5</ele>
      </trkpt>
      <trkpt lat="46.29017" lon="-63.15145">
        <ele>47.5</ele>
      </trkpt>
      <trkpt lat="46.29012" lon="-63.15142">
        <ele>47.5</ele>
      </trkpt>
      <trkpt lat="46.28998" lon="-63.15131">
        <ele>47.4</ele>
      </trkpt>
      <trkpt lat="46.28984" lon="-63.15124">
        <ele>47.2</ele>
      </trkpt>
      <trkpt lat="46.28964" lon="-63.15116">
        <ele>47.1</ele>
      </trkpt>
      <trkpt lat="46.28947" lon="-63.1511">
        <ele>47.1</ele>
      </trkpt>
      <trkpt lat="46.28944" lon="-63.15109">
        <ele>47.1</ele>
      </trkpt>
      <trkpt lat="46.28941" lon="-63.15108">
        <ele>47.1</ele>
      </trkpt>
      <trkpt lat="46.28896" lon="-63.15094">
        <ele>47.8</ele>
      </trkpt>
      <trkpt lat="46.28877" lon="-63.15089">
        <ele>48.2</ele>
      </trkpt>
      <trkpt lat="46.28847" lon="-63.15077">
        <ele>48.9</ele>
      </trkpt>
      <trkpt lat="46.28825" lon="-63.15061">
        <ele>48.8</ele>
      </trkpt>
      <trkpt lat="46.28811" lon="-63.15048">
        <ele>48.4</ele>
      </trkpt>
      <trkpt lat="46.28809" lon="-63.15047">
        <ele>48.4</ele>
      </trkpt>
      <trkpt lat="46.28795" lon="-63.1503">
        <ele>48.2</ele>
      </trkpt>
      <trkpt lat="46.28792" lon="-63.15027">
        <ele>48.2</ele>
      </trkpt>
      <trkpt lat="46.2878" lon="-63.15009">
        <ele>48.2</ele>
      </trkpt>
      <trkpt lat="46.28772" lon="-63.14995">
        <ele>48.2</ele>
      </trkpt>
      <trkpt lat="46.2877" lon="-63.14993">
        <ele>48.1</ele>
      </trkpt>
      <trkpt lat="46.28766" lon="-63.14985">
        <ele>48.0</ele>
      </trkpt>
      <trkpt lat="46.28754" lon="-63.1496">
        <ele>47.5</ele>
      </trkpt>
      <trkpt lat="46.28744" lon="-63.14932">
        <ele>47.3</ele>
      </trkpt>
      <trkpt lat="46.28736" lon="-63.14902">
        <ele>47.0</ele>
      </trkpt>
      <trkpt lat="46.28733" lon="-63.1489">
        <ele>46.8</ele>
      </trkpt>
      <trkpt lat="46.28731" lon="-63.14877">
        <ele>46.6</ele>
      </trkpt>
      <trkpt lat="46.2873" lon="-63.14869">
        <ele>46.5</ele>
      </trkpt>
      <trkpt lat="46.28728" lon="-63.14855">
        <ele>46.3</ele>
      </trkpt>
      <trkpt lat="46.28728" lon="-63.14851">
        <ele>46.3</ele>
      </trkpt>
      <trkpt lat="46.28726" lon="-63.14831">
        <ele>45.9</ele>
      </trkpt>
      <trkpt lat="46.28727" lon="-63.14808">
        <ele>45.4</ele>
      </trkpt>
      <trkpt lat="46.28728" lon="-63.14777">
        <ele>44.8</ele>
      </trkpt>
      <trkpt lat="46.2873" lon="-63.14747">
        <ele>44.3</ele>
      </trkpt>
      <trkpt lat="46.28731" lon="-63.14725">
        <ele>44.2</ele>
      </trkpt>
      <trkpt lat="46.28732" lon="-63.14723">
        <ele>44.2</ele>
      </trkpt>
      <trkpt lat="46.28732" lon="-63.14721">
        <ele>44.2</ele>
      </trkpt>
      <trkpt lat="46.28733" lon="-63.14693">
        <ele>44.1</ele>
      </trkpt>
      <trkpt lat="46.28733" lon="-63.14672">
        <ele>44.0</ele>
      </trkpt>
      <trkpt lat="46.28732" lon="-63.14654">
        <ele>43.8</ele>
      </trkpt>
      <trkpt lat="46.2873" lon="-63.14627">
        <ele>43.4</ele>
      </trkpt>
      <trkpt lat="46.28725" lon="-63.14596">
        <ele>42.9</ele>
      </trkpt>
      <trkpt lat="46.28725" lon="-63.14594">
        <ele>42.9</ele>
      </trkpt>
      <trkpt lat="46.2872" lon="-63.14567">
        <ele>42.8</ele>
      </trkpt>
      <trkpt lat="46.28714" lon="-63.14546">
        <ele>42.7</ele>
      </trkpt>
      <trkpt lat="46.28714" lon="-63.14544">
        <ele>42.7</ele>
      </trkpt>
      <trkpt lat="46.28709" lon="-63.14528">
        <ele>42.7</ele>
      </trkpt>
      <trkpt lat="46.28702" lon="-63.1451">
        <ele>42.6</ele>
      </trkpt>
      <trkpt lat="46.28693" lon="-63.14488">
        <ele>42.4</ele>
      </trkpt>
      <trkpt lat="46.28685" lon="-63.14468">
        <ele>42.2</ele>
      </trkpt>
      <trkpt lat="46.28675" lon="-63.14448">
        <ele>42.0</ele>
      </trkpt>
      <trkpt lat="46.28665" lon="-63.14427">
        <ele>41.8</ele>
      </trkpt>
      <trkpt lat="46.28657" lon="-63.14414">
        <ele>41.9</ele>
      </trkpt>
      <trkpt lat="46.28657" lon="-63.14413">
        <ele>41.9</ele>
      </trkpt>
      <trkpt lat="46.28655" lon="-63.1441">
        <ele>41.9</ele>
      </trkpt>
      <trkpt lat="46.28643" lon="-63.14392">
        <ele>42.2</ele>
      </trkpt>
      <trkpt lat="46.28633" lon="-63.14376">
        <ele>42.5</ele>
      </trkpt>
      <trkpt lat="46.28621" lon="-63.14362">
        <ele>42.5</ele>
      </trkpt>
      <trkpt lat="46.28609" lon="-63.14345">
        <ele>42.6</ele>
      </trkpt>
      <trkpt lat="46.28606" lon="-63.14341">
        <ele>42.6</ele>
      </trkpt>
      <trkpt lat="46.28595" lon="-63.14329">
        <ele>42.6</ele>
      </trkpt>
      <trkpt lat="46.28583" lon="-63.14316">
        <ele>42.6</ele>
      </trkpt>
      <trkpt lat="46.28578" lon="-63.1431">
        <ele>42.6</ele>
      </trkpt>
      <trkpt lat="46.28577" lon="-63.1431">
        <ele>42.5</ele>
      </trkpt>
      <trkpt lat="46.2857" lon="-63.14302">
        <ele>42.5</ele>
      </trkpt>
      <trkpt lat="46.28561" lon="-63.14294">
        <ele>42.2</ele>
      </trkpt>
      <trkpt lat="46.28546" lon="-63.14283">
        <ele>41.7</ele>
      </trkpt>
      <trkpt lat="46.2853" lon="-63.14271">
        <ele>40.9</ele>
      </trkpt>
      <trkpt lat="46.28467" lon="-63.14222">
        <ele>39.5</ele>
      </trkpt>
      <trkpt lat="46.28435" lon="-63.14198">
        <ele>39.1</ele>
      </trkpt>
      <trkpt lat="46.28419" lon="-63.14186">
        <ele>38.7</ele>
      </trkpt>
      <trkpt lat="46.28404" lon="-63.14174">
        <ele>38.2</ele>
      </trkpt>
      <trkpt lat="46.28372" lon="-63.1415">
        <ele>37.6</ele>
      </trkpt>
      <trkpt lat="46.28326" lon="-63.14114">
        <ele>36.2</ele>
      </trkpt>
      <trkpt lat="46.28318" lon="-63.14108">
        <ele>36.4</ele>
      </trkpt>
      <trkpt lat="46.28302" lon="-63.14096">
        <ele>36.6</ele>
      </trkpt>
      <trkpt lat="46.28292" lon="-63.14089">
        <ele>36.8</ele>
      </trkpt>
      <trkpt lat="46.28269" lon="-63.14075">
        <ele>37.3</ele>
      </trkpt>
      <trkpt lat="46.28257" lon="-63.14068">
        <ele>37.6</ele>
      </trkpt>
      <trkpt lat="46.28242" lon="-63.1406">
        <ele>37.7</ele>
      </trkpt>
      <trkpt lat="46.28235" lon="-63.14057">
        <ele>37.6</ele>
      </trkpt>
      <trkpt lat="46.28225" lon="-63.14054">
        <ele>37.6</ele>
      </trkpt>
      <trkpt lat="46.28196" lon="-63.14045">
        <ele>37.4</ele>
      </trkpt>
      <trkpt lat="46.28173" lon="-63.14043">
        <ele>37.1</ele>
      </trkpt>
      <trkpt lat="46.2815" lon="-63.14043">
        <ele>36.6</ele>
      </trkpt>
      <trkpt lat="46.28145" lon="-63.14044">
        <ele>36.5</ele>
      </trkpt>
      <trkpt lat="46.2813" lon="-63.14046">
        <ele>36.2</ele>
      </trkpt>
      <trkpt lat="46.28127" lon="-63.14047">
        <ele>36.1</ele>
      </trkpt>
      <trkpt lat="46.28109" lon="-63.14051">
        <ele>35.6</ele>
      </trkpt>
      <trkpt lat="46.28085" lon="-63.14061">
        <ele>34.8</ele>
      </trkpt>
      <trkpt lat="46.28059" lon="-63.14077">
        <ele>33.9</ele>
      </trkpt>
      <trkpt lat="46.28058" lon="-63.14077">
        <ele>33.9</ele>
      </trkpt>
      <trkpt lat="46.28027" lon="-63.14101">
        <ele>32.9</ele>
      </trkpt>
      <trkpt lat="46.28006" lon="-63.14117">
        <ele>32.3</ele>
      </trkpt>
      <trkpt lat="46.27972" lon="-63.14145">
        <ele>32.6</ele>
      </trkpt>
      <trkpt lat="46.27966" lon="-63.14149">
        <ele>32.7</ele>
      </trkpt>
      <trkpt lat="46.27964" lon="-63.14151">
        <ele>32.8</ele>
      </trkpt>
      <trkpt lat="46.27957" lon="-63.14155">
        <ele>32.9</ele>
      </trkpt>
      <trkpt lat="46.27945" lon="-63.14161">
        <ele>33.2</ele>
      </trkpt>
      <trkpt lat="46.27931" lon="-63.14166">
        <ele>33.5</ele>
      </trkpt>
      <trkpt lat="46.2793" lon="-63.14167">
        <ele>33.5</ele>
      </trkpt>
      <trkpt lat="46.27919" lon="-63.1417">
        <ele>33.7</ele>
      </trkpt>
      <trkpt lat="46.27912" lon="-63.14171">
        <ele>33.6</ele>
      </trkpt>
      <trkpt lat="46.279" lon="-63.14173">
        <ele>33.3</ele>
      </trkpt>
      <trkpt lat="46.27882" lon="-63.14175">
        <ele>32.8</ele>
      </trkpt>
      <trkpt lat="46.27865" lon="-63.14173">
        <ele>32.5</ele>
      </trkpt>
      <trkpt lat="46.27858" lon="-63.14171">
        <ele>32.4</ele>
      </trkpt>
      <trkpt lat="46.27854" lon="-63.1417">
        <ele>32.4</ele>
      </trkpt>
      <trkpt lat="46.27841" lon="-63.14166">
        <ele>32.2</ele>
      </trkpt>
      <trkpt lat="46.2784" lon="-63.14166">
        <ele>32.2</ele>
      </trkpt>
      <trkpt lat="46.27836" lon="-63.14164">
        <ele>32.1</ele>
      </trkpt>
      <trkpt lat="46.27826" lon="-63.14159">
        <ele>31.9</ele>
      </trkpt>
      <trkpt lat="46.2779" lon="-63.14136">
        <ele>31.0</ele>
      </trkpt>
      <trkpt lat="46.2778" lon="-63.14128">
        <ele>30.7</ele>
      </trkpt>
      <trkpt lat="46.27747" lon="-63.14105">
        <ele>29.7</ele>
      </trkpt>
      <trkpt lat="46.27731" lon="-63.14094">
        <ele>29.6</ele>
      </trkpt>
      <trkpt lat="46.27717" lon="-63.14084">
        <ele>29.6</ele>
      </trkpt>
      <trkpt lat="46.27683" lon="-63.14059">
        <ele>29.6</ele>
      </trkpt>
      <trkpt lat="46.27668" lon="-63.14048">
        <ele>29.5</ele>
      </trkpt>
      <trkpt lat="46.27651" lon="-63.14036">
        <ele>28.7</ele>
      </trkpt>
      <trkpt lat="46.27642" lon="-63.14031">
        <ele>28.3</ele>
      </trkpt>
      <trkpt lat="46.27626" lon="-63.14021">
        <ele>27.7</ele>
      </trkpt>
      <trkpt lat="46.27612" lon="-63.14016">
        <ele>27.1</ele>
      </trkpt>
      <trkpt lat="46.27594" lon="-63.1401">
        <ele>26.3</ele>
      </trkpt>
      <trkpt lat="46.27577" lon="-63.14008">
        <ele>25.7</ele>
      </trkpt>
      <trkpt lat="46.27564" lon="-63.14008">
        <ele>25.6</ele>
      </trkpt>
      <trkpt lat="46.27552" lon="-63.1401">
        <ele>25.3</ele>
      </trkpt>
      <trkpt lat="46.27546" lon="-63.14011">
        <ele>25.2</ele>
      </trkpt>
      <trkpt lat="46.27527" lon="-63.14014">
        <ele>24.9</ele>
      </trkpt>
      <trkpt lat="46.27511" lon="-63.1402">
        <ele>24.4</ele>
      </trkpt>
      <trkpt lat="46.27509" lon="-63.14021">
        <ele>24.4</ele>
      </trkpt>
      <trkpt lat="46.27493" lon="-63.1403">
        <ele>24.1</ele>
      </trkpt>
      <trkpt lat="46.27478" lon="-63.14041">
        <ele>24.3</ele>
      </trkpt>
      <trkpt lat="46.27471" lon="-63.14047">
        <ele>24.4</ele>
      </trkpt>
      <trkpt lat="46.2746" lon="-63.14055">
        <ele>24.6</ele>
      </trkpt>
      <trkpt lat="46.27457" lon="-63.1406">
        <ele>24.6</ele>
      </trkpt>
      <trkpt lat="46.27455" lon="-63.14063">
        <ele>24.6</ele>
      </trkpt>
      <trkpt lat="46.27454" lon="-63.14068">
        <ele>24.6</ele>
      </trkpt>
      <trkpt lat="46.27454" lon="-63.14075">
        <ele>24.4</ele>
      </trkpt>
      <trkpt lat="46.27451" lon="-63.14127">
        <ele>23.2</ele>
      </trkpt>
      <trkpt lat="46.27449" lon="-63.14154">
        <ele>22.6</ele>
      </trkpt>
      <trkpt lat="46.27446" lon="-63.14178">
        <ele>22.0</ele>
      </trkpt>
      <trkpt lat="46.27444" lon="-63.14204">
        <ele>21.4</ele>
      </trkpt>
      <trkpt lat="46.27442" lon="-63.14216">
        <ele>21.2</ele>
      </trkpt>
      <trkpt lat="46.27441" lon="-63.1423">
        <ele>20.9</ele>
      </trkpt>
      <trkpt lat="46.27438" lon="-63.14256">
        <ele>20.2</ele>
      </trkpt>
      <trkpt lat="46.27437" lon="-63.1427">
        <ele>19.5</ele>
      </trkpt>
      <trkpt lat="46.27437" lon="-63.14272">
        <ele>19.4</ele>
      </trkpt>
      <trkpt lat="46.27437" lon="-63.14272">
        <ele>19.4</ele>
      </trkpt>
      <trkpt lat="46.27435" lon="-63.14277">
        <ele>19.2</ele>
      </trkpt>
      <trkpt lat="46.27433" lon="-63.14277">
        <ele>19.2</ele>
      </trkpt>
      <trkpt lat="46.27428" lon="-63.14277">
        <ele>19.3</ele>
      </trkpt>
      <trkpt lat="46.27416" lon="-63.14273">
        <ele>19.6</ele>
      </trkpt>
      <trkpt lat="46.27405" lon="-63.14268">
        <ele>20.2</ele>
      </trkpt>
      <trkpt lat="46.27399" lon="-63.14265">
        <ele>20.5</ele>
      </trkpt>
      <trkpt lat="46.27389" lon="-63.1426">
        <ele>21.0</ele>
      </trkpt>
      <trkpt lat="46.27382" lon="-63.14255">
        <ele>21.5</ele>
      </trkpt>
      <trkpt lat="46.2737" lon="-63.14247">
        <ele>22.3</ele>
      </trkpt>
      <trkpt lat="46.27366" lon="-63.14245">
        <ele>22.4</ele>
      </trkpt>
      <trkpt lat="46.27359" lon="-63.14241">
        <ele>22.8</ele>
      </trkpt>
      <trkpt lat="46.2735" lon="-63.14235">
        <ele>23.4</ele>
      </trkpt>
      <trkpt lat="46.27349" lon="-63.14235">
        <ele>23.4</ele>
      </trkpt>
      <trkpt lat="46.27347" lon="-63.14233">
        <ele>23.6</ele>
      </trkpt>
      <trkpt lat="46.27345" lon="-63.14233">
        <ele>23.7</ele>
      </trkpt>
      <trkpt lat="46.27343" lon="-63.14232">
        <ele>23.8</ele>
      </trkpt>
      <trkpt lat="46.27341" lon="-63.14232">
        <ele>23.8</ele>
      </trkpt>
      <trkpt lat="46.2734" lon="-63.14232">
        <ele>23.9</ele>
      </trkpt>
      <trkpt lat="46.27339" lon="-63.14233">
        <ele>23.8</ele>
      </trkpt>
      <trkpt lat="46.27338" lon="-63.14235">
        <ele>23.8</ele>
      </trkpt>
      <trkpt lat="46.27321" lon="-63.14259">
        <ele>23.0</ele>
      </trkpt>
      <trkpt lat="46.27296" lon="-63.14296">
        <ele>22.0</ele>
      </trkpt>
      <trkpt lat="46.27288" lon="-63.14307">
        <ele>21.8</ele>
      </trkpt>
      <trkpt lat="46.27273" lon="-63.14326">
        <ele>21.7</ele>
      </trkpt>
      <trkpt lat="46.27267" lon="-63.14334">
        <ele>21.7</ele>
      </trkpt>
      <trkpt lat="46.27256" lon="-63.14349">
        <ele>21.3</ele>
      </trkpt>
      <trkpt lat="46.27248" lon="-63.1436">
        <ele>20.8</ele>
      </trkpt>
      <trkpt lat="46.27232" lon="-63.14377">
        <ele>19.9</ele>
      </trkpt>
      <trkpt lat="46.27227" lon="-63.14383">
        <ele>19.6</ele>
      </trkpt>
      <trkpt lat="46.27216" lon="-63.14395">
        <ele>19.1</ele>
      </trkpt>
      <trkpt lat="46.27214" lon="-63.14397">
        <ele>19.1</ele>
      </trkpt>
      <trkpt lat="46.27212" lon="-63.14399">
        <ele>19.0</ele>
      </trkpt>
      <trkpt lat="46.27202" lon="-63.14407">
        <ele>18.9</ele>
      </trkpt>
      <trkpt lat="46.27199" lon="-63.1441">
        <ele>18.9</ele>
      </trkpt>
      <trkpt lat="46.27183" lon="-63.14422">
        <ele>18.9</ele>
      </trkpt>
      <trkpt lat="46.27171" lon="-63.14432">
        <ele>18.9</ele>
      </trkpt>
      <trkpt lat="46.27169" lon="-63.14433">
        <ele>18.9</ele>
      </trkpt>
      <trkpt lat="46.27167" lon="-63.14434">
        <ele>18.9</ele>
      </trkpt>
      <trkpt lat="46.27153" lon="-63.14442">
        <ele>19.0</ele>
      </trkpt>
      <trkpt lat="46.27141" lon="-63.14448">
        <ele>19.2</ele>
      </trkpt>
      <trkpt lat="46.27129" lon="-63.14454">
        <ele>19.3</ele>
      </trkpt>
      <trkpt lat="46.27109" lon="-63.1446">
        <ele>19.8</ele>
      </trkpt>
      <trkpt lat="46.27089" lon="-63.14466">
        <ele>20.4</ele>
      </trkpt>
      <trkpt lat="46.27084" lon="-63.14467">
        <ele>20.6</ele>
      </trkpt>
      <trkpt lat="46.2708" lon="-63.14468">
        <ele>20.5</ele>
      </trkpt>
      <trkpt lat="46.27063" lon="-63.1447">
        <ele>20.5</ele>
      </trkpt>
      <trkpt lat="46.27048" lon="-63.1447">
        <ele>20.6</ele>
      </trkpt>
      <trkpt lat="46.27044" lon="-63.1447">
        <ele>20.6</ele>
      </trkpt>
      <trkpt lat="46.27035" lon="-63.14471">
        <ele>20.6</ele>
      </trkpt>
      <trkpt lat="46.2703" lon="-63.1447">
        <ele>20.6</ele>
      </trkpt>
      <trkpt lat="46.27005" lon="-63.14468">
        <ele>20.8</ele>
      </trkpt>
      <trkpt lat="46.26993" lon="-63.14466">
        <ele>20.8</ele>
      </trkpt>
      <trkpt lat="46.2699" lon="-63.14465">
        <ele>20.8</ele>
      </trkpt>
      <trkpt lat="46.26985" lon="-63.14464">
        <ele>20.8</ele>
      </trkpt>
      <trkpt lat="46.26972" lon="-63.1446">
        <ele>20.8</ele>
      </trkpt>
      <trkpt lat="46.26952" lon="-63.14454">
        <ele>20.8</ele>
      </trkpt>
      <trkpt lat="46.26934" lon="-63.14445">
        <ele>20.8</ele>
      </trkpt>
      <trkpt lat="46.26926" lon="-63.14442">
        <ele>20.8</ele>
      </trkpt>
      <trkpt lat="46.26923" lon="-63.1444">
        <ele>20.8</ele>
      </trkpt>
      <trkpt lat="46.26921" lon="-63.14439">
        <ele>20.8</ele>
      </trkpt>
      <trkpt lat="46.26907" lon="-63.14429">
        <ele>20.9</ele>
      </trkpt>
      <trkpt lat="46.26905" lon="-63.14428">
        <ele>20.9</ele>
      </trkpt>
      <trkpt lat="46.26897" lon="-63.14422">
        <ele>21.0</ele>
      </trkpt>
      <trkpt lat="46.2689" lon="-63.14418">
        <ele>21.0</ele>
      </trkpt>
      <trkpt lat="46.26877" lon="-63.14408">
        <ele>20.9</ele>
      </trkpt>
      <trkpt lat="46.26857" lon="-63.14395">
        <ele>20.7</ele>
      </trkpt>
      <trkpt lat="46.26848" lon="-63.14387">
        <ele>20.6</ele>
      </trkpt>
      <trkpt lat="46.26844" lon="-63.14385">
        <ele>20.6</ele>
      </trkpt>
      <trkpt lat="46.26841" lon="-63.14383">
        <ele>20.6</ele>
      </trkpt>
      <trkpt lat="46.26808" lon="-63.1436">
        <ele>20.5</ele>
      </trkpt>
      <trkpt lat="46.26792" lon="-63.14349">
        <ele>20.6</ele>
      </trkpt>
      <trkpt lat="46.26771" lon="-63.14334">
        <ele>20.7</ele>
      </trkpt>
      <trkpt lat="46.2676" lon="-63.14326">
        <ele>20.7</ele>
      </trkpt>
      <trkpt lat="46.26743" lon="-63.14315">
        <ele>20.7</ele>
      </trkpt>
      <trkpt lat="46.26694" lon="-63.14283">
        <ele>21.1</ele>
      </trkpt>
      <trkpt lat="46.26685" lon="-63.14276">
        <ele>21.2</ele>
      </trkpt>
      <trkpt lat="46.26636" lon="-63.14243">
        <ele>21.6</ele>
      </trkpt>
      <trkpt lat="46.2662" lon="-63.14232">
        <ele>21.8</ele>
      </trkpt>
      <trkpt lat="46.26587" lon="-63.14209">
        <ele>22.4</ele>
      </trkpt>
      <trkpt lat="46.26576" lon="-63.14202">
        <ele>22.2</ele>
      </trkpt>
      <trkpt lat="46.26571" lon="-63.14198">
        <ele>22.0</ele>
      </trkpt>
      <trkpt lat="46.26506" lon="-63.14154">
        <ele>19.1</ele>
      </trkpt>
      <trkpt lat="46.26476" lon="-63.14133">
        <ele>18.4</ele>
      </trkpt>
      <trkpt lat="46.26457" lon="-63.1412">
        <ele>18.2</ele>
      </trkpt>
      <trkpt lat="46.26213" lon="-63.13953">
        <ele>20.8</ele>
      </trkpt>
      <trkpt lat="46.26132" lon="-63.13897">
        <ele>23.0</ele>
      </trkpt>
      <trkpt lat="46.26051" lon="-63.13841">
        <ele>26.1</ele>
      </trkpt>
      <trkpt lat="46.26045" lon="-63.13837">
        <ele>26.0</ele>
      </trkpt>
      <trkpt lat="46.26035" lon="-63.1383">
        <ele>25.8</ele>
      </trkpt>
      <trkpt lat="46.2597" lon="-63.13785">
        <ele>24.1</ele>
      </trkpt>
      <trkpt lat="46.25928" lon="-63.13756">
        <ele>23.9</ele>
      </trkpt>
      <trkpt lat="46.2586" lon="-63.13709">
        <ele>23.3</ele>
      </trkpt>
      <trkpt lat="46.25855" lon="-63.13706">
        <ele>23.3</ele>
      </trkpt>
      <trkpt lat="46.25726" lon="-63.13617">
        <ele>22.8</ele>
      </trkpt>
      <trkpt lat="46.25688" lon="-63.13591">
        <ele>22.2</ele>
      </trkpt>
      <trkpt lat="46.25673" lon="-63.13581">
        <ele>21.9</ele>
      </trkpt>
      <trkpt lat="46.25622" lon="-63.13548">
        <ele>20.5</ele>
      </trkpt>
      <trkpt lat="46.25605" lon="-63.13536">
        <ele>19.9</ele>
      </trkpt>
      <trkpt lat="46.25589" lon="-63.13527">
        <ele>19.3</ele>
      </trkpt>
      <trkpt lat="46.25563" lon="-63.13511">
        <ele>18.7</ele>
      </trkpt>
      <trkpt lat="46.25522" lon="-63.13492">
        <ele>18.5</ele>
      </trkpt>
      <trkpt lat="46.25495" lon="-63.13479">
        <ele>18.6</ele>
      </trkpt>
      <trkpt lat="46.25453" lon="-63.13464">
        <ele>18.9</ele>
      </trkpt>
      <trkpt lat="46.25435" lon="-63.13458">
        <ele>19.2</ele>
      </trkpt>
      <trkpt lat="46.25418" lon="-63.13452">
        <ele>19.4</ele>
      </trkpt>
      <trkpt lat="46.25402" lon="-63.13447">
        <ele>18.8</ele>
      </trkpt>
      <trkpt lat="46.254" lon="-63.13446">
        <ele>18.7</ele>
      </trkpt>
      <trkpt lat="46.25365" lon="-63.13435">
        <ele>17.0</ele>
      </trkpt>
      <trkpt lat="46.25356" lon="-63.13432">
        <ele>16.5</ele>
      </trkpt>
      <trkpt lat="46.2535" lon="-63.1343">
        <ele>16.2</ele>
      </trkpt>
      <trkpt lat="46.25318" lon="-63.13418">
        <ele>14.9</ele>
      </trkpt>
      <trkpt lat="46.25298" lon="-63.13408">
        <ele>14.8</ele>
      </trkpt>
      <trkpt lat="46.25297" lon="-63.13408">
        <ele>14.8</ele>
      </trkpt>
      <trkpt lat="46.25267" lon="-63.13396">
        <ele>14.8</ele>
      </trkpt>
      <trkpt lat="46.25254" lon="-63.13389">
        <ele>15.0</ele>
      </trkpt>
      <trkpt lat="46.25225" lon="-63.13375">
        <ele>14.9</ele>
      </trkpt>
      <trkpt lat="46.25169" lon="-63.13345">
        <ele>14.6</ele>
      </trkpt>
      <trkpt lat="46.25167" lon="-63.13343">
        <ele>14.7</ele>
      </trkpt>
      <trkpt lat="46.25155" lon="-63.13336">
        <ele>14.4</ele>
      </trkpt>
      <trkpt lat="46.2512" lon="-63.13313">
        <ele>12.9</ele>
      </trkpt>
      <trkpt lat="46.25093" lon="-63.13294">
        <ele>11.5</ele>
      </trkpt>
      <trkpt lat="46.25088" lon="-63.1329">
        <ele>11.3</ele>
      </trkpt>
      <trkpt lat="46.25054" lon="-63.13265">
        <ele>11.6</ele>
      </trkpt>
      <trkpt lat="46.25026" lon="-63.13242">
        <ele>12.4</ele>
      </trkpt>
      <trkpt lat="46.24986" lon="-63.13206">
        <ele>13.0</ele>
      </trkpt>
      <trkpt lat="46.24962" lon="-63.13183">
        <ele>13.0</ele>
      </trkpt>
      <trkpt lat="46.2491" lon="-63.13125">
        <ele>12.4</ele>
      </trkpt>
      <trkpt lat="46.24904" lon="-63.13119">
        <ele>12.2</ele>
      </trkpt>
      <trkpt lat="46.24874" lon="-63.13083">
        <ele>11.5</ele>
      </trkpt>
      <trkpt lat="46.24836" lon="-63.13032">
        <ele>12.3</ele>
      </trkpt>
      <trkpt lat="46.24817" lon="-63.13006">
        <ele>12.5</ele>
      </trkpt>
      <trkpt lat="46.24777" lon="-63.12945">
        <ele>10.8</ele>
      </trkpt>
      <trkpt lat="46.24773" lon="-63.12939">
        <ele>10.5</ele>
      </trkpt>
      <trkpt lat="46.24762" lon="-63.12919">
        <ele>9.6</ele>
      </trkpt>
      <trkpt lat="46.2474" lon="-63.12878">
        <ele>9.2</ele>
      </trkpt>
      <trkpt lat="46.24739" lon="-63.12877">
        <ele>9.2</ele>
      </trkpt>
      <trkpt lat="46.24719" lon="-63.1284">
        <ele>9.4</ele>
      </trkpt>
      <trkpt lat="46.24717" lon="-63.12837">
        <ele>9.4</ele>
      </trkpt>
      <trkpt lat="46.24707" lon="-63.12816">
        <ele>9.5</ele>
      </trkpt>
      <trkpt lat="46.24699" lon="-63.12798">
        <ele>9.5</ele>
      </trkpt>
      <trkpt lat="46.24685" lon="-63.12764">
        <ele>9.3</ele>
      </trkpt>
      <trkpt lat="46.24675" lon="-63.12742">
        <ele>9.2</ele>
      </trkpt>
      <trkpt lat="46.2467" lon="-63.12731">
        <ele>9.3</ele>
      </trkpt>
      <trkpt lat="46.24666" lon="-63.1272">
        <ele>9.4</ele>
      </trkpt>
      <trkpt lat="46.24631" lon="-63.12625">
        <ele>8.9</ele>
      </trkpt>
      <trkpt lat="46.24608" lon="-63.12559">
        <ele>7.8</ele>
      </trkpt>
      <trkpt lat="46.24593" lon="-63.12519">
        <ele>7.9</ele>
      </trkpt>
      <trkpt lat="46.24582" lon="-63.12486">
        <ele>8.2</ele>
      </trkpt>
      <trkpt lat="46.24582" lon="-63.12485">
        <ele>8.2</ele>
      </trkpt>
      <trkpt lat="46.24564" lon="-63.1244">
        <ele>9.0</ele>
      </trkpt>
      <trkpt lat="46.24541" lon="-63.12381">
        <ele>8.8</ele>
      </trkpt>
      <trkpt lat="46.24538" lon="-63.12372">
        <ele>8.7</ele>
      </trkpt>
      <trkpt lat="46.24513" lon="-63.12302">
        <ele>7.5</ele>
      </trkpt>
      <trkpt lat="46.24505" lon="-63.12279">
        <ele>6.8</ele>
      </trkpt>
      <trkpt lat="46.24499" lon="-63.12262">
        <ele>6.3</ele>
      </trkpt>
      <trkpt lat="46.24497" lon="-63.12256">
        <ele>6.3</ele>
      </trkpt>
      <trkpt lat="46.24457" lon="-63.1214">
        <ele>5.5</ele>
      </trkpt>
      <trkpt lat="46.24434" lon="-63.12074">
        <ele>5.8</ele>
      </trkpt>
      <trkpt lat="46.24417" lon="-63.12023">
        <ele>6.0</ele>
      </trkpt>
      <trkpt lat="46.24415" lon="-63.12019">
        <ele>6.0</ele>
      </trkpt>
      <trkpt lat="46.24408" lon="-63.12">
        <ele>6.1</ele>
      </trkpt>
      <trkpt lat="46.24403" lon="-63.11987">
        <ele>6.0</ele>
      </trkpt>
      <trkpt lat="46.24394" lon="-63.11968">
        <ele>5.7</ele>
      </trkpt>
      <trkpt lat="46.24385" lon="-63.11955">
        <ele>5.4</ele>
      </trkpt>
      <trkpt lat="46.24376" lon="-63.11942">
        <ele>5.1</ele>
      </trkpt>
      <trkpt lat="46.24375" lon="-63.11941">
        <ele>5.1</ele>
      </trkpt>
      <trkpt lat="46.24364" lon="-63.11929">
        <ele>4.7</ele>
      </trkpt>
      <trkpt lat="46.24355" lon="-63.11921">
        <ele>4.4</ele>
      </trkpt>
      <trkpt lat="46.24344" lon="-63.11913">
        <ele>4.1</ele>
      </trkpt>
      <trkpt lat="46.24335" lon="-63.11908">
        <ele>3.9</ele>
      </trkpt>
      <trkpt lat="46.24328" lon="-63.11904">
        <ele>3.8</ele>
      </trkpt>
      <trkpt lat="46.24327" lon="-63.11904">
        <ele>3.8</ele>
      </trkpt>
      <trkpt lat="46.2432" lon="-63.119">
        <ele>3.7</ele>
      </trkpt>
      <trkpt lat="46.24312" lon="-63.11894">
        <ele>3.5</ele>
      </trkpt>
      <trkpt lat="46.24307" lon="-63.11891">
        <ele>3.5</ele>
      </trkpt>
      <trkpt lat="46.24305" lon="-63.1189">
        <ele>3.4</ele>
      </trkpt>
      <trkpt lat="46.24305" lon="-63.1189">
        <ele>3.4</ele>
      </trkpt>
      <trkpt lat="46.24305" lon="-63.11888">
        <ele>3.4</ele>
      </trkpt>
      <trkpt lat="46.24305" lon="-63.11884">
        <ele>3.4</ele>
      </trkpt>
      <trkpt lat="46.24302" lon="-63.11875">
        <ele>3.3</ele>
      </trkpt>
      <trkpt lat="46.24295" lon="-63.1186">
        <ele>3.2</ele>
      </trkpt>
      <trkpt lat="46.24279" lon="-63.11818">
        <ele>3.0</ele>
      </trkpt>
      <trkpt lat="46.24274" lon="-63.11797">
        <ele>2.9</ele>
      </trkpt>
      <trkpt lat="46.24273" lon="-63.1179">
        <ele>2.9</ele>
      </trkpt>
      <trkpt lat="46.24272" lon="-63.11771">
        <ele>2.8</ele>
      </trkpt>
      <trkpt lat="46.24272" lon="-63.11767">
        <ele>2.8</ele>
      </trkpt>
      <trkpt lat="46.24275" lon="-63.11728">
        <ele>2.8</ele>
      </trkpt>
      <trkpt lat="46.24277" lon="-63.11689">
        <ele>2.7</ele>
      </trkpt>
      <trkpt lat="46.24278" lon="-63.11675">
        <ele>2.7</ele>
      </trkpt>
      <trkpt lat="46.2428" lon="-63.11658">
        <ele>2.6</ele>
      </trkpt>
      <trkpt lat="46.24279" lon="-63.1165">
        <ele>2.5</ele>
      </trkpt>
      <trkpt lat="46.24279" lon="-63.1165">
        <ele>2.5</ele>
      </trkpt>
      <trkpt lat="46.24277" lon="-63.11652">
        <ele>2.5</ele>
      </trkpt>
      <trkpt lat="46.242064" lon="-63.116774">
        <ele>2.0</ele>
      </trkpt>
      <trkpt lat="46.241689" lon="-63.116988">
        <ele>2.0</ele>
      </trkpt>
      <trkpt lat="46.241491" lon="-63.11687">
        <ele>2.2</ele>
      </trkpt>
      <trkpt lat="46.241428" lon="-63.117068">
        <ele>2.1</ele>
      </trkpt>
      <trkpt lat="46.241266" lon="-63.116936">
        <ele>2.3</ele>
      </trkpt>
      <trkpt lat="46.241327" lon="-63.116652">
        <ele>2.4</ele>
      </trkpt>
      <trkpt lat="46.241438" lon="-63.11615">
        <ele>2.1</ele>
      </trkpt>
      <trkpt lat="46.241456" lon="-63.115499">
        <ele>2.7</ele>
      </trkpt>
      <trkpt lat="46.241402" lon="-63.114849">
        <ele>4.0</ele>
      </trkpt>
      <trkpt lat="46.241313" lon="-63.114479">
        <ele>4.7</ele>
      </trkpt>
      <trkpt lat="46.24121" lon="-63.114369">
        <ele>5.0</ele>
      </trkpt>
      <trkpt lat="46.241256" lon="-63.114219">
        <ele>5.4</ele>
      </trkpt>
      <trkpt lat="46.241283" lon="-63.11418">
        <ele>5.4</ele>
      </trkpt>
      <trkpt lat="46.241196" lon="-63.113971">
        <ele>5.5</ele>
      </trkpt>
      <trkpt lat="46.240998" lon="-63.113995">
        <ele>5.7</ele>
      </trkpt>
      <trkpt lat="46.240908" lon="-63.113888">
        <ele>5.6</ele>
      </trkpt>
      <trkpt lat="46.24098" lon="-63.11364">
        <ele>5.4</ele>
      </trkpt>
      <trkpt lat="46.24098" lon="-63.11354">
        <ele>5.3</ele>
      </trkpt>
      <trkpt lat="46.24096" lon="-63.11341">
        <ele>5.2</ele>
      </trkpt>
      <trkpt lat="46.24087" lon="-63.11319">
        <ele>4.2</ele>
      </trkpt>
      <trkpt lat="46.24067" lon="-63.11288">
        <ele>1.8</ele>
      </trkpt>
      <trkpt lat="46.24028" lon="-63.11228">
        <ele>0.0</ele>
      </trkpt>
      <trkpt lat="46.23986" lon="-63.11154">
        <ele>0.0</ele>
      </trkpt>
      <trkpt lat="46.23944" lon="-63.11079">
        <ele>0.0</ele>
      </trkpt>
      <trkpt lat="46.2392" lon="-63.11027">
        <ele>0.0</ele>
      </trkpt>
      <trkpt lat="46.23905" lon="-63.10988">
        <ele>0.0</ele>
      </trkpt>
      <trkpt lat="46.23887" lon="-63.10928">
        <ele>0.0</ele>
      </trkpt>
      <trkpt lat="46.23868" lon="-63.10867">
        <ele>0.3</ele>
      </trkpt>
      <trkpt lat="46.23849" lon="-63.10813">
        <ele>0.8</ele>
      </trkpt>
      <trkpt lat="46.23836" lon="-63.10782">
        <ele>0.0</ele>
      </trkpt>
      <trkpt lat="46.23817" lon="-63.10737">
        <ele>0.0</ele>
      </trkpt>
      <trkpt lat="46.23792" lon="-63.10696">
        <ele>0.0</ele>
      </trkpt>
      <trkpt lat="46.23758" lon="-63.10648">
        <ele>0.0</ele>
      </trkpt>
      <trkpt lat="46.23696" lon="-63.10575">
        <ele>0.0</ele>
      </trkpt>
      <trkpt lat="46.2364" lon="-63.10512">
        <ele>0.0</ele>
      </trkpt>
      <trkpt lat="46.23583" lon="-63.10448">
        <ele>0.0</ele>
      </trkpt>
      <trkpt lat="46.23527" lon="-63.10384">
        <ele>0.0</ele>
      </trkpt>
      <trkpt lat="46.23458" lon="-63.10307">
        <ele>0.0</ele>
      </trkpt>
      <trkpt lat="46.23389" lon="-63.1023">
        <ele>0.0</ele>
      </trkpt>
      <trkpt lat="46.23363" lon="-63.10201">
        <ele>0.0</ele>
      </trkpt>
      <trkpt lat="46.23315" lon="-63.10152">
        <ele>0.0</ele>
      </trkpt>
      <trkpt lat="46.23302" lon="-63.10139">
        <ele>0.0</ele>
      </trkpt>
      <trkpt lat="46.23276" lon="-63.10118">
        <ele>0.3</ele>
      </trkpt>
      <trkpt lat="46.23226" lon="-63.1009">
        <ele>0.8</ele>
      </trkpt>
      <trkpt lat="46.23191" lon="-63.10077">
        <ele>2.5</ele>
      </trkpt>
      <trkpt lat="46.23132" lon="-63.10062">
        <ele>4.0</ele>
      </trkpt>
      <trkpt lat="46.23072" lon="-63.10047">
        <ele>4.6</ele>
      </trkpt>
      <trkpt lat="46.23013" lon="-63.10032">
        <ele>6.0</ele>
      </trkpt>
      <trkpt lat="46.22957" lon="-63.1001">
        <ele>7.4</ele>
      </trkpt>
      <trkpt lat="46.22944" lon="-63.10003">
        <ele>7.6</ele>
      </trkpt>
      <trkpt lat="46.22948" lon="-63.09987">
        <ele>7.7</ele>
      </trkpt>
      <trkpt lat="46.22952" lon="-63.09974">
        <ele>7.8</ele>
      </trkpt>
      <trkpt lat="46.22948" lon="-63.09966">
        <ele>7.9</ele>
      </trkpt>
      <trkpt lat="46.2294" lon="-63.09948">
        <ele>8.2</ele>
      </trkpt>
      <trkpt lat="46.22968" lon="-63.09923">
        <ele>7.7</ele>
      </trkpt>
      <trkpt lat="46.22985" lon="-63.09906">
        <ele>7.6</ele>
      </trkpt>
      <trkpt lat="46.22962" lon="-63.09863">
        <ele>8.9</ele>
      </trkpt>
      <trkpt lat="46.22946" lon="-63.09833">
        <ele>9.7</ele>
      </trkpt>
      <trkpt lat="46.22933" lon="-63.09788">
        <ele>11.4</ele>
      </trkpt>
      <trkpt lat="46.22912" lon="-63.09732">
        <ele>13.0</ele>
      </trkpt>
      <trkpt lat="46.22903" lon="-63.0969">
        <ele>13.2</ele>
      </trkpt>
      <trkpt lat="46.22886" lon="-63.09646">
        <ele>14.2</ele>
      </trkpt>
      <trkpt lat="46.22857" lon="-63.09576">
        <ele>17.0</ele>
      </trkpt>
      <trkpt lat="46.22835" lon="-63.09525">
        <ele>18.7</ele>
      </trkpt>
      <trkpt lat="46.22829" lon="-63.0953">
        <ele>18.7</ele>
      </trkpt>
      <trkpt lat="46.22825" lon="-63.0953">
        <ele>18.7</ele>
      </trkpt>
      <trkpt lat="46.22789" lon="-63.09438">
        <ele>20.7</ele>
      </trkpt>
      <trkpt lat="46.22752" lon="-63.09345">
        <ele>23.7</ele>
      </trkpt>
      <trkpt lat="46.22716" lon="-63.09253">
        <ele>23.6</ele>
      </trkpt>
      <trkpt lat="46.22669" lon="-63.09154">
        <ele>24.0</ele>
      </trkpt>
      <trkpt lat="46.22621" lon="-63.09054">
        <ele>20.9</ele>
      </trkpt>
      <trkpt lat="46.22574" lon="-63.08954">
        <ele>19.7</ele>
      </trkpt>
      <trkpt lat="46.22527" lon="-63.08855">
        <ele>22.7</ele>
      </trkpt>
      <trkpt lat="46.22496" lon="-63.08786">
        <ele>25.2</ele>
      </trkpt>
      <trkpt lat="46.22464" lon="-63.08718">
        <ele>25.9</ele>
      </trkpt>
      <trkpt lat="46.22451" lon="-63.08697">
        <ele>25.6</ele>
      </trkpt>
      <trkpt lat="46.22438" lon="-63.08685">
        <ele>25.3</ele>
      </trkpt>
      <trkpt lat="46.224" lon="-63.08671">
        <ele>25.5</ele>
      </trkpt>
      <trkpt lat="46.2236" lon="-63.08648">
        <ele>27.5</ele>
      </trkpt>
      <trkpt lat="46.22333" lon="-63.08609">
        <ele>28.7</ele>
      </trkpt>
      <trkpt lat="46.22323" lon="-63.08586">
        <ele>28.7</ele>
      </trkpt>
      <trkpt lat="46.22292" lon="-63.08532">
        <ele>28.6</ele>
      </trkpt>
      <trkpt lat="46.22293" lon="-63.08514">
        <ele>28.9</ele>
      </trkpt>
      <trkpt lat="46.22258" lon="-63.08437">
        <ele>28.1</ele>
      </trkpt>
      <trkpt lat="46.22192" lon="-63.0835">
        <ele>26.0</ele>
      </trkpt>
      <trkpt lat="46.22186" lon="-63.08336">
        <ele>25.9</ele>
      </trkpt>
      <trkpt lat="46.22209" lon="-63.083">
        <ele>26.6</ele>
      </trkpt>
      <trkpt lat="46.22247" lon="-63.08271">
        <ele>27.4</ele>
      </trkpt>
      <trkpt lat="46.22258" lon="-63.08249">
        <ele>27.0</ele>
      </trkpt>
      <trkpt lat="46.22297" lon="-63.08269">
        <ele>27.7</ele>
      </trkpt>
      <trkpt lat="46.22305" lon="-63.0826">
        <ele>27.4</ele>
      </trkpt>
      <trkpt lat="46.22326" lon="-63.08178">
        <ele>27.0</ele>
      </trkpt>
      <trkpt lat="46.22325" lon="-63.0817">
        <ele>27.0</ele>
      </trkpt>
      <trkpt lat="46.22323" lon="-63.08171">
        <ele>27.0</ele>
      </trkpt>
      <trkpt lat="46.22313" lon="-63.08176">
        <ele>27.0</ele>
      </trkpt>
      <trkpt lat="46.22309" lon="-63.08176">
        <ele>27.0</ele>
      </trkpt>
      <trkpt lat="46.22304" lon="-63.0817">
        <ele>27.0</ele>
      </trkpt>
      <trkpt lat="46.22304" lon="-63.0816">
        <ele>27.1</ele>
      </trkpt>
      <trkpt lat="46.22309" lon="-63.08154">
        <ele>27.2</ele>
      </trkpt>
      <trkpt lat="46.22313" lon="-63.08153">
        <ele>27.2</ele>
      </trkpt>
      <trkpt lat="46.22311" lon="-63.08111">
        <ele>28.0</ele>
      </trkpt>
      <trkpt lat="46.22319" lon="-63.08079">
        <ele>28.7</ele>
      </trkpt>
      <trkpt lat="46.22334" lon="-63.08015">
        <ele>29.0</ele>
      </trkpt>
      <trkpt lat="46.22264" lon="-63.07978">
        <ele>28.7</ele>
      </trkpt>
      <trkpt lat="46.22183" lon="-63.07934">
        <ele>28.0</ele>
      </trkpt>
      <trkpt lat="46.22101" lon="-63.0789">
        <ele>26.9</ele>
      </trkpt>
      <trkpt lat="46.2202" lon="-63.07847">
        <ele>27.2</ele>
      </trkpt>
      <trkpt lat="46.21938" lon="-63.07803">
        <ele>27.7</ele>
      </trkpt>
      <trkpt lat="46.21858" lon="-63.07761">
        <ele>28.0</ele>
      </trkpt>
      <trkpt lat="46.21871" lon="-63.07655">
        <ele>28.9</ele>
      </trkpt>
      <trkpt lat="46.21882" lon="-63.07612">
        <ele>28.3</ele>
      </trkpt>
      <trkpt lat="46.21921" lon="-63.07509">
        <ele>27.9</ele>
      </trkpt>
      <trkpt lat="46.21954" lon="-63.07415">
        <ele>27.6</ele>
      </trkpt>
      <trkpt lat="46.21988" lon="-63.07311">
        <ele>29.9</ele>
      </trkpt>
      <trkpt lat="46.22022" lon="-63.07207">
        <ele>27.8</ele>
      </trkpt>
      <trkpt lat="46.22056" lon="-63.07103">
        <ele>25.1</ele>
      </trkpt>
      <trkpt lat="46.2209" lon="-63.06999">
        <ele>22.9</ele>
      </trkpt>
      <trkpt lat="46.2212" lon="-63.06901">
        <ele>25.5</ele>
      </trkpt>
      <trkpt lat="46.22126" lon="-63.06863">
        <ele>26.6</ele>
      </trkpt>
      <trkpt lat="46.22126" lon="-63.06816">
        <ele>27.7</ele>
      </trkpt>
      <trkpt lat="46.22116" lon="-63.06769">
        <ele>28.4</ele>
      </trkpt>
      <trkpt lat="46.22093" lon="-63.06725">
        <ele>28.9</ele>
      </trkpt>
      <trkpt lat="46.22078" lon="-63.0671">
        <ele>29.1</ele>
      </trkpt>
      <trkpt lat="46.22062" lon="-63.06696">
        <ele>29.3</ele>
      </trkpt>
      <trkpt lat="46.22029" lon="-63.06681">
        <ele>29.8</ele>
      </trkpt>
      <trkpt lat="46.21989" lon="-63.06684">
        <ele>30.5</ele>
      </trkpt>
      <trkpt lat="46.21943" lon="-63.06697">
        <ele>31.9</ele>
      </trkpt>
      <trkpt lat="46.21897" lon="-63.06709">
        <ele>32.1</ele>
      </trkpt>
      <trkpt lat="46.21864" lon="-63.06702">
        <ele>31.6</ele>
      </trkpt>
      <trkpt lat="46.21826" lon="-63.06679">
        <ele>31.1</ele>
      </trkpt>
      <trkpt lat="46.21792" lon="-63.06624">
        <ele>32.5</ele>
      </trkpt>
      <trkpt lat="46.21776" lon="-63.06555">
        <ele>33.5</ele>
      </trkpt>
      <trkpt lat="46.2178" lon="-63.06494">
        <ele>32.9</ele>
      </trkpt>
      <trkpt lat="46.21799" lon="-63.064">
        <ele>32.6</ele>
      </trkpt>
      <trkpt lat="46.21819" lon="-63.06306">
        <ele>33.5</ele>
      </trkpt>
      <trkpt lat="46.21838" lon="-63.06212">
        <ele>35.1</ele>
      </trkpt>
      <trkpt lat="46.21858" lon="-63.06117">
        <ele>35.2</ele>
      </trkpt>
      <trkpt lat="46.21883" lon="-63.05998">
        <ele>31.6</ele>
      </trkpt>
      <trkpt lat="46.21881" lon="-63.05989">
        <ele>31.5</ele>
      </trkpt>
      <trkpt lat="46.21893" lon="-63.05923">
        <ele>29.7</ele>
      </trkpt>
      <trkpt lat="46.219074" lon="-63.059043">
        <ele>28.5</ele>
      </trkpt>
      <trkpt lat="46.21951" lon="-63.059185">
        <ele>27.8</ele>
      </trkpt>
      <trkpt lat="46.219693" lon="-63.059161">
        <ele>27.1</ele>
      </trkpt>
      <trkpt lat="46.219955" lon="-63.058016">
        <ele>21.9</ele>
      </trkpt>
      <trkpt lat="46.220131" lon="-63.056634">
        <ele>18.7</ele>
      </trkpt>
      <trkpt lat="46.220271" lon="-63.056385">
        <ele>17.7</ele>
      </trkpt>
      <trkpt lat="46.22069" lon="-63.0566">
        <ele>17.9</ele>
      </trkpt>
      <trkpt lat="46.22121" lon="-63.0568">
        <ele>18.9</ele>
      </trkpt>
      <trkpt lat="46.22194" lon="-63.05711">
        <ele>19.9</ele>
      </trkpt>
      <trkpt lat="46.22268" lon="-63.05743">
        <ele>20.0</ele>
      </trkpt>
      <trkpt lat="46.22293" lon="-63.05755">
        <ele>20.7</ele>
      </trkpt>
      <trkpt lat="46.22313" lon="-63.05761">
        <ele>21.1</ele>
      </trkpt>
      <trkpt lat="46.22331" lon="-63.05754">
        <ele>21.1</ele>
      </trkpt>
      <trkpt lat="46.22347" lon="-63.05738">
        <ele>21.0</ele>
      </trkpt>
      <trkpt lat="46.22381" lon="-63.05678">
        <ele>20.2</ele>
      </trkpt>
      <trkpt lat="46.22407" lon="-63.05661">
        <ele>19.9</ele>
      </trkpt>
      <trkpt lat="46.22441" lon="-63.05662">
        <ele>18.8</ele>
      </trkpt>
      <trkpt lat="46.22462" lon="-63.05686">
        <ele>18.4</ele>
      </trkpt>
      <trkpt lat="46.22491" lon="-63.05764">
        <ele>19.8</ele>
      </trkpt>
      <trkpt lat="46.22521" lon="-63.05842">
        <ele>21.3</ele>
      </trkpt>
      <trkpt lat="46.22522" lon="-63.05845">
        <ele>21.3</ele>
      </trkpt>
      <trkpt lat="46.22567" lon="-63.05852">
        <ele>19.3</ele>
      </trkpt>
      <trkpt lat="46.22586" lon="-63.05839">
        <ele>18.1</ele>
      </trkpt>
      <trkpt lat="46.226744" lon="-63.057652">
        <ele>13.6</ele>
      </trkpt>
      <trkpt lat="46.226892" lon="-63.057052">
        <ele>10.7</ele>
      </trkpt>
      <trkpt lat="46.227141" lon="-63.056767">
        <ele>9.2</ele>
      </trkpt>
      <trkpt lat="46.226647" lon="-63.054316">
        <ele>6.3</ele>
      </trkpt>
      <trkpt lat="46.227668" lon="-63.053398">
        <ele>5.7</ele>
      </trkpt>
      <trkpt lat="46.228317" lon="-63.052374">
        <ele>4.7</ele>
      </trkpt>
      <trkpt lat="46.228224" lon="-63.052197">
        <ele>4.6</ele>
      </trkpt>
      <trkpt lat="46.2279" lon="-63.04993">
        <ele>2.0</ele>
      </trkpt>
      <trkpt lat="46.22796" lon="-63.04916">
        <ele>1.4</ele>
      </trkpt>
      <trkpt lat="46.22815" lon="-63.04796">
        <ele>2.1</ele>
      </trkpt>
      <trkpt lat="46.22834" lon="-63.04677">
        <ele>6.5</ele>
      </trkpt>
      <trkpt lat="46.22837" lon="-63.04614">
        <ele>7.3</ele>
      </trkpt>
      <trkpt lat="46.22836" lon="-63.04606">
        <ele>7.5</ele>
      </trkpt>
      <trkpt lat="46.22823" lon="-63.04537">
        <ele>6.9</ele>
      </trkpt>
      <trkpt lat="46.2281" lon="-63.04469">
        <ele>7.1</ele>
      </trkpt>
      <trkpt lat="46.22785" lon="-63.04428">
        <ele>7.9</ele>
      </trkpt>
      <trkpt lat="46.22732" lon="-63.04388">
        <ele>8.9</ele>
      </trkpt>
      <trkpt lat="46.2268" lon="-63.04353">
        <ele>10.6</ele>
      </trkpt>
      <trkpt lat="46.22628" lon="-63.04319">
        <ele>14.1</ele>
      </trkpt>
      <trkpt lat="46.22605" lon="-63.04294">
        <ele>15.8</ele>
      </trkpt>
      <trkpt lat="46.22657" lon="-63.04228">
        <ele>14.8</ele>
      </trkpt>
      <trkpt lat="46.22709" lon="-63.04162">
        <ele>15.5</ele>
      </trkpt>
      <trkpt lat="46.22761" lon="-63.04096">
        <ele>15.2</ele>
      </trkpt>
      <trkpt lat="46.22813" lon="-63.0403">
        <ele>12.1</ele>
      </trkpt>
      <trkpt lat="46.22822" lon="-63.04015">
        <ele>11.6</ele>
      </trkpt>
      <trkpt lat="46.22853" lon="-63.03954">
        <ele>9.0</ele>
      </trkpt>
      <trkpt lat="46.22891" lon="-63.03839">
        <ele>5.4</ele>
      </trkpt>
      <trkpt lat="46.22878" lon="-63.03784">
        <ele>6.0</ele>
      </trkpt>
      <trkpt lat="46.22859" lon="-63.03691">
        <ele>9.5</ele>
      </trkpt>
      <trkpt lat="46.22841" lon="-63.03599">
        <ele>10.0</ele>
      </trkpt>
      <trkpt lat="46.22824" lon="-63.03507">
        <ele>7.8</ele>
      </trkpt>
      <trkpt lat="46.22807" lon="-63.03415">
        <ele>9.2</ele>
      </trkpt>
      <trkpt lat="46.22789" lon="-63.03322">
        <ele>10.0</ele>
      </trkpt>
      <trkpt lat="46.22757" lon="-63.03232">
        <ele>10.2</ele>
      </trkpt>
      <trkpt lat="46.22703" lon="-63.03147">
        <ele>11.3</ele>
      </trkpt>
      <trkpt lat="46.22656" lon="-63.03084">
        <ele>11.8</ele>
      </trkpt>
      <trkpt lat="46.22609" lon="-63.0302">
        <ele>15.1</ele>
      </trkpt>
      <trkpt lat="46.22565" lon="-63.02958">
        <ele>15.7</ele>
      </trkpt>
      <trkpt lat="46.22521" lon="-63.02895">
        <ele>16.2</ele>
      </trkpt>
      <trkpt lat="46.22494" lon="-63.02851">
        <ele>16.6</ele>
      </trkpt>
      <trkpt lat="46.22441" lon="-63.02762">
        <ele>18.4</ele>
      </trkpt>
      <trkpt lat="46.22403" lon="-63.02699">
        <ele>19.1</ele>
      </trkpt>
      <trkpt lat="46.22365" lon="-63.02636">
        <ele>22.3</ele>
      </trkpt>
      <trkpt lat="46.22308" lon="-63.02537">
        <ele>23.4</ele>
      </trkpt>
      <trkpt lat="46.22267" lon="-63.02473">
        <ele>23.4</ele>
      </trkpt>
      <trkpt lat="46.22226" lon="-63.02408">
        <ele>22.3</ele>
      </trkpt>
      <trkpt lat="46.22185" lon="-63.02343">
        <ele>22.8</ele>
      </trkpt>
      <trkpt lat="46.2214" lon="-63.02237">
        <ele>22.5</ele>
      </trkpt>
      <trkpt lat="46.22116" lon="-63.02142">
        <ele>22.9</ele>
      </trkpt>
      <trkpt lat="46.22091" lon="-63.02047">
        <ele>26.9</ele>
      </trkpt>
      <trkpt lat="46.22071" lon="-63.01955">
        <ele>28.7</ele>
      </trkpt>
      <trkpt lat="46.22051" lon="-63.01863">
        <ele>28.8</ele>
      </trkpt>
      <trkpt lat="46.22031" lon="-63.01769">
        <ele>30.3</ele>
      </trkpt>
      <trkpt lat="46.22012" lon="-63.01675">
        <ele>31.6</ele>
      </trkpt>
      <trkpt lat="46.21993" lon="-63.01581">
        <ele>32.5</ele>
      </trkpt>
      <trkpt lat="46.21982" lon="-63.01499">
        <ele>32.9</ele>
      </trkpt>
      <trkpt lat="46.21971" lon="-63.01417">
        <ele>33.1</ele>
      </trkpt>
      <trkpt lat="46.2197" lon="-63.01346">
        <ele>32.1</ele>
      </trkpt>
      <trkpt lat="46.21986" lon="-63.01249">
        <ele>31.6</ele>
      </trkpt>
      <trkpt lat="46.22004" lon="-63.01169">
        <ele>33.4</ele>
      </trkpt>
      <trkpt lat="46.22021" lon="-63.0109">
        <ele>30.3</ele>
      </trkpt>
      <trkpt lat="46.22038" lon="-63.0098">
        <ele>32.4</ele>
      </trkpt>
      <trkpt lat="46.22042" lon="-63.00908">
        <ele>33.7</ele>
      </trkpt>
      <trkpt lat="46.22046" lon="-63.00836">
        <ele>35.5</ele>
      </trkpt>
      <trkpt lat="46.22047" lon="-63.00716">
        <ele>35.6</ele>
      </trkpt>
      <trkpt lat="46.22042" lon="-63.0065">
        <ele>35.4</ele>
      </trkpt>
      <trkpt lat="46.22026" lon="-63.0054">
        <ele>36.4</ele>
      </trkpt>
      <trkpt lat="46.22008" lon="-63.00445">
        <ele>38.8</ele>
      </trkpt>
      <trkpt lat="46.21985" lon="-63.00371">
        <ele>38.3</ele>
      </trkpt>
      <trkpt lat="46.21963" lon="-63.00296">
        <ele>36.8</ele>
      </trkpt>
      <trkpt lat="46.21944" lon="-63.00244">
        <ele>37.3</ele>
      </trkpt>
      <trkpt lat="46.21899" lon="-63.00147">
        <ele>38.2</ele>
      </trkpt>
      <trkpt lat="46.21849" lon="-63.00049">
        <ele>37.5</ele>
      </trkpt>
      <trkpt lat="46.21802" lon="-62.99966">
        <ele>38.1</ele>
      </trkpt>
      <trkpt lat="46.21755" lon="-62.99884">
        <ele>40.8</ele>
      </trkpt>
      <trkpt lat="46.21708" lon="-62.99802">
        <ele>40.3</ele>
      </trkpt>
      <trkpt lat="46.21694" lon="-62.99746">
        <ele>39.7</ele>
      </trkpt>
      <trkpt lat="46.2169" lon="-62.99701">
        <ele>40.1</ele>
      </trkpt>
      <trkpt lat="46.21667" lon="-62.99681">
        <ele>41.8</ele>
      </trkpt>
      <trkpt lat="46.21677" lon="-62.99586">
        <ele>41.6</ele>
      </trkpt>
      <trkpt lat="46.21689" lon="-62.99521">
        <ele>42.7</ele>
      </trkpt>
      <trkpt lat="46.21706" lon="-62.99412">
        <ele>44.1</ele>
      </trkpt>
      <trkpt lat="46.21724" lon="-62.99303">
        <ele>44.1</ele>
      </trkpt>
      <trkpt lat="46.21738" lon="-62.99194">
        <ele>43.5</ele>
      </trkpt>
      <trkpt lat="46.21752" lon="-62.99084">
        <ele>42.0</ele>
      </trkpt>
      <trkpt lat="46.21766" lon="-62.98975">
        <ele>40.8</ele>
      </trkpt>
      <trkpt lat="46.2178" lon="-62.98866">
        <ele>39.3</ele>
      </trkpt>
      <trkpt lat="46.21794" lon="-62.98757">
        <ele>38.0</ele>
      </trkpt>
      <trkpt lat="46.21811" lon="-62.98647">
        <ele>37.4</ele>
      </trkpt>
      <trkpt lat="46.21828" lon="-62.98537">
        <ele>36.9</ele>
      </trkpt>
      <trkpt lat="46.21844" lon="-62.98427">
        <ele>36.0</ele>
      </trkpt>
      <trkpt lat="46.21861" lon="-62.98317">
        <ele>33.9</ele>
      </trkpt>
      <trkpt lat="46.21867" lon="-62.98251">
        <ele>33.6</ele>
      </trkpt>
      <trkpt lat="46.21872" lon="-62.98186">
        <ele>33.1</ele>
      </trkpt>
      <trkpt lat="46.21876" lon="-62.98121">
        <ele>33.3</ele>
      </trkpt>
      <trkpt lat="46.21878" lon="-62.98048">
        <ele>34.4</ele>
      </trkpt>
      <trkpt lat="46.21881" lon="-62.97976">
        <ele>35.5</ele>
      </trkpt>
      <trkpt lat="46.21885" lon="-62.97923">
        <ele>35.5</ele>
      </trkpt>
      <trkpt lat="46.21894" lon="-62.97868">
        <ele>34.6</ele>
      </trkpt>
      <trkpt lat="46.21911" lon="-62.97797">
        <ele>32.3</ele>
      </trkpt>
      <trkpt lat="46.21927" lon="-62.97727">
        <ele>30.4</ele>
      </trkpt>
      <trkpt lat="46.2194" lon="-62.97665">
        <ele>31.1</ele>
      </trkpt>
      <trkpt lat="46.21947" lon="-62.97633">
        <ele>30.7</ele>
      </trkpt>
      <trkpt lat="46.21958" lon="-62.97569">
        <ele>30.2</ele>
      </trkpt>
      <trkpt lat="46.21965" lon="-62.975">
        <ele>29.0</ele>
      </trkpt>
      <trkpt lat="46.21968" lon="-62.97447">
        <ele>28.2</ele>
      </trkpt>
      <trkpt lat="46.220164" lon="-62.973363">
        <ele>24.5</ele>
      </trkpt>
      <trkpt lat="46.220363" lon="-62.971928">
        <ele>26.0</ele>
      </trkpt>
      <trkpt lat="46.220062" lon="-62.970262">
        <ele>25.5</ele>
      </trkpt>
      <trkpt lat="46.22008" lon="-62.97028">
        <ele>25.5</ele>
      </trkpt>
      <trkpt lat="46.22028" lon="-62.96974">
        <ele>25.1</ele>
      </trkpt>
      <trkpt lat="46.22056" lon="-62.96921">
        <ele>26.2</ele>
      </trkpt>
      <trkpt lat="46.22084" lon="-62.96868">
        <ele>27.2</ele>
      </trkpt>
      <trkpt lat="46.22137" lon="-62.96775">
        <ele>27.2</ele>
      </trkpt>
      <trkpt lat="46.2219" lon="-62.96683">
        <ele>26.8</ele>
      </trkpt>
      <trkpt lat="46.22221" lon="-62.96632">
        <ele>25.5</ele>
      </trkpt>
      <trkpt lat="46.22252" lon="-62.9658">
        <ele>23.9</ele>
      </trkpt>
      <trkpt lat="46.22308" lon="-62.96487">
        <ele>23.0</ele>
      </trkpt>
      <trkpt lat="46.22363" lon="-62.96394">
        <ele>26.0</ele>
      </trkpt>
      <trkpt lat="46.22419" lon="-62.96301">
        <ele>25.6</ele>
      </trkpt>
      <trkpt lat="46.22475" lon="-62.96208">
        <ele>25.2</ele>
      </trkpt>
      <trkpt lat="46.2253" lon="-62.96114">
        <ele>22.3</ele>
      </trkpt>
      <trkpt lat="46.22586" lon="-62.96021">
        <ele>20.3</ele>
      </trkpt>
      <trkpt lat="46.22642" lon="-62.95928">
        <ele>21.1</ele>
      </trkpt>
      <trkpt lat="46.22697" lon="-62.95835">
        <ele>21.5</ele>
      </trkpt>
      <trkpt lat="46.22732" lon="-62.95762">
        <ele>21.8</ele>
      </trkpt>
      <trkpt lat="46.22767" lon="-62.95654">
        <ele>22.8</ele>
      </trkpt>
      <trkpt lat="46.22781" lon="-62.95555">
        <ele>22.8</ele>
      </trkpt>
      <trkpt lat="46.22792" lon="-62.95441">
        <ele>24.4</ele>
      </trkpt>
      <trkpt lat="46.22803" lon="-62.95328">
        <ele>24.9</ele>
      </trkpt>
      <trkpt lat="46.22814" lon="-62.95215">
        <ele>24.7</ele>
      </trkpt>
      <trkpt lat="46.22825" lon="-62.95102">
        <ele>24.0</ele>
      </trkpt>
      <trkpt lat="46.22837" lon="-62.94989">
        <ele>24.2</ele>
      </trkpt>
      <trkpt lat="46.22848" lon="-62.94876">
        <ele>25.6</ele>
      </trkpt>
      <trkpt lat="46.22859" lon="-62.94763">
        <ele>26.9</ele>
      </trkpt>
      <trkpt lat="46.2287" lon="-62.94649">
        <ele>26.4</ele>
      </trkpt>
      <trkpt lat="46.22873" lon="-62.9458">
        <ele>27.5</ele>
      </trkpt>
      <trkpt lat="46.22876" lon="-62.9451">
        <ele>29.7</ele>
      </trkpt>
      <trkpt lat="46.22878" lon="-62.94404">
        <ele>31.9</ele>
      </trkpt>
      <trkpt lat="46.2288" lon="-62.94297">
        <ele>31.1</ele>
      </trkpt>
      <trkpt lat="46.22878" lon="-62.94177">
        <ele>35.3</ele>
      </trkpt>
      <trkpt lat="46.22875" lon="-62.94056">
        <ele>37.5</ele>
      </trkpt>
      <trkpt lat="46.22875" lon="-62.93941">
        <ele>38.2</ele>
      </trkpt>
      <trkpt lat="46.22886" lon="-62.93828">
        <ele>37.0</ele>
      </trkpt>
      <trkpt lat="46.22896" lon="-62.93715">
        <ele>38.2</ele>
      </trkpt>
      <trkpt lat="46.22906" lon="-62.93643">
        <ele>38.4</ele>
      </trkpt>
      <trkpt lat="46.22917" lon="-62.93571">
        <ele>36.6</ele>
      </trkpt>
      <trkpt lat="46.22924" lon="-62.93494">
        <ele>34.4</ele>
      </trkpt>
      <trkpt lat="46.22931" lon="-62.93418">
        <ele>36.6</ele>
      </trkpt>
      <trkpt lat="46.22936" lon="-62.93306">
        <ele>39.3</ele>
      </trkpt>
      <trkpt lat="46.22941" lon="-62.93194">
        <ele>39.1</ele>
      </trkpt>
      <trkpt lat="46.22946" lon="-62.93081">
        <ele>39.4</ele>
      </trkpt>
      <trkpt lat="46.22952" lon="-62.92969">
        <ele>39.9</ele>
      </trkpt>
      <trkpt lat="46.22957" lon="-62.92857">
        <ele>40.3</ele>
      </trkpt>
      <trkpt lat="46.22962" lon="-62.92745">
        <ele>44.7</ele>
      </trkpt>
      <trkpt lat="46.22966" lon="-62.92628">
        <ele>47.6</ele>
      </trkpt>
      <trkpt lat="46.22967" lon="-62.92563">
        <ele>47.6</ele>
      </trkpt>
      <trkpt lat="46.22967" lon="-62.92497">
        <ele>47.6</ele>
      </trkpt>
      <trkpt lat="46.22952" lon="-62.9238">
        <ele>48.5</ele>
      </trkpt>
      <trkpt lat="46.22932" lon="-62.9229">
        <ele>51.0</ele>
      </trkpt>
      <trkpt lat="46.22896" lon="-62.92185">
        <ele>52.7</ele>
      </trkpt>
      <trkpt lat="46.22859" lon="-62.92081">
        <ele>53.3</ele>
      </trkpt>
      <trkpt lat="46.22822" lon="-62.91977">
        <ele>50.7</ele>
      </trkpt>
      <trkpt lat="46.22785" lon="-62.91873">
        <ele>49.2</ele>
      </trkpt>
      <trkpt lat="46.22749" lon="-62.91769">
        <ele>48.0</ele>
      </trkpt>
      <trkpt lat="46.22712" lon="-62.91665">
        <ele>49.0</ele>
      </trkpt>
      <trkpt lat="46.22675" lon="-62.91561">
        <ele>50.0</ele>
      </trkpt>
      <trkpt lat="46.22638" lon="-62.91456">
        <ele>49.0</ele>
      </trkpt>
      <trkpt lat="46.22601" lon="-62.91352">
        <ele>48.1</ele>
      </trkpt>
      <trkpt lat="46.22565" lon="-62.91248">
        <ele>47.7</ele>
      </trkpt>
      <trkpt lat="46.22544" lon="-62.91178">
        <ele>46.6</ele>
      </trkpt>
      <trkpt lat="46.22523" lon="-62.91072">
        <ele>44.9</ele>
      </trkpt>
      <trkpt lat="46.22522" lon="-62.90947">
        <ele>43.8</ele>
      </trkpt>
      <trkpt lat="46.22526" lon="-62.90821">
        <ele>42.9</ele>
      </trkpt>
      <trkpt lat="46.22531" lon="-62.90696">
        <ele>41.6</ele>
      </trkpt>
      <trkpt lat="46.22536" lon="-62.9057">
        <ele>40.7</ele>
      </trkpt>
      <trkpt lat="46.22541" lon="-62.90445">
        <ele>41.2</ele>
      </trkpt>
      <trkpt lat="46.22546" lon="-62.90344">
        <ele>39.6</ele>
      </trkpt>
      <trkpt lat="46.22552" lon="-62.90243">
        <ele>38.8</ele>
      </trkpt>
      <trkpt lat="46.22558" lon="-62.90142">
        <ele>39.0</ele>
      </trkpt>
      <trkpt lat="46.22572" lon="-62.90019">
        <ele>38.8</ele>
      </trkpt>
      <trkpt lat="46.22587" lon="-62.89896">
        <ele>38.3</ele>
      </trkpt>
      <trkpt lat="46.22601" lon="-62.89795">
        <ele>35.9</ele>
      </trkpt>
      <trkpt lat="46.22614" lon="-62.89694">
        <ele>35.4</ele>
      </trkpt>
      <trkpt lat="46.22627" lon="-62.89594">
        <ele>36.4</ele>
      </trkpt>
      <trkpt lat="46.22641" lon="-62.89493">
        <ele>37.7</ele>
      </trkpt>
      <trkpt lat="46.22654" lon="-62.89386">
        <ele>37.6</ele>
      </trkpt>
      <trkpt lat="46.22668" lon="-62.8928">
        <ele>37.0</ele>
      </trkpt>
      <trkpt lat="46.22681" lon="-62.89173">
        <ele>34.6</ele>
      </trkpt>
      <trkpt lat="46.22695" lon="-62.89067">
        <ele>35.2</ele>
      </trkpt>
      <trkpt lat="46.22708" lon="-62.88972">
        <ele>35.7</ele>
      </trkpt>
      <trkpt lat="46.22721" lon="-62.88877">
        <ele>36.8</ele>
      </trkpt>
      <trkpt lat="46.22733" lon="-62.88782">
        <ele>36.5</ele>
      </trkpt>
      <trkpt lat="46.22742" lon="-62.88678">
        <ele>35.0</ele>
      </trkpt>
      <trkpt lat="46.22751" lon="-62.88575">
        <ele>36.0</ele>
      </trkpt>
      <trkpt lat="46.22759" lon="-62.88471">
        <ele>36.2</ele>
      </trkpt>
      <trkpt lat="46.22768" lon="-62.88367">
        <ele>36.3</ele>
      </trkpt>
      <trkpt lat="46.22774" lon="-62.88249">
        <ele>34.3</ele>
      </trkpt>
      <trkpt lat="46.2278" lon="-62.88131">
        <ele>33.4</ele>
      </trkpt>
      <trkpt lat="46.22786" lon="-62.88013">
        <ele>31.7</ele>
      </trkpt>
      <trkpt lat="46.22786" lon="-62.87926">
        <ele>31.6</ele>
      </trkpt>
      <trkpt lat="46.22771" lon="-62.87811">
        <ele>32.2</ele>
      </trkpt>
      <trkpt lat="46.22764" lon="-62.87785">
        <ele>31.9</ele>
      </trkpt>
      <trkpt lat="46.22762" lon="-62.87771">
        <ele>31.7</ele>
      </trkpt>
      <trkpt lat="46.22765" lon="-62.87766">
        <ele>31.8</ele>
      </trkpt>
      <trkpt lat="46.22769" lon="-62.87763">
        <ele>32.0</ele>
      </trkpt>
      <trkpt lat="46.22775" lon="-62.87765">
        <ele>32.2</ele>
      </trkpt>
      <trkpt lat="46.22802" lon="-62.87796">
        <ele>33.0</ele>
      </trkpt>
      <trkpt lat="46.22811" lon="-62.87797">
        <ele>33.3</ele>
      </trkpt>
      <trkpt lat="46.22821" lon="-62.87793">
        <ele>33.6</ele>
      </trkpt>
      <trkpt lat="46.22826" lon="-62.8778">
        <ele>34.0</ele>
      </trkpt>
      <trkpt lat="46.22847" lon="-62.87669">
        <ele>35.3</ele>
      </trkpt>
      <trkpt lat="46.22869" lon="-62.87558">
        <ele>35.1</ele>
      </trkpt>
      <trkpt lat="46.2289" lon="-62.87447">
        <ele>34.7</ele>
      </trkpt>
      <trkpt lat="46.22911" lon="-62.87335">
        <ele>33.1</ele>
      </trkpt>
      <trkpt lat="46.22932" lon="-62.87224">
        <ele>33.1</ele>
      </trkpt>
      <trkpt lat="46.22956" lon="-62.87103">
        <ele>32.7</ele>
      </trkpt>
      <trkpt lat="46.22979" lon="-62.86981">
        <ele>33.9</ele>
      </trkpt>
      <trkpt lat="46.23003" lon="-62.86859">
        <ele>34.0</ele>
      </trkpt>
      <trkpt lat="46.23027" lon="-62.86738">
        <ele>35.6</ele>
      </trkpt>
      <trkpt lat="46.23051" lon="-62.86616">
        <ele>40.5</ele>
      </trkpt>
      <trkpt lat="46.23075" lon="-62.86495">
        <ele>41.3</ele>
      </trkpt>
      <trkpt lat="46.23098" lon="-62.86373">
        <ele>40.6</ele>
      </trkpt>
      <trkpt lat="46.23122" lon="-62.86251">
        <ele>42.0</ele>
      </trkpt>
      <trkpt lat="46.23146" lon="-62.8613">
        <ele>43.4</ele>
      </trkpt>
      <trkpt lat="46.2317" lon="-62.86008">
        <ele>44.9</ele>
      </trkpt>
      <trkpt lat="46.23193" lon="-62.85887">
        <ele>46.4</ele>
      </trkpt>
      <trkpt lat="46.23217" lon="-62.85765">
        <ele>46.8</ele>
      </trkpt>
      <trkpt lat="46.23241" lon="-62.85643">
        <ele>46.7</ele>
      </trkpt>
      <trkpt lat="46.23265" lon="-62.85522">
        <ele>45.6</ele>
      </trkpt>
      <trkpt lat="46.23289" lon="-62.854">
        <ele>44.9</ele>
      </trkpt>
      <trkpt lat="46.23305" lon="-62.8531">
        <ele>45.6</ele>
      </trkpt>
      <trkpt lat="46.23322" lon="-62.85219">
        <ele>46.0</ele>
      </trkpt>
      <trkpt lat="46.23326" lon="-62.85192">
        <ele>45.5</ele>
      </trkpt>
      <trkpt lat="46.23324" lon="-62.85184">
        <ele>45.3</ele>
      </trkpt>
      <trkpt lat="46.23262" lon="-62.8516">
        <ele>44.2</ele>
      </trkpt>
      <trkpt lat="46.23201" lon="-62.85136">
        <ele>42.8</ele>
      </trkpt>
      <trkpt lat="46.23182" lon="-62.85114">
        <ele>42.0</ele>
      </trkpt>
      <trkpt lat="46.2315" lon="-62.85067">
        <ele>40.6</ele>
      </trkpt>
      <trkpt lat="46.23134" lon="-62.8503">
        <ele>40.2</ele>
      </trkpt>
      <trkpt lat="46.23109" lon="-62.84932">
        <ele>41.9</ele>
      </trkpt>
      <trkpt lat="46.23083" lon="-62.84834">
        <ele>45.0</ele>
      </trkpt>
      <trkpt lat="46.23057" lon="-62.84736">
        <ele>43.2</ele>
      </trkpt>
      <trkpt lat="46.23032" lon="-62.84638">
        <ele>43.4</ele>
      </trkpt>
      <trkpt lat="46.2302" lon="-62.8461">
        <ele>44.3</ele>
      </trkpt>
      <trkpt lat="46.23003" lon="-62.84584">
        <ele>45.0</ele>
      </trkpt>
      <trkpt lat="46.22964" lon="-62.84565">
        <ele>42.8</ele>
      </trkpt>
      <trkpt lat="46.22883" lon="-62.84535">
        <ele>39.1</ele>
      </trkpt>
      <trkpt lat="46.22801" lon="-62.84504">
        <ele>35.6</ele>
      </trkpt>
      <trkpt lat="46.2272" lon="-62.84473">
        <ele>34.8</ele>
      </trkpt>
      <trkpt lat="46.22703" lon="-62.84477">
        <ele>34.6</ele>
      </trkpt>
      <trkpt lat="46.22699" lon="-62.84498">
        <ele>34.4</ele>
      </trkpt>
      <trkpt lat="46.22692" lon="-62.84539">
        <ele>34.0</ele>
      </trkpt>
      <trkpt lat="46.22685" lon="-62.84548">
        <ele>33.8</ele>
      </trkpt>
      <trkpt lat="46.22666" lon="-62.84546">
        <ele>33.4</ele>
      </trkpt>
      <trkpt lat="46.22651" lon="-62.84551">
        <ele>32.8</ele>
      </trkpt>
      <trkpt lat="46.22644" lon="-62.84566">
        <ele>32.4</ele>
      </trkpt>
      <trkpt lat="46.22634" lon="-62.84606">
        <ele>32.2</ele>
      </trkpt>
      <trkpt lat="46.22624" lon="-62.84618">
        <ele>32.1</ele>
      </trkpt>
      <trkpt lat="46.22613" lon="-62.84621">
        <ele>31.8</ele>
      </trkpt>
      <trkpt lat="46.22545" lon="-62.84604">
        <ele>31.0</ele>
      </trkpt>
      <trkpt lat="46.22476" lon="-62.84586">
        <ele>32.8</ele>
      </trkpt>
      <trkpt lat="46.22457" lon="-62.84593">
        <ele>34.3</ele>
      </trkpt>
      <trkpt lat="46.2244" lon="-62.84575">
        <ele>35.1</ele>
      </trkpt>
      <trkpt lat="46.22424" lon="-62.84458">
        <ele>33.2</ele>
      </trkpt>
      <trkpt lat="46.22407" lon="-62.84341">
        <ele>33.1</ele>
      </trkpt>
      <trkpt lat="46.22391" lon="-62.84224">
        <ele>31.4</ele>
      </trkpt>
      <trkpt lat="46.22374" lon="-62.84107">
        <ele>30.4</ele>
      </trkpt>
      <trkpt lat="46.22357" lon="-62.83991">
        <ele>31.9</ele>
      </trkpt>
      <trkpt lat="46.22341" lon="-62.83874">
        <ele>30.0</ele>
      </trkpt>
      <trkpt lat="46.22331" lon="-62.83817">
        <ele>28.9</ele>
      </trkpt>
      <trkpt lat="46.22309" lon="-62.83737">
        <ele>28.4</ele>
      </trkpt>
      <trkpt lat="46.22271" lon="-62.83657">
        <ele>28.3</ele>
      </trkpt>
      <trkpt lat="46.22216" lon="-62.83581">
        <ele>26.8</ele>
      </trkpt>
      <trkpt lat="46.22179" lon="-62.83549">
        <ele>27.3</ele>
      </trkpt>
      <trkpt lat="46.22149" lon="-62.83529">
        <ele>28.0</ele>
      </trkpt>
      <trkpt lat="46.22119" lon="-62.83512">
        <ele>29.3</ele>
      </trkpt>
      <trkpt lat="46.22043" lon="-62.83496">
        <ele>32.1</ele>
      </trkpt>
      <trkpt lat="46.21959" lon="-62.83495">
        <ele>34.6</ele>
      </trkpt>
      <trkpt lat="46.21875" lon="-62.83495">
        <ele>36.5</ele>
      </trkpt>
      <trkpt lat="46.21791" lon="-62.83494">
        <ele>35.9</ele>
      </trkpt>
      <trkpt lat="46.21708" lon="-62.83494">
        <ele>33.4</ele>
      </trkpt>
      <trkpt lat="46.21624" lon="-62.83493">
        <ele>32.5</ele>
      </trkpt>
      <trkpt lat="46.2154" lon="-62.83492">
        <ele>33.5</ele>
      </trkpt>
      <trkpt lat="46.21457" lon="-62.83492">
        <ele>34.5</ele>
      </trkpt>
      <trkpt lat="46.21373" lon="-62.83491">
        <ele>35.0</ele>
      </trkpt>
      <trkpt lat="46.21283" lon="-62.8348">
        <ele>33.1</ele>
      </trkpt>
      <trkpt lat="46.21218" lon="-62.8348">
        <ele>30.4</ele>
      </trkpt>
      <trkpt lat="46.21193" lon="-62.83478">
        <ele>29.1</ele>
      </trkpt>
      <trkpt lat="46.21139" lon="-62.83472">
        <ele>27.8</ele>
      </trkpt>
      <trkpt lat="46.21121" lon="-62.8347">
        <ele>27.8</ele>
      </trkpt>
      <trkpt lat="46.21068" lon="-62.83464">
        <ele>28.1</ele>
      </trkpt>
      <trkpt lat="46.21019" lon="-62.83459">
        <ele>28.4</ele>
      </trkpt>
      <trkpt lat="46.20963" lon="-62.83431">
        <ele>27.4</ele>
      </trkpt>
      <trkpt lat="46.20946" lon="-62.83422">
        <ele>27.0</ele>
      </trkpt>
      <trkpt lat="46.20912" lon="-62.83405">
        <ele>26.0</ele>
      </trkpt>
      <trkpt lat="46.20895" lon="-62.83396">
        <ele>26.0</ele>
      </trkpt>
      <trkpt lat="46.20882" lon="-62.8339">
        <ele>26.0</ele>
      </trkpt>
      <trkpt lat="46.20864" lon="-62.83371">
        <ele>26.0</ele>
      </trkpt>
      <trkpt lat="46.20835" lon="-62.83342">
        <ele>26.0</ele>
      </trkpt>
      <trkpt lat="46.2082" lon="-62.83327">
        <ele>25.3</ele>
      </trkpt>
      <trkpt lat="46.20805" lon="-62.83312">
        <ele>24.6</ele>
      </trkpt>
      <trkpt lat="46.20761" lon="-62.83267">
        <ele>23.8</ele>
      </trkpt>
      <trkpt lat="46.20734" lon="-62.8324">
        <ele>23.7</ele>
      </trkpt>
      <trkpt lat="46.20721" lon="-62.83216">
        <ele>23.2</ele>
      </trkpt>
      <trkpt lat="46.20699" lon="-62.83175">
        <ele>22.5</ele>
      </trkpt>
      <trkpt lat="46.20655" lon="-62.83093">
        <ele>22.8</ele>
      </trkpt>
      <trkpt lat="46.20644" lon="-62.83072">
        <ele>22.9</ele>
      </trkpt>
      <trkpt lat="46.206" lon="-62.8299">
        <ele>23.1</ele>
      </trkpt>
      <trkpt lat="46.20588" lon="-62.82969">
        <ele>22.7</ele>
      </trkpt>
      <trkpt lat="46.20576" lon="-62.8293">
        <ele>22.0</ele>
      </trkpt>
      <trkpt lat="46.2055" lon="-62.82852">
        <ele>21.2</ele>
      </trkpt>
      <trkpt lat="46.2052" lon="-62.82759">
        <ele>21.4</ele>
      </trkpt>
      <trkpt lat="46.2052" lon="-62.82758">
        <ele>21.4</ele>
      </trkpt>
      <trkpt lat="46.20519" lon="-62.82732">
        <ele>21.7</ele>
      </trkpt>
      <trkpt lat="46.20517" lon="-62.82706">
        <ele>21.9</ele>
      </trkpt>
      <trkpt lat="46.20512" lon="-62.82602">
        <ele>22.1</ele>
      </trkpt>
      <trkpt lat="46.20511" lon="-62.82588">
        <ele>22.0</ele>
      </trkpt>
      <trkpt lat="46.20505" lon="-62.82369">
        <ele>19.5</ele>
      </trkpt>
      <trkpt lat="46.20504" lon="-62.82343">
        <ele>19.2</ele>
      </trkpt>
      <trkpt lat="46.20502" lon="-62.82291">
        <ele>18.0</ele>
      </trkpt>
      <trkpt lat="46.20495" lon="-62.82267">
        <ele>17.2</ele>
      </trkpt>
      <trkpt lat="46.20488" lon="-62.82243">
        <ele>16.9</ele>
      </trkpt>
      <trkpt lat="46.2048" lon="-62.8222">
        <ele>17.9</ele>
      </trkpt>
      <trkpt lat="46.20451" lon="-62.82124">
        <ele>22.2</ele>
      </trkpt>
      <trkpt lat="46.20446" lon="-62.82107">
        <ele>23.0</ele>
      </trkpt>
      <trkpt lat="46.20442" lon="-62.82103">
        <ele>23.1</ele>
      </trkpt>
      <trkpt lat="46.20384" lon="-62.82041">
        <ele>23.8</ele>
      </trkpt>
      <trkpt lat="46.2037" lon="-62.82026">
        <ele>23.8</ele>
      </trkpt>
      <trkpt lat="46.20345" lon="-62.82">
        <ele>24.0</ele>
      </trkpt>
      <trkpt lat="46.20305" lon="-62.81986">
        <ele>24.5</ele>
      </trkpt>
      <trkpt lat="46.2027" lon="-62.81974">
        <ele>24.9</ele>
      </trkpt>
      <trkpt lat="46.20252" lon="-62.81968">
        <ele>25.2</ele>
      </trkpt>
      <trkpt lat="46.20244" lon="-62.81965">
        <ele>25.1</ele>
      </trkpt>
      <trkpt lat="46.20235" lon="-62.81967">
        <ele>24.8</ele>
      </trkpt>
      <trkpt lat="46.20181" lon="-62.81977">
        <ele>23.2</ele>
      </trkpt>
      <trkpt lat="46.20163" lon="-62.8198">
        <ele>22.7</ele>
      </trkpt>
      <trkpt lat="46.20149" lon="-62.81982">
        <ele>22.6</ele>
      </trkpt>
      <trkpt lat="46.20145" lon="-62.81984">
        <ele>22.5</ele>
      </trkpt>
      <trkpt lat="46.20094" lon="-62.82007">
        <ele>22.0</ele>
      </trkpt>
      <trkpt lat="46.20077" lon="-62.82014">
        <ele>22.0</ele>
      </trkpt>
      <trkpt lat="46.20059" lon="-62.82022">
        <ele>21.8</ele>
      </trkpt>
      <trkpt lat="46.20042" lon="-62.82029">
        <ele>21.7</ele>
      </trkpt>
      <trkpt lat="46.20025" lon="-62.82037">
        <ele>21.4</ele>
      </trkpt>
      <trkpt lat="46.1997" lon="-62.82061">
        <ele>20.3</ele>
      </trkpt>
      <trkpt lat="46.19917" lon="-62.82084">
        <ele>19.0</ele>
      </trkpt>
      <trkpt lat="46.199" lon="-62.82092">
        <ele>19.6</ele>
      </trkpt>
      <trkpt lat="46.19883" lon="-62.82099">
        <ele>20.2</ele>
      </trkpt>
      <trkpt lat="46.19846" lon="-62.82115">
        <ele>21.3</ele>
      </trkpt>
      <trkpt lat="46.19795" lon="-62.82112">
        <ele>21.8</ele>
      </trkpt>
      <trkpt lat="46.19777" lon="-62.8211">
        <ele>21.8</ele>
      </trkpt>
      <trkpt lat="46.19741" lon="-62.82107">
        <ele>21.9</ele>
      </trkpt>
      <trkpt lat="46.19733" lon="-62.82107">
        <ele>22.1</ele>
      </trkpt>
      <trkpt lat="46.19723" lon="-62.82103">
        <ele>22.4</ele>
      </trkpt>
      <trkpt lat="46.19671" lon="-62.82085">
        <ele>23.9</ele>
      </trkpt>
      <trkpt lat="46.19653" lon="-62.82079">
        <ele>24.5</ele>
      </trkpt>
      <trkpt lat="46.1951" lon="-62.8203">
        <ele>27.8</ele>
      </trkpt>
      <trkpt lat="46.19482" lon="-62.82006">
        <ele>27.0</ele>
      </trkpt>
      <trkpt lat="46.19451" lon="-62.8198">
        <ele>25.7</ele>
      </trkpt>
      <trkpt lat="46.19404" lon="-62.8194">
        <ele>25.2</ele>
      </trkpt>
      <trkpt lat="46.19388" lon="-62.81927">
        <ele>25.0</ele>
      </trkpt>
      <trkpt lat="46.19373" lon="-62.81914">
        <ele>25.0</ele>
      </trkpt>
      <trkpt lat="46.19347" lon="-62.81892">
        <ele>24.9</ele>
      </trkpt>
      <trkpt lat="46.19343" lon="-62.81887">
        <ele>24.9</ele>
      </trkpt>
      <trkpt lat="46.19329" lon="-62.81869">
        <ele>25.3</ele>
      </trkpt>
      <trkpt lat="46.19316" lon="-62.81852">
        <ele>26.2</ele>
      </trkpt>
      <trkpt lat="46.19303" lon="-62.81834">
        <ele>27.2</ele>
      </trkpt>
      <trkpt lat="46.19276" lon="-62.81799">
        <ele>28.7</ele>
      </trkpt>
      <trkpt lat="46.1917" lon="-62.81658">
        <ele>31.0</ele>
      </trkpt>
      <trkpt lat="46.19136" lon="-62.81613">
        <ele>32.2</ele>
      </trkpt>
      <trkpt lat="46.19117" lon="-62.81588">
        <ele>33.1</ele>
      </trkpt>
      <trkpt lat="46.19104" lon="-62.8157">
        <ele>33.2</ele>
      </trkpt>
      <trkpt lat="46.19094" lon="-62.81558">
        <ele>33.1</ele>
      </trkpt>
      <trkpt lat="46.19091" lon="-62.81553">
        <ele>33.1</ele>
      </trkpt>
      <trkpt lat="46.19078" lon="-62.81535">
        <ele>32.8</ele>
      </trkpt>
      <trkpt lat="46.19064" lon="-62.81518">
        <ele>32.5</ele>
      </trkpt>
      <trkpt lat="46.19025" lon="-62.81465">
        <ele>31.6</ele>
      </trkpt>
      <trkpt lat="46.19012" lon="-62.81447">
        <ele>31.4</ele>
      </trkpt>
      <trkpt lat="46.18998" lon="-62.81429">
        <ele>31.4</ele>
      </trkpt>
      <trkpt lat="46.18985" lon="-62.81412">
        <ele>31.4</ele>
      </trkpt>
      <trkpt lat="46.18972" lon="-62.81394">
        <ele>31.1</ele>
      </trkpt>
      <trkpt lat="46.18959" lon="-62.81376">
        <ele>30.8</ele>
      </trkpt>
      <trkpt lat="46.18946" lon="-62.81359">
        <ele>30.4</ele>
      </trkpt>
      <trkpt lat="46.18932" lon="-62.81341">
        <ele>30.0</ele>
      </trkpt>
      <trkpt lat="46.18893" lon="-62.81288">
        <ele>28.2</ele>
      </trkpt>
      <trkpt lat="46.1888" lon="-62.81271">
        <ele>27.6</ele>
      </trkpt>
      <trkpt lat="46.1884" lon="-62.81218">
        <ele>26.6</ele>
      </trkpt>
      <trkpt lat="46.18827" lon="-62.812">
        <ele>26.5</ele>
      </trkpt>
      <trkpt lat="46.18814" lon="-62.81182">
        <ele>26.8</ele>
      </trkpt>
      <trkpt lat="46.188" lon="-62.81165">
        <ele>27.2</ele>
      </trkpt>
      <trkpt lat="46.18774" lon="-62.81129">
        <ele>28.0</ele>
      </trkpt>
      <trkpt lat="46.18773" lon="-62.81129">
        <ele>28.0</ele>
      </trkpt>
      <trkpt lat="46.18748" lon="-62.81094">
        <ele>29.1</ele>
      </trkpt>
      <trkpt lat="46.18708" lon="-62.81041">
        <ele>30.3</ele>
      </trkpt>
      <trkpt lat="46.18695" lon="-62.81024">
        <ele>30.7</ele>
      </trkpt>
      <trkpt lat="46.18682" lon="-62.81006">
        <ele>31.3</ele>
      </trkpt>
      <trkpt lat="46.18668" lon="-62.80988">
        <ele>32.1</ele>
      </trkpt>
      <trkpt lat="46.18629" lon="-62.80935">
        <ele>32.2</ele>
      </trkpt>
      <trkpt lat="46.18589" lon="-62.80882">
        <ele>32.7</ele>
      </trkpt>
      <trkpt lat="46.18576" lon="-62.80865">
        <ele>33.4</ele>
      </trkpt>
      <trkpt lat="46.18563" lon="-62.80847">
        <ele>34.3</ele>
      </trkpt>
      <trkpt lat="46.18536" lon="-62.80812">
        <ele>35.2</ele>
      </trkpt>
      <trkpt lat="46.18523" lon="-62.80794">
        <ele>35.2</ele>
      </trkpt>
      <trkpt lat="46.18496" lon="-62.80759">
        <ele>35.4</ele>
      </trkpt>
      <trkpt lat="46.1843" lon="-62.80671">
        <ele>35.4</ele>
      </trkpt>
      <trkpt lat="46.18364" lon="-62.80583">
        <ele>37.2</ele>
      </trkpt>
      <trkpt lat="46.18339" lon="-62.8055">
        <ele>37.5</ele>
      </trkpt>
      <trkpt lat="46.18338" lon="-62.80548">
        <ele>37.5</ele>
      </trkpt>
      <trkpt lat="46.18311" lon="-62.80513">
        <ele>37.6</ele>
      </trkpt>
      <trkpt lat="46.18258" lon="-62.80444">
        <ele>41.1</ele>
      </trkpt>
      <trkpt lat="46.18231" lon="-62.80409">
        <ele>42.6</ele>
      </trkpt>
      <trkpt lat="46.18177" lon="-62.8034">
        <ele>43.7</ele>
      </trkpt>
      <trkpt lat="46.18161" lon="-62.80318">
        <ele>44.4</ele>
      </trkpt>
      <trkpt lat="46.18131" lon="-62.80301">
        <ele>45.2</ele>
      </trkpt>
      <trkpt lat="46.18098" lon="-62.80282">
        <ele>46.1</ele>
      </trkpt>
      <trkpt lat="46.18081" lon="-62.80272">
        <ele>46.4</ele>
      </trkpt>
      <trkpt lat="46.18072" lon="-62.80267">
        <ele>46.3</ele>
      </trkpt>
      <trkpt lat="46.18028" lon="-62.80259">
        <ele>45.4</ele>
      </trkpt>
      <trkpt lat="46.17987" lon="-62.80252">
        <ele>44.9</ele>
      </trkpt>
      <trkpt lat="46.17986" lon="-62.80265">
        <ele>44.4</ele>
      </trkpt>
      <trkpt lat="46.17966" lon="-62.80261">
        <ele>44.5</ele>
      </trkpt>
      <trkpt lat="46.17927" lon="-62.80263">
        <ele>44.3</ele>
      </trkpt>
      <trkpt lat="46.1787" lon="-62.80283">
        <ele>42.7</ele>
      </trkpt>
      <trkpt lat="46.17801" lon="-62.80328">
        <ele>41.3</ele>
      </trkpt>
      <trkpt lat="46.17728" lon="-62.80391">
        <ele>41.5</ele>
      </trkpt>
      <trkpt lat="46.17655" lon="-62.80453">
        <ele>40.9</ele>
      </trkpt>
      <trkpt lat="46.17582" lon="-62.80516">
        <ele>39.8</ele>
      </trkpt>
      <trkpt lat="46.17509" lon="-62.80578">
        <ele>39.1</ele>
      </trkpt>
      <trkpt lat="46.17436" lon="-62.8064">
        <ele>36.7</ele>
      </trkpt>
      <trkpt lat="46.17363" lon="-62.80703">
        <ele>35.0</ele>
      </trkpt>
      <trkpt lat="46.1729" lon="-62.80765">
        <ele>34.2</ele>
      </trkpt>
      <trkpt lat="46.17217" lon="-62.80828">
        <ele>32.1</ele>
      </trkpt>
      <trkpt lat="46.17144" lon="-62.8089">
        <ele>30.3</ele>
      </trkpt>
      <trkpt lat="46.17072" lon="-62.80953">
        <ele>28.0</ele>
      </trkpt>
      <trkpt lat="46.17" lon="-62.81001">
        <ele>27.0</ele>
      </trkpt>
      <trkpt lat="46.16922" lon="-62.81038">
        <ele>27.0</ele>
      </trkpt>
      <trkpt lat="46.16844" lon="-62.81074">
        <ele>27.1</ele>
      </trkpt>
      <trkpt lat="46.16766" lon="-62.81105">
        <ele>26.3</ele>
      </trkpt>
      <trkpt lat="46.16688" lon="-62.81136">
        <ele>25.3</ele>
      </trkpt>
      <trkpt lat="46.1661" lon="-62.81175">
        <ele>24.4</ele>
      </trkpt>
      <trkpt lat="46.16548" lon="-62.81209">
        <ele>23.2</ele>
      </trkpt>
      <trkpt lat="46.16487" lon="-62.81243">
        <ele>21.3</ele>
      </trkpt>
      <trkpt lat="46.16438" lon="-62.81274">
        <ele>21.7</ele>
      </trkpt>
      <trkpt lat="46.16389" lon="-62.81304">
        <ele>22.4</ele>
      </trkpt>
      <trkpt lat="46.1633" lon="-62.81345">
        <ele>23.0</ele>
      </trkpt>
      <trkpt lat="46.16271" lon="-62.81385">
        <ele>23.0</ele>
      </trkpt>
      <trkpt lat="46.16219" lon="-62.8141">
        <ele>23.3</ele>
      </trkpt>
      <trkpt lat="46.16156" lon="-62.81427">
        <ele>24.3</ele>
      </trkpt>
      <trkpt lat="46.16111" lon="-62.81429">
        <ele>24.8</ele>
      </trkpt>
      <trkpt lat="46.16071" lon="-62.81425">
        <ele>25.5</ele>
      </trkpt>
      <trkpt lat="46.1602" lon="-62.81411">
        <ele>27.3</ele>
      </trkpt>
      <trkpt lat="46.1595" lon="-62.81378">
        <ele>29.1</ele>
      </trkpt>
      <trkpt lat="46.15926" lon="-62.81361">
        <ele>29.6</ele>
      </trkpt>
      <trkpt lat="46.15904" lon="-62.81342">
        <ele>30.0</ele>
      </trkpt>
      <trkpt lat="46.15859" lon="-62.81288">
        <ele>30.5</ele>
      </trkpt>
      <trkpt lat="46.15834" lon="-62.81254">
        <ele>31.0</ele>
      </trkpt>
      <trkpt lat="46.15793" lon="-62.8118">
        <ele>30.7</ele>
      </trkpt>
      <trkpt lat="46.15752" lon="-62.81105">
        <ele>31.9</ele>
      </trkpt>
      <trkpt lat="46.15711" lon="-62.81031">
        <ele>33.0</ele>
      </trkpt>
      <trkpt lat="46.1567" lon="-62.80949">
        <ele>32.4</ele>
      </trkpt>
      <trkpt lat="46.15628" lon="-62.80868">
        <ele>32.9</ele>
      </trkpt>
      <trkpt lat="46.15586" lon="-62.80786">
        <ele>34.0</ele>
      </trkpt>
      <trkpt lat="46.15552" lon="-62.80721">
        <ele>33.5</ele>
      </trkpt>
      <trkpt lat="46.15537" lon="-62.80709">
        <ele>33.5</ele>
      </trkpt>
      <trkpt lat="46.15524" lon="-62.80694">
        <ele>33.6</ele>
      </trkpt>
      <trkpt lat="46.1552" lon="-62.80681">
        <ele>33.7</ele>
      </trkpt>
      <trkpt lat="46.15522" lon="-62.80644">
        <ele>33.6</ele>
      </trkpt>
      <trkpt lat="46.15512" lon="-62.80629">
        <ele>33.5</ele>
      </trkpt>
      <trkpt lat="46.155" lon="-62.80619">
        <ele>33.4</ele>
      </trkpt>
      <trkpt lat="46.15454" lon="-62.80529">
        <ele>34.1</ele>
      </trkpt>
      <trkpt lat="46.15407" lon="-62.80439">
        <ele>36.6</ele>
      </trkpt>
      <trkpt lat="46.15361" lon="-62.80349">
        <ele>36.7</ele>
      </trkpt>
      <trkpt lat="46.15315" lon="-62.80259">
        <ele>39.7</ele>
      </trkpt>
      <trkpt lat="46.15268" lon="-62.80169">
        <ele>43.1</ele>
      </trkpt>
      <trkpt lat="46.15222" lon="-62.80079">
        <ele>43.7</ele>
      </trkpt>
      <trkpt lat="46.15187" lon="-62.80019">
        <ele>43.9</ele>
      </trkpt>
      <trkpt lat="46.15151" lon="-62.79966">
        <ele>44.4</ele>
      </trkpt>
      <trkpt lat="46.15108" lon="-62.79921">
        <ele>45.4</ele>
      </trkpt>
      <trkpt lat="46.1507" lon="-62.79891">
        <ele>47.4</ele>
      </trkpt>
      <trkpt lat="46.15041" lon="-62.79873">
        <ele>49.3</ele>
      </trkpt>
      <trkpt lat="46.14994" lon="-62.79852">
        <ele>52.0</ele>
      </trkpt>
      <trkpt lat="46.14945" lon="-62.79837">
        <ele>53.9</ele>
      </trkpt>
      <trkpt lat="46.14887" lon="-62.79834">
        <ele>55.3</ele>
      </trkpt>
      <trkpt lat="46.14848" lon="-62.79838">
        <ele>55.7</ele>
      </trkpt>
      <trkpt lat="46.14813" lon="-62.7985">
        <ele>55.0</ele>
      </trkpt>
      <trkpt lat="46.14762" lon="-62.79874">
        <ele>53.2</ele>
      </trkpt>
      <trkpt lat="46.14716" lon="-62.79902">
        <ele>52.7</ele>
      </trkpt>
      <trkpt lat="46.14638" lon="-62.79958">
        <ele>52.7</ele>
      </trkpt>
      <trkpt lat="46.14561" lon="-62.80014">
        <ele>52.6</ele>
      </trkpt>
      <trkpt lat="46.14524" lon="-62.80038">
        <ele>52.3</ele>
      </trkpt>
      <trkpt lat="46.14472" lon="-62.80062">
        <ele>53.3</ele>
      </trkpt>
      <trkpt lat="46.14423" lon="-62.80079">
        <ele>55.6</ele>
      </trkpt>
      <trkpt lat="46.14367" lon="-62.80093">
        <ele>56.8</ele>
      </trkpt>
      <trkpt lat="46.14311" lon="-62.80107">
        <ele>57.4</ele>
      </trkpt>
      <trkpt lat="46.14252" lon="-62.80116">
        <ele>57.8</ele>
      </trkpt>
      <trkpt lat="46.14194" lon="-62.80126">
        <ele>58.1</ele>
      </trkpt>
      <trkpt lat="46.14125" lon="-62.8013">
        <ele>59.6</ele>
      </trkpt>
      <trkpt lat="46.14097" lon="-62.80127">
        <ele>60.5</ele>
      </trkpt>
      <trkpt lat="46.1407" lon="-62.80119">
        <ele>61.1</ele>
      </trkpt>
      <trkpt lat="46.14038" lon="-62.80106">
        <ele>61.3</ele>
      </trkpt>
      <trkpt lat="46.14006" lon="-62.80089">
        <ele>61.8</ele>
      </trkpt>
      <trkpt lat="46.13974" lon="-62.80059">
        <ele>61.6</ele>
      </trkpt>
      <trkpt lat="46.13947" lon="-62.80023">
        <ele>61.5</ele>
      </trkpt>
      <trkpt lat="46.13909" lon="-62.79963">
        <ele>61.1</ele>
      </trkpt>
      <trkpt lat="46.13861" lon="-62.79866">
        <ele>60.7</ele>
      </trkpt>
      <trkpt lat="46.13837" lon="-62.79824">
        <ele>61.3</ele>
      </trkpt>
      <trkpt lat="46.13818" lon="-62.79795">
        <ele>61.7</ele>
      </trkpt>
      <trkpt lat="46.13797" lon="-62.79769">
        <ele>62.1</ele>
      </trkpt>
      <trkpt lat="46.13772" lon="-62.79743">
        <ele>62.3</ele>
      </trkpt>
      <trkpt lat="46.13744" lon="-62.79723">
        <ele>62.1</ele>
      </trkpt>
      <trkpt lat="46.13718" lon="-62.79708">
        <ele>63.0</ele>
      </trkpt>
      <trkpt lat="46.13692" lon="-62.79698">
        <ele>64.0</ele>
      </trkpt>
      <trkpt lat="46.13668" lon="-62.79692">
        <ele>65.0</ele>
      </trkpt>
      <trkpt lat="46.13611" lon="-62.79689">
        <ele>65.9</ele>
      </trkpt>
      <trkpt lat="46.13548" lon="-62.79692">
        <ele>65.2</ele>
      </trkpt>
      <trkpt lat="46.13484" lon="-62.79695">
        <ele>64.5</ele>
      </trkpt>
      <trkpt lat="46.13438" lon="-62.79694">
        <ele>66.0</ele>
      </trkpt>
      <trkpt lat="46.13392" lon="-62.79694">
        <ele>66.9</ele>
      </trkpt>
      <trkpt lat="46.13336" lon="-62.7969">
        <ele>67.4</ele>
      </trkpt>
      <trkpt lat="46.13268" lon="-62.79667">
        <ele>68.0</ele>
      </trkpt>
      <trkpt lat="46.13187" lon="-62.79631">
        <ele>69.3</ele>
      </trkpt>
      <trkpt lat="46.13105" lon="-62.79594">
        <ele>72.4</ele>
      </trkpt>
      <trkpt lat="46.13057" lon="-62.79578">
        <ele>74.1</ele>
      </trkpt>
      <trkpt lat="46.1301" lon="-62.79566">
        <ele>74.4</ele>
      </trkpt>
      <trkpt lat="46.12964" lon="-62.79559">
        <ele>75.5</ele>
      </trkpt>
      <trkpt lat="46.12918" lon="-62.79558">
        <ele>76.7</ele>
      </trkpt>
      <trkpt lat="46.12854" lon="-62.79568">
        <ele>75.4</ele>
      </trkpt>
      <trkpt lat="46.12789" lon="-62.79579">
        <ele>75.4</ele>
      </trkpt>
      <trkpt lat="46.12725" lon="-62.79589">
        <ele>75.8</ele>
      </trkpt>
      <trkpt lat="46.1267" lon="-62.796">
        <ele>75.4</ele>
      </trkpt>
      <trkpt lat="46.12615" lon="-62.7961">
        <ele>72.7</ele>
      </trkpt>
      <trkpt lat="46.12566" lon="-62.79621">
        <ele>71.2</ele>
      </trkpt>
      <trkpt lat="46.12517" lon="-62.79632">
        <ele>71.6</ele>
      </trkpt>
      <trkpt lat="46.12474" lon="-62.79639">
        <ele>72.2</ele>
      </trkpt>
      <trkpt lat="46.12432" lon="-62.79639">
        <ele>72.5</ele>
      </trkpt>
      <trkpt lat="46.12395" lon="-62.79634">
        <ele>73.9</ele>
      </trkpt>
      <trkpt lat="46.12348" lon="-62.79622">
        <ele>76.4</ele>
      </trkpt>
      <trkpt lat="46.12289" lon="-62.79603">
        <ele>79.2</ele>
      </trkpt>
      <trkpt lat="46.12227" lon="-62.79599">
        <ele>81.8</ele>
      </trkpt>
      <trkpt lat="46.12176" lon="-62.79612">
        <ele>82.4</ele>
      </trkpt>
      <trkpt lat="46.1211" lon="-62.79645">
        <ele>80.9</ele>
      </trkpt>
      <trkpt lat="46.12068" lon="-62.79672">
        <ele>78.6</ele>
      </trkpt>
      <trkpt lat="46.12027" lon="-62.79698">
        <ele>75.4</ele>
      </trkpt>
      <trkpt lat="46.1199" lon="-62.79728">
        <ele>73.1</ele>
      </trkpt>
      <trkpt lat="46.11941" lon="-62.79752">
        <ele>70.1</ele>
      </trkpt>
      <trkpt lat="46.11904" lon="-62.79762">
        <ele>69.4</ele>
      </trkpt>
      <trkpt lat="46.1183" lon="-62.79772">
        <ele>73.9</ele>
      </trkpt>
      <trkpt lat="46.11793" lon="-62.79774">
        <ele>74.7</ele>
      </trkpt>
      <trkpt lat="46.11709" lon="-62.79769">
        <ele>74.0</ele>
      </trkpt>
      <trkpt lat="46.11624" lon="-62.79763">
        <ele>68.7</ele>
      </trkpt>
      <trkpt lat="46.1154" lon="-62.79758">
        <ele>65.0</ele>
      </trkpt>
      <trkpt lat="46.11492" lon="-62.79761">
        <ele>65.6</ele>
      </trkpt>
      <trkpt lat="46.11445" lon="-62.79768">
        <ele>66.7</ele>
      </trkpt>
      <trkpt lat="46.11393" lon="-62.7978">
        <ele>67.5</ele>
      </trkpt>
      <trkpt lat="46.11348" lon="-62.79809">
        <ele>68.7</ele>
      </trkpt>
      <trkpt lat="46.1133" lon="-62.79826">
        <ele>69.4</ele>
      </trkpt>
      <trkpt lat="46.11306" lon="-62.79849">
        <ele>68.9</ele>
      </trkpt>
      <trkpt lat="46.11281" lon="-62.79888">
        <ele>68.4</ele>
      </trkpt>
      <trkpt lat="46.11245" lon="-62.79951">
        <ele>68.8</ele>
      </trkpt>
      <trkpt lat="46.11208" lon="-62.80014">
        <ele>69.7</ele>
      </trkpt>
      <trkpt lat="46.11174" lon="-62.80082">
        <ele>69.7</ele>
      </trkpt>
      <trkpt lat="46.11141" lon="-62.80134">
        <ele>69.0</ele>
      </trkpt>
      <trkpt lat="46.11095" lon="-62.80172">
        <ele>66.9</ele>
      </trkpt>
      <trkpt lat="46.11015" lon="-62.80211">
        <ele>66.4</ele>
      </trkpt>
      <trkpt lat="46.10951" lon="-62.80227">
        <ele>67.6</ele>
      </trkpt>
      <trkpt lat="46.10888" lon="-62.80243">
        <ele>69.1</ele>
      </trkpt>
      <trkpt lat="46.10838" lon="-62.80261">
        <ele>70.4</ele>
      </trkpt>
      <trkpt lat="46.10788" lon="-62.80278">
        <ele>70.4</ele>
      </trkpt>
      <trkpt lat="46.10729" lon="-62.80313">
        <ele>70.2</ele>
      </trkpt>
      <trkpt lat="46.10669" lon="-62.80375">
        <ele>72.0</ele>
      </trkpt>
      <trkpt lat="46.10647" lon="-62.80402">
        <ele>72.7</ele>
      </trkpt>
      <trkpt lat="46.10606" lon="-62.8047">
        <ele>75.0</ele>
      </trkpt>
      <trkpt lat="46.10581" lon="-62.80522">
        <ele>75.8</ele>
      </trkpt>
      <trkpt lat="46.10531" lon="-62.80612">
        <ele>72.8</ele>
      </trkpt>
      <trkpt lat="46.10481" lon="-62.80701">
        <ele>71.8</ele>
      </trkpt>
      <trkpt lat="46.10432" lon="-62.80791">
        <ele>71.2</ele>
      </trkpt>
      <trkpt lat="46.10415" lon="-62.80826">
        <ele>70.8</ele>
      </trkpt>
      <trkpt lat="46.10401" lon="-62.80848">
        <ele>70.7</ele>
      </trkpt>
      <trkpt lat="46.1036" lon="-62.80923">
        <ele>71.8</ele>
      </trkpt>
      <trkpt lat="46.1032" lon="-62.80997">
        <ele>71.8</ele>
      </trkpt>
      <trkpt lat="46.10289" lon="-62.81041">
        <ele>73.4</ele>
      </trkpt>
      <trkpt lat="46.10258" lon="-62.81072">
        <ele>73.9</ele>
      </trkpt>
      <trkpt lat="46.10223" lon="-62.81096">
        <ele>74.5</ele>
      </trkpt>
      <trkpt lat="46.10156" lon="-62.81133">
        <ele>76.1</ele>
      </trkpt>
      <trkpt lat="46.10089" lon="-62.81171">
        <ele>76.9</ele>
      </trkpt>
      <trkpt lat="46.10022" lon="-62.81209">
        <ele>75.3</ele>
      </trkpt>
      <trkpt lat="46.09964" lon="-62.81248">
        <ele>76.8</ele>
      </trkpt>
      <trkpt lat="46.09896" lon="-62.81287">
        <ele>80.0</ele>
      </trkpt>
      <trkpt lat="46.09828" lon="-62.81325">
        <ele>81.3</ele>
      </trkpt>
      <trkpt lat="46.09781" lon="-62.81353">
        <ele>80.9</ele>
      </trkpt>
      <trkpt lat="46.09712" lon="-62.81391">
        <ele>80.9</ele>
      </trkpt>
      <trkpt lat="46.09655" lon="-62.81431">
        <ele>80.9</ele>
      </trkpt>
      <trkpt lat="46.09645" lon="-62.81435">
        <ele>80.8</ele>
      </trkpt>
      <trkpt lat="46.0962" lon="-62.81446">
        <ele>80.6</ele>
      </trkpt>
      <trkpt lat="46.09572" lon="-62.81479">
        <ele>81.7</ele>
      </trkpt>
      <trkpt lat="46.09517" lon="-62.8151">
        <ele>84.7</ele>
      </trkpt>
      <trkpt lat="46.09489" lon="-62.81524">
        <ele>85.7</ele>
      </trkpt>
      <trkpt lat="46.09446" lon="-62.81551">
        <ele>86.9</ele>
      </trkpt>
      <trkpt lat="46.0942" lon="-62.81564">
        <ele>87.5</ele>
      </trkpt>
      <trkpt lat="46.09389" lon="-62.81583">
        <ele>87.7</ele>
      </trkpt>
      <trkpt lat="46.09336" lon="-62.81602">
        <ele>87.5</ele>
      </trkpt>
      <trkpt lat="46.09283" lon="-62.81622">
        <ele>87.1</ele>
      </trkpt>
      <trkpt lat="46.09239" lon="-62.81633">
        <ele>86.5</ele>
      </trkpt>
      <trkpt lat="46.09177" lon="-62.81641">
        <ele>86.9</ele>
      </trkpt>
      <trkpt lat="46.09114" lon="-62.81648">
        <ele>87.8</ele>
      </trkpt>
      <trkpt lat="46.09052" lon="-62.81656">
        <ele>88.8</ele>
      </trkpt>
      <trkpt lat="46.09" lon="-62.81659">
        <ele>89.0</ele>
      </trkpt>
      <trkpt lat="46.08949" lon="-62.81662">
        <ele>89.6</ele>
      </trkpt>
      <trkpt lat="46.08885" lon="-62.81669">
        <ele>89.5</ele>
      </trkpt>
      <trkpt lat="46.08821" lon="-62.81676">
        <ele>88.0</ele>
      </trkpt>
      <trkpt lat="46.08754" lon="-62.81684">
        <ele>84.6</ele>
      </trkpt>
      <trkpt lat="46.08687" lon="-62.81692">
        <ele>83.6</ele>
      </trkpt>
      <trkpt lat="46.0862" lon="-62.81701">
        <ele>82.5</ele>
      </trkpt>
      <trkpt lat="46.08533" lon="-62.81707">
        <ele>82.3</ele>
      </trkpt>
      <trkpt lat="46.08464" lon="-62.81715">
        <ele>82.9</ele>
      </trkpt>
      <trkpt lat="46.08395" lon="-62.81723">
        <ele>83.2</ele>
      </trkpt>
      <trkpt lat="46.08308" lon="-62.81731">
        <ele>83.3</ele>
      </trkpt>
      <trkpt lat="46.08222" lon="-62.81739">
        <ele>85.4</ele>
      </trkpt>
      <trkpt lat="46.08135" lon="-62.81748">
        <ele>87.4</ele>
      </trkpt>
      <trkpt lat="46.08048" lon="-62.81756">
        <ele>87.5</ele>
      </trkpt>
      <trkpt lat="46.07962" lon="-62.81765">
        <ele>88.2</ele>
      </trkpt>
      <trkpt lat="46.07875" lon="-62.81773">
        <ele>90.1</ele>
      </trkpt>
      <trkpt lat="46.07815" lon="-62.8178">
        <ele>90.8</ele>
      </trkpt>
      <trkpt lat="46.07754" lon="-62.81787">
        <ele>91.3</ele>
      </trkpt>
      <trkpt lat="46.07716" lon="-62.81789">
        <ele>91.0</ele>
      </trkpt>
      <trkpt lat="46.07673" lon="-62.81787">
        <ele>90.4</ele>
      </trkpt>
      <trkpt lat="46.07626" lon="-62.81783">
        <ele>89.3</ele>
      </trkpt>
      <trkpt lat="46.07585" lon="-62.81776">
        <ele>88.3</ele>
      </trkpt>
      <trkpt lat="46.07523" lon="-62.81758">
        <ele>87.9</ele>
      </trkpt>
      <trkpt lat="46.07464" lon="-62.81734">
        <ele>88.5</ele>
      </trkpt>
      <trkpt lat="46.07395" lon="-62.81698">
        <ele>89.4</ele>
      </trkpt>
      <trkpt lat="46.07326" lon="-62.81662">
        <ele>87.8</ele>
      </trkpt>
      <trkpt lat="46.07257" lon="-62.81626">
        <ele>86.2</ele>
      </trkpt>
      <trkpt lat="46.07188" lon="-62.8159">
        <ele>86.1</ele>
      </trkpt>
      <trkpt lat="46.07181" lon="-62.81586">
        <ele>86.0</ele>
      </trkpt>
      <trkpt lat="46.07114" lon="-62.8155">
        <ele>85.2</ele>
      </trkpt>
      <trkpt lat="46.07046" lon="-62.81515">
        <ele>84.9</ele>
      </trkpt>
      <trkpt lat="46.0704" lon="-62.81512">
        <ele>84.8</ele>
      </trkpt>
      <trkpt lat="46.06944" lon="-62.81466">
        <ele>85.7</ele>
      </trkpt>
      <trkpt lat="46.06936" lon="-62.81462">
        <ele>85.8</ele>
      </trkpt>
      <trkpt lat="46.06926" lon="-62.81459">
        <ele>85.9</ele>
      </trkpt>
      <trkpt lat="46.06909" lon="-62.81454">
        <ele>86.0</ele>
      </trkpt>
      <trkpt lat="46.06874" lon="-62.81443">
        <ele>85.7</ele>
      </trkpt>
      <trkpt lat="46.06856" lon="-62.81437">
        <ele>85.4</ele>
      </trkpt>
      <trkpt lat="46.06801" lon="-62.81432">
        <ele>84.7</ele>
      </trkpt>
      <trkpt lat="46.06783" lon="-62.8143">
        <ele>84.5</ele>
      </trkpt>
      <trkpt lat="46.0678" lon="-62.8143">
        <ele>84.5</ele>
      </trkpt>
      <trkpt lat="46.06765" lon="-62.81431">
        <ele>84.3</ele>
      </trkpt>
      <trkpt lat="46.06693" lon="-62.81439">
        <ele>83.1</ele>
      </trkpt>
      <trkpt lat="46.06671" lon="-62.81442">
        <ele>82.7</ele>
      </trkpt>
      <trkpt lat="46.06658" lon="-62.81443">
        <ele>82.7</ele>
      </trkpt>
      <trkpt lat="46.06604" lon="-62.81449">
        <ele>82.9</ele>
      </trkpt>
      <trkpt lat="46.06583" lon="-62.81451">
        <ele>83.0</ele>
      </trkpt>
      <trkpt lat="46.06568" lon="-62.81452">
        <ele>83.2</ele>
      </trkpt>
      <trkpt lat="46.06514" lon="-62.81454">
        <ele>84.0</ele>
      </trkpt>
      <trkpt lat="46.06482" lon="-62.81455">
        <ele>84.2</ele>
      </trkpt>
      <trkpt lat="46.06406" lon="-62.81446">
        <ele>84.4</ele>
      </trkpt>
      <trkpt lat="46.06384" lon="-62.81443">
        <ele>84.6</ele>
      </trkpt>
      <trkpt lat="46.06371" lon="-62.8144">
        <ele>84.7</ele>
      </trkpt>
      <trkpt lat="46.06317" lon="-62.81426">
        <ele>85.4</ele>
      </trkpt>
      <trkpt lat="46.06264" lon="-62.81413">
        <ele>86.6</ele>
      </trkpt>
      <trkpt lat="46.0624" lon="-62.81407">
        <ele>86.9</ele>
      </trkpt>
      <trkpt lat="46.06195" lon="-62.81385">
        <ele>86.9</ele>
      </trkpt>
      <trkpt lat="46.0611" lon="-62.81345">
        <ele>87.4</ele>
      </trkpt>
      <trkpt lat="46.061" lon="-62.81341">
        <ele>87.6</ele>
      </trkpt>
      <trkpt lat="46.0606" lon="-62.81315">
        <ele>87.6</ele>
      </trkpt>
      <trkpt lat="46.05994" lon="-62.81274">
        <ele>87.8</ele>
      </trkpt>
      <trkpt lat="46.0598" lon="-62.81265">
        <ele>88.1</ele>
      </trkpt>
      <trkpt lat="46.05898" lon="-62.81202">
        <ele>88.6</ele>
      </trkpt>
      <trkpt lat="46.05893" lon="-62.81197">
        <ele>88.5</ele>
      </trkpt>
      <trkpt lat="46.05867" lon="-62.81176">
        <ele>88.6</ele>
      </trkpt>
      <trkpt lat="46.05821" lon="-62.81136">
        <ele>90.3</ele>
      </trkpt>
      <trkpt lat="46.0579" lon="-62.8111">
        <ele>91.7</ele>
      </trkpt>
      <trkpt lat="46.05755" lon="-62.8108">
        <ele>92.9</ele>
      </trkpt>
      <trkpt lat="46.05742" lon="-62.81073">
        <ele>92.8</ele>
      </trkpt>
      <trkpt lat="46.05709" lon="-62.81053">
        <ele>92.2</ele>
      </trkpt>
      <trkpt lat="46.05687" lon="-62.81041">
        <ele>91.9</ele>
      </trkpt>
      <trkpt lat="46.05623" lon="-62.8102">
        <ele>91.6</ele>
      </trkpt>
      <trkpt lat="46.05605" lon="-62.81014">
        <ele>91.7</ele>
      </trkpt>
      <trkpt lat="46.05569" lon="-62.81008">
        <ele>91.8</ele>
      </trkpt>
      <trkpt lat="46.05534" lon="-62.81001">
        <ele>92.0</ele>
      </trkpt>
      <trkpt lat="46.05528" lon="-62.81">
        <ele>92.0</ele>
      </trkpt>
      <trkpt lat="46.05516" lon="-62.80998">
        <ele>92.0</ele>
      </trkpt>
      <trkpt lat="46.05445" lon="-62.80983">
        <ele>90.0</ele>
      </trkpt>
      <trkpt lat="46.05427" lon="-62.8098">
        <ele>89.3</ele>
      </trkpt>
      <trkpt lat="46.05373" lon="-62.80969">
        <ele>89.0</ele>
      </trkpt>
      <trkpt lat="46.05364" lon="-62.80967">
        <ele>89.0</ele>
      </trkpt>
      <trkpt lat="46.05337" lon="-62.80964">
        <ele>89.0</ele>
      </trkpt>
      <trkpt lat="46.0529" lon="-62.8096">
        <ele>88.2</ele>
      </trkpt>
      <trkpt lat="46.05215" lon="-62.80961">
        <ele>86.5</ele>
      </trkpt>
      <trkpt lat="46.05212" lon="-62.80962">
        <ele>86.4</ele>
      </trkpt>
      <trkpt lat="46.05177" lon="-62.80974">
        <ele>85.7</ele>
      </trkpt>
      <trkpt lat="46.05155" lon="-62.8098">
        <ele>84.8</ele>
      </trkpt>
      <trkpt lat="46.05107" lon="-62.80999">
        <ele>82.4</ele>
      </trkpt>
      <trkpt lat="46.05058" lon="-62.81036">
        <ele>80.5</ele>
      </trkpt>
      <trkpt lat="46.05051" lon="-62.81042">
        <ele>80.3</ele>
      </trkpt>
      <trkpt lat="46.05" lon="-62.8109">
        <ele>80.2</ele>
      </trkpt>
      <trkpt lat="46.04998" lon="-62.81092">
        <ele>80.0</ele>
      </trkpt>
      <trkpt lat="46.04957" lon="-62.81151">
        <ele>78.4</ele>
      </trkpt>
      <trkpt lat="46.04949" lon="-62.81168">
        <ele>78.3</ele>
      </trkpt>
      <trkpt lat="46.0494" lon="-62.8119">
        <ele>77.9</ele>
      </trkpt>
      <trkpt lat="46.0492" lon="-62.81234">
        <ele>76.3</ele>
      </trkpt>
      <trkpt lat="46.04904" lon="-62.8127">
        <ele>74.9</ele>
      </trkpt>
      <trkpt lat="46.04902" lon="-62.81278">
        <ele>74.8</ele>
      </trkpt>
      <trkpt lat="46.04897" lon="-62.81303">
        <ele>74.5</ele>
      </trkpt>
      <trkpt lat="46.04886" lon="-62.81352">
        <ele>74.3</ele>
      </trkpt>
      <trkpt lat="46.04882" lon="-62.81371">
        <ele>74.4</ele>
      </trkpt>
      <trkpt lat="46.04872" lon="-62.81428">
        <ele>74.8</ele>
      </trkpt>
      <trkpt lat="46.04864" lon="-62.81478">
        <ele>74.6</ele>
      </trkpt>
      <trkpt lat="46.04859" lon="-62.81508">
        <ele>74.3</ele>
      </trkpt>
      <trkpt lat="46.04856" lon="-62.81529">
        <ele>73.4</ele>
      </trkpt>
      <trkpt lat="46.04845" lon="-62.81605">
        <ele>71.4</ele>
      </trkpt>
      <trkpt lat="46.04839" lon="-62.81646">
        <ele>71.1</ele>
      </trkpt>
      <trkpt lat="46.04834" lon="-62.81681">
        <ele>71.2</ele>
      </trkpt>
      <trkpt lat="46.04824" lon="-62.8175">
        <ele>71.1</ele>
      </trkpt>
      <trkpt lat="46.04795" lon="-62.81824">
        <ele>69.9</ele>
      </trkpt>
      <trkpt lat="46.04784" lon="-62.81852">
        <ele>70.2</ele>
      </trkpt>
      <trkpt lat="46.04755" lon="-62.8191">
        <ele>71.7</ele>
      </trkpt>
      <trkpt lat="46.04744" lon="-62.8193">
        <ele>71.6</ele>
      </trkpt>
      <trkpt lat="46.04728" lon="-62.81961">
        <ele>70.6</ele>
      </trkpt>
      <trkpt lat="46.04696" lon="-62.82006">
        <ele>68.7</ele>
      </trkpt>
      <trkpt lat="46.04649" lon="-62.82052">
        <ele>65.3</ele>
      </trkpt>
      <trkpt lat="46.04591" lon="-62.82092">
        <ele>63.9</ele>
      </trkpt>
      <trkpt lat="46.04527" lon="-62.82118">
        <ele>63.1</ele>
      </trkpt>
      <trkpt lat="46.04463" lon="-62.82128">
        <ele>62.0</ele>
      </trkpt>
      <trkpt lat="46.04386" lon="-62.82135">
        <ele>61.1</ele>
      </trkpt>
      <trkpt lat="46.04309" lon="-62.82141">
        <ele>60.9</ele>
      </trkpt>
      <trkpt lat="46.04228" lon="-62.82147">
        <ele>59.7</ele>
      </trkpt>
      <trkpt lat="46.04149" lon="-62.82153">
        <ele>59.2</ele>
      </trkpt>
      <trkpt lat="46.0407" lon="-62.8216">
        <ele>58.1</ele>
      </trkpt>
      <trkpt lat="46.04001" lon="-62.82165">
        <ele>56.8</ele>
      </trkpt>
      <trkpt lat="46.03933" lon="-62.8217">
        <ele>56.3</ele>
      </trkpt>
      <trkpt lat="46.03855" lon="-62.82177">
        <ele>55.3</ele>
      </trkpt>
      <trkpt lat="46.03808" lon="-62.82184">
        <ele>55.5</ele>
      </trkpt>
      <trkpt lat="46.03748" lon="-62.82185">
        <ele>55.5</ele>
      </trkpt>
      <trkpt lat="46.03684" lon="-62.8219">
        <ele>54.0</ele>
      </trkpt>
      <trkpt lat="46.03619" lon="-62.82196">
        <ele>53.2</ele>
      </trkpt>
      <trkpt lat="46.03562" lon="-62.82172">
        <ele>50.4</ele>
      </trkpt>
      <trkpt lat="46.03529" lon="-62.82175">
        <ele>50.5</ele>
      </trkpt>
      <trkpt lat="46.03509" lon="-62.82176">
        <ele>50.5</ele>
      </trkpt>
      <trkpt lat="46.03421" lon="-62.82183">
        <ele>50.8</ele>
      </trkpt>
      <trkpt lat="46.03385" lon="-62.82185">
        <ele>49.4</ele>
      </trkpt>
      <trkpt lat="46.03346" lon="-62.82188">
        <ele>47.8</ele>
      </trkpt>
      <trkpt lat="46.03297" lon="-62.82206">
        <ele>44.9</ele>
      </trkpt>
      <trkpt lat="46.03272" lon="-62.82215">
        <ele>42.9</ele>
      </trkpt>
      <trkpt lat="46.03262" lon="-62.82221">
        <ele>42.2</ele>
      </trkpt>
      <trkpt lat="46.0323" lon="-62.82243">
        <ele>40.8</ele>
      </trkpt>
      <trkpt lat="46.03214" lon="-62.82255">
        <ele>40.4</ele>
      </trkpt>
      <trkpt lat="46.03182" lon="-62.8228">
        <ele>39.5</ele>
      </trkpt>
      <trkpt lat="46.03153" lon="-62.82302">
        <ele>39.1</ele>
      </trkpt>
      <trkpt lat="46.03103" lon="-62.8234">
        <ele>39.2</ele>
      </trkpt>
      <trkpt lat="46.03051" lon="-62.82379">
        <ele>38.0</ele>
      </trkpt>
      <trkpt lat="46.03039" lon="-62.82388">
        <ele>38.0</ele>
      </trkpt>
      <trkpt lat="46.03007" lon="-62.82412">
        <ele>38.7</ele>
      </trkpt>
      <trkpt lat="46.02975" lon="-62.82437">
        <ele>38.6</ele>
      </trkpt>
      <trkpt lat="46.02915" lon="-62.82483">
        <ele>39.9</ele>
      </trkpt>
      <trkpt lat="46.02895" lon="-62.82496">
        <ele>40.3</ele>
      </trkpt>
      <trkpt lat="46.02846" lon="-62.82528">
        <ele>40.3</ele>
      </trkpt>
      <trkpt lat="46.0281" lon="-62.82552">
        <ele>39.3</ele>
      </trkpt>
      <trkpt lat="46.02759" lon="-62.82573">
        <ele>35.8</ele>
      </trkpt>
      <trkpt lat="46.02637" lon="-62.82629">
        <ele>32.4</ele>
      </trkpt>
      <trkpt lat="46.02606" lon="-62.82642">
        <ele>33.0</ele>
      </trkpt>
      <trkpt lat="46.02536" lon="-62.8267">
        <ele>32.7</ele>
      </trkpt>
      <trkpt lat="46.02441" lon="-62.8271">
        <ele>29.8</ele>
      </trkpt>
      <trkpt lat="46.02433" lon="-62.82713">
        <ele>29.6</ele>
      </trkpt>
      <trkpt lat="46.02312" lon="-62.82761">
        <ele>27.0</ele>
      </trkpt>
      <trkpt lat="46.02311" lon="-62.82761">
        <ele>27.0</ele>
      </trkpt>
      <trkpt lat="46.02294" lon="-62.82768">
        <ele>27.1</ele>
      </trkpt>
      <trkpt lat="46.02277" lon="-62.82775">
        <ele>27.3</ele>
      </trkpt>
      <trkpt lat="46.02259" lon="-62.82781">
        <ele>27.5</ele>
      </trkpt>
      <trkpt lat="46.02225" lon="-62.82795">
        <ele>26.3</ele>
      </trkpt>
      <trkpt lat="46.0222" lon="-62.82797">
        <ele>26.0</ele>
      </trkpt>
      <trkpt lat="46.02207" lon="-62.828">
        <ele>25.3</ele>
      </trkpt>
      <trkpt lat="46.02189" lon="-62.82803">
        <ele>24.4</ele>
      </trkpt>
      <trkpt lat="46.02171" lon="-62.82807">
        <ele>23.5</ele>
      </trkpt>
      <trkpt lat="46.02135" lon="-62.82804">
        <ele>23.1</ele>
      </trkpt>
      <trkpt lat="46.02129" lon="-62.82804">
        <ele>23.0</ele>
      </trkpt>
      <trkpt lat="46.02115" lon="-62.82803">
        <ele>22.9</ele>
      </trkpt>
      <trkpt lat="46.02111" lon="-62.82802">
        <ele>22.8</ele>
      </trkpt>
      <trkpt lat="46.02081" lon="-62.82799">
        <ele>22.2</ele>
      </trkpt>
      <trkpt lat="46.02075" lon="-62.82796">
        <ele>21.8</ele>
      </trkpt>
      <trkpt lat="46.02058" lon="-62.82789">
        <ele>20.7</ele>
      </trkpt>
      <trkpt lat="46.02024" lon="-62.82773">
        <ele>18.6</ele>
      </trkpt>
      <trkpt lat="46.02011" lon="-62.82767">
        <ele>17.9</ele>
      </trkpt>
      <trkpt lat="46.02007" lon="-62.82764">
        <ele>17.6</ele>
      </trkpt>
      <trkpt lat="46.0199" lon="-62.82754">
        <ele>17.4</ele>
      </trkpt>
      <trkpt lat="46.01974" lon="-62.82743">
        <ele>18.0</ele>
      </trkpt>
      <trkpt lat="46.01962" lon="-62.82736">
        <ele>18.5</ele>
      </trkpt>
      <trkpt lat="46.01923" lon="-62.82717">
        <ele>20.5</ele>
      </trkpt>
      <trkpt lat="46.01916" lon="-62.8271">
        <ele>21.0</ele>
      </trkpt>
      <trkpt lat="46.01909" lon="-62.82703">
        <ele>21.2</ele>
      </trkpt>
      <trkpt lat="46.01871" lon="-62.82671">
        <ele>22.4</ele>
      </trkpt>
      <trkpt lat="46.01809" lon="-62.8262">
        <ele>23.6</ele>
      </trkpt>
      <trkpt lat="46.01746" lon="-62.8257">
        <ele>23.8</ele>
      </trkpt>
      <trkpt lat="46.01605" lon="-62.82455">
        <ele>31.4</ele>
      </trkpt>
      <trkpt lat="46.01589" lon="-62.82442">
        <ele>32.2</ele>
      </trkpt>
      <trkpt lat="46.01585" lon="-62.82439">
        <ele>32.4</ele>
      </trkpt>
      <trkpt lat="46.01573" lon="-62.82431">
        <ele>32.1</ele>
      </trkpt>
      <trkpt lat="46.0154" lon="-62.82409">
        <ele>30.6</ele>
      </trkpt>
      <trkpt lat="46.01511" lon="-62.8239">
        <ele>29.6</ele>
      </trkpt>
      <trkpt lat="46.01457" lon="-62.82363">
        <ele>28.6</ele>
      </trkpt>
      <trkpt lat="46.0144" lon="-62.82354">
        <ele>28.3</ele>
      </trkpt>
      <trkpt lat="46.01372" lon="-62.82321">
        <ele>26.6</ele>
      </trkpt>
      <trkpt lat="46.01304" lon="-62.82287">
        <ele>25.9</ele>
      </trkpt>
      <trkpt lat="46.01287" lon="-62.82278">
        <ele>26.0</ele>
      </trkpt>
      <trkpt lat="46.01216" lon="-62.82243">
        <ele>26.8</ele>
      </trkpt>
      <trkpt lat="46.01206" lon="-62.82238">
        <ele>27.1</ele>
      </trkpt>
      <trkpt lat="46.01202" lon="-62.82236">
        <ele>27.2</ele>
      </trkpt>
      <trkpt lat="46.01167" lon="-62.8222">
        <ele>28.0</ele>
      </trkpt>
      <trkpt lat="46.0115" lon="-62.82211">
        <ele>28.0</ele>
      </trkpt>
      <trkpt lat="46.01133" lon="-62.82203">
        <ele>28.0</ele>
      </trkpt>
      <trkpt lat="46.01099" lon="-62.82187">
        <ele>28.0</ele>
      </trkpt>
      <trkpt lat="46.01082" lon="-62.82178">
        <ele>28.0</ele>
      </trkpt>
      <trkpt lat="46.01045" lon="-62.8216">
        <ele>27.3</ele>
      </trkpt>
      <trkpt lat="46.00994" lon="-62.82135">
        <ele>26.2</ele>
      </trkpt>
      <trkpt lat="46.00892" lon="-62.82083">
        <ele>24.7</ele>
      </trkpt>
      <trkpt lat="46.00859" lon="-62.82066">
        <ele>23.3</ele>
      </trkpt>
      <trkpt lat="46.00808" lon="-62.82041">
        <ele>21.2</ele>
      </trkpt>
      <trkpt lat="46.00804" lon="-62.82039">
        <ele>21.0</ele>
      </trkpt>
      <trkpt lat="46.00792" lon="-62.82029">
        <ele>20.4</ele>
      </trkpt>
      <trkpt lat="46.00776" lon="-62.82016">
        <ele>19.7</ele>
      </trkpt>
      <trkpt lat="46.00761" lon="-62.82003">
        <ele>19.1</ele>
      </trkpt>
      <trkpt lat="46.0073" lon="-62.81976">
        <ele>18.3</ele>
      </trkpt>
      <trkpt lat="46.00725" lon="-62.81972">
        <ele>18.3</ele>
      </trkpt>
      <trkpt lat="46.00672" lon="-62.81915">
        <ele>18.8</ele>
      </trkpt>
      <trkpt lat="46.00628" lon="-62.81869">
        <ele>19.5</ele>
      </trkpt>
      <trkpt lat="46.00599" lon="-62.81838">
        <ele>20.3</ele>
      </trkpt>
      <trkpt lat="46.00592" lon="-62.8183">
        <ele>20.5</ele>
      </trkpt>
      <trkpt lat="46.00557" lon="-62.8179">
        <ele>21.0</ele>
      </trkpt>
      <trkpt lat="46.00529" lon="-62.81758">
        <ele>21.5</ele>
      </trkpt>
      <trkpt lat="46.00466" lon="-62.81694">
        <ele>24.4</ele>
      </trkpt>
      <trkpt lat="46.00452" lon="-62.81679">
        <ele>24.8</ele>
      </trkpt>
      <trkpt lat="46.00408" lon="-62.81633">
        <ele>25.7</ele>
      </trkpt>
      <trkpt lat="46.00395" lon="-62.8162">
        <ele>25.7</ele>
      </trkpt>
      <trkpt lat="46.00353" lon="-62.81567">
        <ele>25.9</ele>
      </trkpt>
      <trkpt lat="46.00319" lon="-62.81524">
        <ele>26.0</ele>
      </trkpt>
      <trkpt lat="46.00314" lon="-62.81513">
        <ele>26.0</ele>
      </trkpt>
      <trkpt lat="46.00303" lon="-62.81493">
        <ele>26.0</ele>
      </trkpt>
      <trkpt lat="46.00292" lon="-62.81472">
        <ele>26.0</ele>
      </trkpt>
      <trkpt lat="46.0027" lon="-62.81432">
        <ele>25.6</ele>
      </trkpt>
      <trkpt lat="46.00259" lon="-62.81411">
        <ele>25.3</ele>
      </trkpt>
      <trkpt lat="46.00258" lon="-62.8141">
        <ele>25.3</ele>
      </trkpt>
      <trkpt lat="46.00229" lon="-62.81346">
        <ele>25.4</ele>
      </trkpt>
      <trkpt lat="46.00219" lon="-62.81324">
        <ele>25.3</ele>
      </trkpt>
      <trkpt lat="46.0018" lon="-62.81238">
        <ele>25.4</ele>
      </trkpt>
      <trkpt lat="46.0017" lon="-62.81216">
        <ele>25.9</ele>
      </trkpt>
      <trkpt lat="46.00161" lon="-62.81194">
        <ele>26.2</ele>
      </trkpt>
      <trkpt lat="46.00121" lon="-62.81107">
        <ele>26.9</ele>
      </trkpt>
      <trkpt lat="46.00111" lon="-62.81083">
        <ele>27.0</ele>
      </trkpt>
      <trkpt lat="46.00089" lon="-62.81046">
        <ele>25.8</ele>
      </trkpt>
      <trkpt lat="46.00066" lon="-62.81006">
        <ele>24.9</ele>
      </trkpt>
      <trkpt lat="46.00054" lon="-62.80985">
        <ele>24.5</ele>
      </trkpt>
      <trkpt lat="46.00026" lon="-62.80953">
        <ele>23.1</ele>
      </trkpt>
      <trkpt lat="46.00012" lon="-62.80937">
        <ele>22.2</ele>
      </trkpt>
      <trkpt lat="45.99986" lon="-62.80908">
        <ele>20.7</ele>
      </trkpt>
      <trkpt lat="45.99983" lon="-62.80906">
        <ele>20.6</ele>
      </trkpt>
      <trkpt lat="45.99927" lon="-62.80871">
        <ele>19.2</ele>
      </trkpt>
      <trkpt lat="45.99882" lon="-62.80855">
        <ele>17.6</ele>
      </trkpt>
      <trkpt lat="45.99794" lon="-62.80825">
        <ele>15.7</ele>
      </trkpt>
      <trkpt lat="45.99759" lon="-62.80813">
        <ele>16.6</ele>
      </trkpt>
      <trkpt lat="45.99707" lon="-62.80795">
        <ele>18.6</ele>
      </trkpt>
      <trkpt lat="45.99672" lon="-62.80783">
        <ele>20.2</ele>
      </trkpt>
      <trkpt lat="45.99602" lon="-62.80759">
        <ele>18.8</ele>
      </trkpt>
      <trkpt lat="45.99581" lon="-62.80752">
        <ele>18.0</ele>
      </trkpt>
      <trkpt lat="45.9955" lon="-62.8074">
        <ele>18.2</ele>
      </trkpt>
      <trkpt lat="45.9952" lon="-62.8073">
        <ele>18.0</ele>
      </trkpt>
      <trkpt lat="45.99482" lon="-62.80705">
        <ele>17.2</ele>
      </trkpt>
      <trkpt lat="45.9947" lon="-62.80696">
        <ele>17.0</ele>
      </trkpt>
      <trkpt lat="45.9945" lon="-62.80681">
        <ele>16.6</ele>
      </trkpt>
      <trkpt lat="45.99435" lon="-62.80669">
        <ele>16.2</ele>
      </trkpt>
      <trkpt lat="45.99425" lon="-62.80661">
        <ele>16.2</ele>
      </trkpt>
      <trkpt lat="45.99392" lon="-62.80621">
        <ele>16.1</ele>
      </trkpt>
      <trkpt lat="45.99386" lon="-62.80612">
        <ele>16.2</ele>
      </trkpt>
      <trkpt lat="45.99379" lon="-62.80603">
        <ele>16.2</ele>
      </trkpt>
      <trkpt lat="45.99367" lon="-62.80584">
        <ele>16.4</ele>
      </trkpt>
      <trkpt lat="45.99354" lon="-62.80566">
        <ele>16.7</ele>
      </trkpt>
      <trkpt lat="45.9934" lon="-62.80544">
        <ele>17.0</ele>
      </trkpt>
      <trkpt lat="45.99322" lon="-62.80504">
        <ele>17.2</ele>
      </trkpt>
      <trkpt lat="45.99313" lon="-62.80483">
        <ele>17.1</ele>
      </trkpt>
      <trkpt lat="45.99313" lon="-62.80482">
        <ele>17.1</ele>
      </trkpt>
      <trkpt lat="45.99306" lon="-62.80458">
        <ele>17.2</ele>
      </trkpt>
      <trkpt lat="45.99288" lon="-62.80394">
        <ele>17.1</ele>
      </trkpt>
      <trkpt lat="45.99276" lon="-62.80336">
        <ele>16.7</ele>
      </trkpt>
      <trkpt lat="45.99271" lon="-62.8031">
        <ele>16.5</ele>
      </trkpt>
      <trkpt lat="45.9927" lon="-62.80285">
        <ele>16.2</ele>
      </trkpt>
      <trkpt lat="45.99267" lon="-62.80182">
        <ele>16.1</ele>
      </trkpt>
      <trkpt lat="45.99266" lon="-62.8016">
        <ele>16.1</ele>
      </trkpt>
      <trkpt lat="45.99267" lon="-62.8013">
        <ele>15.6</ele>
      </trkpt>
      <trkpt lat="45.99269" lon="-62.79975">
        <ele>14.3</ele>
      </trkpt>
      <trkpt lat="45.9927" lon="-62.79923">
        <ele>13.5</ele>
      </trkpt>
      <trkpt lat="45.99272" lon="-62.79819">
        <ele>13.8</ele>
      </trkpt>
      <trkpt lat="45.99273" lon="-62.79767">
        <ele>14.8</ele>
      </trkpt>
      <trkpt lat="45.99273" lon="-62.79742">
        <ele>15.2</ele>
      </trkpt>
      <trkpt lat="45.99275" lon="-62.79664">
        <ele>16.6</ele>
      </trkpt>
      <trkpt lat="45.99275" lon="-62.79623">
        <ele>16.8</ele>
      </trkpt>
      <trkpt lat="45.99274" lon="-62.79615">
        <ele>16.8</ele>
      </trkpt>
      <trkpt lat="45.99271" lon="-62.79587">
        <ele>17.0</ele>
      </trkpt>
      <trkpt lat="45.99271" lon="-62.79587">
        <ele>17.0</ele>
      </trkpt>
      <trkpt lat="45.99267" lon="-62.79571">
        <ele>16.7</ele>
      </trkpt>
      <trkpt lat="45.99267" lon="-62.79563">
        <ele>16.6</ele>
      </trkpt>
      <trkpt lat="45.99274" lon="-62.7951">
        <ele>15.5</ele>
      </trkpt>
      <trkpt lat="45.99283" lon="-62.79433">
        <ele>13.8</ele>
      </trkpt>
      <trkpt lat="45.99287" lon="-62.79408">
        <ele>13.2</ele>
      </trkpt>
      <trkpt lat="45.99287" lon="-62.79402">
        <ele>13.0</ele>
      </trkpt>
      <trkpt lat="45.99291" lon="-62.79383">
        <ele>12.5</ele>
      </trkpt>
      <trkpt lat="45.99305" lon="-62.79308">
        <ele>11.7</ele>
      </trkpt>
      <trkpt lat="45.9931" lon="-62.79283">
        <ele>12.2</ele>
      </trkpt>
      <trkpt lat="45.99314" lon="-62.79258">
        <ele>12.6</ele>
      </trkpt>
      <trkpt lat="45.99319" lon="-62.79233">
        <ele>13.1</ele>
      </trkpt>
      <trkpt lat="45.99324" lon="-62.79208">
        <ele>13.4</ele>
      </trkpt>
      <trkpt lat="45.99328" lon="-62.79183">
        <ele>13.8</ele>
      </trkpt>
      <trkpt lat="45.99342" lon="-62.79108">
        <ele>13.2</ele>
      </trkpt>
      <trkpt lat="45.99356" lon="-62.79033">
        <ele>11.8</ele>
      </trkpt>
      <trkpt lat="45.99375" lon="-62.78933">
        <ele>11.1</ele>
      </trkpt>
      <trkpt lat="45.99389" lon="-62.78858">
        <ele>12.5</ele>
      </trkpt>
      <trkpt lat="45.99398" lon="-62.78808">
        <ele>13.1</ele>
      </trkpt>
      <trkpt lat="45.99403" lon="-62.78784">
        <ele>13.0</ele>
      </trkpt>
      <trkpt lat="45.99417" lon="-62.78708">
        <ele>12.5</ele>
      </trkpt>
      <trkpt lat="45.99422" lon="-62.78683">
        <ele>12.4</ele>
      </trkpt>
      <trkpt lat="45.99433" lon="-62.78621">
        <ele>13.1</ele>
      </trkpt>
      <trkpt lat="45.9944" lon="-62.78583">
        <ele>13.4</ele>
      </trkpt>
      <trkpt lat="45.99458" lon="-62.78483">
        <ele>14.0</ele>
      </trkpt>
      <trkpt lat="45.99481" lon="-62.78357">
        <ele>15.3</ele>
      </trkpt>
      <trkpt lat="45.99482" lon="-62.78331">
        <ele>15.6</ele>
      </trkpt>
      <trkpt lat="45.99484" lon="-62.78254">
        <ele>17.5</ele>
      </trkpt>
      <trkpt lat="45.99486" lon="-62.78195">
        <ele>19.0</ele>
      </trkpt>
      <trkpt lat="45.99484" lon="-62.78176">
        <ele>19.4</ele>
      </trkpt>
      <trkpt lat="45.99483" lon="-62.78151">
        <ele>19.3</ele>
      </trkpt>
      <trkpt lat="45.99478" lon="-62.78073">
        <ele>17.8</ele>
      </trkpt>
      <trkpt lat="45.99475" lon="-62.77995">
        <ele>16.1</ele>
      </trkpt>
      <trkpt lat="45.99474" lon="-62.77969">
        <ele>16.4</ele>
      </trkpt>
      <trkpt lat="45.99472" lon="-62.77917">
        <ele>17.0</ele>
      </trkpt>
      <trkpt lat="45.99469" lon="-62.77867">
        <ele>18.0</ele>
      </trkpt>
      <trkpt lat="45.99467" lon="-62.77789">
        <ele>19.3</ele>
      </trkpt>
      <trkpt lat="45.99467" lon="-62.77788">
        <ele>19.3</ele>
      </trkpt>
      <trkpt lat="45.99468" lon="-62.77731">
        <ele>20.0</ele>
      </trkpt>
      <trkpt lat="45.99474" lon="-62.77685">
        <ele>20.7</ele>
      </trkpt>
      <trkpt lat="45.99478" lon="-62.7766">
        <ele>21.1</ele>
      </trkpt>
      <trkpt lat="45.9948" lon="-62.77647">
        <ele>21.4</ele>
      </trkpt>
      <trkpt lat="45.99482" lon="-62.77635">
        <ele>21.6</ele>
      </trkpt>
      <trkpt lat="45.99487" lon="-62.7761">
        <ele>22.1</ele>
      </trkpt>
      <trkpt lat="45.99502" lon="-62.77535">
        <ele>23.6</ele>
      </trkpt>
      <trkpt lat="45.99506" lon="-62.7751">
        <ele>24.0</ele>
      </trkpt>
      <trkpt lat="45.99511" lon="-62.77485">
        <ele>23.7</ele>
      </trkpt>
      <trkpt lat="45.99516" lon="-62.7746">
        <ele>22.9</ele>
      </trkpt>
      <trkpt lat="45.9953" lon="-62.77385">
        <ele>20.9</ele>
      </trkpt>
      <trkpt lat="45.9954" lon="-62.77335">
        <ele>20.0</ele>
      </trkpt>
      <trkpt lat="45.99579" lon="-62.77132">
        <ele>24.3</ele>
      </trkpt>
      <trkpt lat="45.99584" lon="-62.77111">
        <ele>24.7</ele>
      </trkpt>
      <trkpt lat="45.99606" lon="-62.77013">
        <ele>24.0</ele>
      </trkpt>
      <trkpt lat="45.99618" lon="-62.7696">
        <ele>24.1</ele>
      </trkpt>
      <trkpt lat="45.99642" lon="-62.76894">
        <ele>24.1</ele>
      </trkpt>
      <trkpt lat="45.99651" lon="-62.76872">
        <ele>24.0</ele>
      </trkpt>
      <trkpt lat="45.99652" lon="-62.76866">
        <ele>24.0</ele>
      </trkpt>
      <trkpt lat="45.99662" lon="-62.76852">
        <ele>24.0</ele>
      </trkpt>
      <trkpt lat="45.99674" lon="-62.76832">
        <ele>23.9</ele>
      </trkpt>
      <trkpt lat="45.9971" lon="-62.76775">
        <ele>22.5</ele>
      </trkpt>
      <trkpt lat="45.99747" lon="-62.76718">
        <ele>22.7</ele>
      </trkpt>
      <trkpt lat="45.99759" lon="-62.76699">
        <ele>22.0</ele>
      </trkpt>
      <trkpt lat="45.99768" lon="-62.76685">
        <ele>21.4</ele>
      </trkpt>
      <trkpt lat="45.99771" lon="-62.76679">
        <ele>21.2</ele>
      </trkpt>
      <trkpt lat="45.99781" lon="-62.76658">
        <ele>20.2</ele>
      </trkpt>
      <trkpt lat="45.99803" lon="-62.76617">
        <ele>18.5</ele>
      </trkpt>
      <trkpt lat="45.99813" lon="-62.76596">
        <ele>17.9</ele>
      </trkpt>
      <trkpt lat="45.99838" lon="-62.76552">
        <ele>18.2</ele>
      </trkpt>
      <trkpt lat="45.99846" lon="-62.76529">
        <ele>18.4</ele>
      </trkpt>
      <trkpt lat="45.99854" lon="-62.76506">
        <ele>18.3</ele>
      </trkpt>
      <trkpt lat="45.99857" lon="-62.76497">
        <ele>18.2</ele>
      </trkpt>
      <trkpt lat="45.99868" lon="-62.76458">
        <ele>17.7</ele>
      </trkpt>
      <trkpt lat="45.99907" lon="-62.76313">
        <ele>18.1</ele>
      </trkpt>
      <trkpt lat="45.99933" lon="-62.76216">
        <ele>22.0</ele>
      </trkpt>
      <trkpt lat="45.99946" lon="-62.76168">
        <ele>23.6</ele>
      </trkpt>
      <trkpt lat="45.9997" lon="-62.76079">
        <ele>24.3</ele>
      </trkpt>
      <trkpt lat="45.99972" lon="-62.76072">
        <ele>24.3</ele>
      </trkpt>
      <trkpt lat="45.99978" lon="-62.7605">
        <ele>24.2</ele>
      </trkpt>
      <trkpt lat="45.99978" lon="-62.76048">
        <ele>24.2</ele>
      </trkpt>
      <trkpt lat="45.99993" lon="-62.75961">
        <ele>22.6</ele>
      </trkpt>
      <trkpt lat="45.99993" lon="-62.75947">
        <ele>22.0</ele>
      </trkpt>
      <trkpt lat="45.99994" lon="-62.75869">
        <ele>21.5</ele>
      </trkpt>
      <trkpt lat="45.99994" lon="-62.75843">
        <ele>21.7</ele>
      </trkpt>
      <trkpt lat="45.99993" lon="-62.75817">
        <ele>22.2</ele>
      </trkpt>
      <trkpt lat="45.99987" lon="-62.75714">
        <ele>24.6</ele>
      </trkpt>
      <trkpt lat="45.99985" lon="-62.75688">
        <ele>25.3</ele>
      </trkpt>
      <trkpt lat="45.99984" lon="-62.75662">
        <ele>25.7</ele>
      </trkpt>
      <trkpt lat="45.99982" lon="-62.75637">
        <ele>25.1</ele>
      </trkpt>
      <trkpt lat="45.99979" lon="-62.75585">
        <ele>23.8</ele>
      </trkpt>
      <trkpt lat="45.99978" lon="-62.75559">
        <ele>23.2</ele>
      </trkpt>
      <trkpt lat="45.99968" lon="-62.75492">
        <ele>21.4</ele>
      </trkpt>
      <trkpt lat="45.99965" lon="-62.75467">
        <ele>21.1</ele>
      </trkpt>
      <trkpt lat="45.99961" lon="-62.75442">
        <ele>20.8</ele>
      </trkpt>
      <trkpt lat="45.99954" lon="-62.75391">
        <ele>20.3</ele>
      </trkpt>
      <trkpt lat="45.99947" lon="-62.7534">
        <ele>20.3</ele>
      </trkpt>
      <trkpt lat="45.99936" lon="-62.75264">
        <ele>20.8</ele>
      </trkpt>
      <trkpt lat="45.99936" lon="-62.75264">
        <ele>20.8</ele>
      </trkpt>
      <trkpt lat="45.99804" lon="-62.75206">
        <ele>25.6</ele>
      </trkpt>
      <trkpt lat="45.99798" lon="-62.75206">
        <ele>25.9</ele>
      </trkpt>
      <trkpt lat="45.99792" lon="-62.75207">
        <ele>26.2</ele>
      </trkpt>
      <trkpt lat="45.99789" lon="-62.75208">
        <ele>26.4</ele>
      </trkpt>
      <trkpt lat="45.99786" lon="-62.7521">
        <ele>26.6</ele>
      </trkpt>
      <trkpt lat="45.9978" lon="-62.75224">
        <ele>27.0</ele>
      </trkpt>
      <trkpt lat="45.99778" lon="-62.75227">
        <ele>27.1</ele>
      </trkpt>
      <trkpt lat="45.99772" lon="-62.75249">
        <ele>27.7</ele>
      </trkpt>
      <trkpt lat="45.99763" lon="-62.75269">
        <ele>28.0</ele>
      </trkpt>
      <trkpt lat="45.99758" lon="-62.75279">
        <ele>28.2</ele>
      </trkpt>
      <trkpt lat="45.9974" lon="-62.7531">
        <ele>28.4</ele>
      </trkpt>
      <trkpt lat="45.99738" lon="-62.75315">
        <ele>28.3</ele>
      </trkpt>
      <trkpt lat="45.99704" lon="-62.75366">
        <ele>28.4</ele>
      </trkpt>
      <trkpt lat="45.99695" lon="-62.7539">
        <ele>28.4</ele>
      </trkpt>
      <trkpt lat="45.99671" lon="-62.7546">
        <ele>28.9</ele>
      </trkpt>
      <trkpt lat="45.99662" lon="-62.75489">
        <ele>29.0</ele>
      </trkpt>
      <trkpt lat="45.99656" lon="-62.75505">
        <ele>28.8</ele>
      </trkpt>
      <trkpt lat="45.99641" lon="-62.75515">
        <ele>28.4</ele>
      </trkpt>
      <trkpt lat="45.99639" lon="-62.75514">
        <ele>28.4</ele>
      </trkpt>
      <trkpt lat="45.99628" lon="-62.75509">
        <ele>28.4</ele>
      </trkpt>
      <trkpt lat="45.99589" lon="-62.75485">
        <ele>28.2</ele>
      </trkpt>
      <trkpt lat="45.99586" lon="-62.75483">
        <ele>28.2</ele>
      </trkpt>
      <trkpt lat="45.99541" lon="-62.75444">
        <ele>29.4</ele>
      </trkpt>
      <trkpt lat="45.99525" lon="-62.75422">
        <ele>30.2</ele>
      </trkpt>
      <trkpt lat="45.9952" lon="-62.75407">
        <ele>30.6</ele>
      </trkpt>
      <trkpt lat="45.9952" lon="-62.75406">
        <ele>30.6</ele>
      </trkpt>
      <trkpt lat="45.99517" lon="-62.75381">
        <ele>30.9</ele>
      </trkpt>
      <trkpt lat="45.99517" lon="-62.75362">
        <ele>31.1</ele>
      </trkpt>
      <trkpt lat="45.99515" lon="-62.75349">
        <ele>31.3</ele>
      </trkpt>
      <trkpt lat="45.99513" lon="-62.75344">
        <ele>31.4</ele>
      </trkpt>
      <trkpt lat="45.99508" lon="-62.75341">
        <ele>31.6</ele>
      </trkpt>
      <trkpt lat="45.995" lon="-62.7534">
        <ele>31.9</ele>
      </trkpt>
      <trkpt lat="45.9949" lon="-62.75342">
        <ele>31.8</ele>
      </trkpt>
      <trkpt lat="45.99486" lon="-62.75342">
        <ele>31.7</ele>
      </trkpt>
      <trkpt lat="45.99473" lon="-62.75344">
        <ele>31.5</ele>
      </trkpt>
      <trkpt lat="45.99465" lon="-62.75345">
        <ele>31.4</ele>
      </trkpt>
      <trkpt lat="45.99438" lon="-62.75341">
        <ele>31.1</ele>
      </trkpt>
      <trkpt lat="45.99432" lon="-62.75342">
        <ele>31.0</ele>
      </trkpt>
      <trkpt lat="45.99414" lon="-62.75342">
        <ele>30.9</ele>
      </trkpt>
      <trkpt lat="45.99378" lon="-62.75344">
        <ele>31.7</ele>
      </trkpt>
      <trkpt lat="45.99366" lon="-62.75344">
        <ele>32.0</ele>
      </trkpt>
      <trkpt lat="45.99351" lon="-62.7536">
        <ele>32.2</ele>
      </trkpt>
      <trkpt lat="45.9934" lon="-62.75371">
        <ele>32.4</ele>
      </trkpt>
      <trkpt lat="45.99326" lon="-62.75381">
        <ele>32.8</ele>
      </trkpt>
      <trkpt lat="45.99313" lon="-62.75384">
        <ele>33.5</ele>
      </trkpt>
      <trkpt lat="45.99296" lon="-62.75383">
        <ele>34.5</ele>
      </trkpt>
      <trkpt lat="45.99292" lon="-62.75383">
        <ele>34.7</ele>
      </trkpt>
      <trkpt lat="45.99257" lon="-62.7537">
        <ele>36.6</ele>
      </trkpt>
      <trkpt lat="45.99209" lon="-62.75351">
        <ele>38.4</ele>
      </trkpt>
      <trkpt lat="45.99157" lon="-62.7533">
        <ele>40.0</ele>
      </trkpt>
      <trkpt lat="45.99071" lon="-62.75295">
        <ele>39.6</ele>
      </trkpt>
      <trkpt lat="45.99036" lon="-62.75281">
        <ele>38.7</ele>
      </trkpt>
      <trkpt lat="45.98967" lon="-62.75253">
        <ele>37.6</ele>
      </trkpt>
      <trkpt lat="45.98932" lon="-62.75239">
        <ele>37.4</ele>
      </trkpt>
      <trkpt lat="45.9888" lon="-62.75217">
        <ele>39.0</ele>
      </trkpt>
      <trkpt lat="45.98863" lon="-62.7521">
        <ele>39.6</ele>
      </trkpt>
      <trkpt lat="45.98828" lon="-62.75196">
        <ele>40.5</ele>
      </trkpt>
      <trkpt lat="45.98794" lon="-62.75182">
        <ele>41.5</ele>
      </trkpt>
      <trkpt lat="45.98707" lon="-62.75147">
        <ele>44.3</ele>
      </trkpt>
      <trkpt lat="45.98638" lon="-62.75119">
        <ele>44.3</ele>
      </trkpt>
      <trkpt lat="45.98586" lon="-62.75098">
        <ele>43.5</ele>
      </trkpt>
      <trkpt lat="45.98569" lon="-62.75091">
        <ele>43.2</ele>
      </trkpt>
      <trkpt lat="45.98539" lon="-62.75079">
        <ele>42.8</ele>
      </trkpt>
      <trkpt lat="45.98517" lon="-62.7507">
        <ele>42.2</ele>
      </trkpt>
      <trkpt lat="45.98499" lon="-62.75063">
        <ele>41.8</ele>
      </trkpt>
      <trkpt lat="45.9843" lon="-62.75035">
        <ele>40.4</ele>
      </trkpt>
      <trkpt lat="45.98344" lon="-62.75">
        <ele>44.4</ele>
      </trkpt>
      <trkpt lat="45.98328" lon="-62.74994">
        <ele>45.0</ele>
      </trkpt>
      <trkpt lat="45.98326" lon="-62.74993">
        <ele>45.0</ele>
      </trkpt>
      <trkpt lat="45.98274" lon="-62.74973">
        <ele>45.5</ele>
      </trkpt>
      <trkpt lat="45.98239" lon="-62.7496">
        <ele>45.1</ele>
      </trkpt>
      <trkpt lat="45.98187" lon="-62.7494">
        <ele>42.0</ele>
      </trkpt>
      <trkpt lat="45.98083" lon="-62.749">
        <ele>38.4</ele>
      </trkpt>
      <trkpt lat="45.98065" lon="-62.74893">
        <ele>37.7</ele>
      </trkpt>
      <trkpt lat="45.98048" lon="-62.74887">
        <ele>37.1</ele>
      </trkpt>
      <trkpt lat="45.97996" lon="-62.74867">
        <ele>35.2</ele>
      </trkpt>
      <trkpt lat="45.97996" lon="-62.74867">
        <ele>35.2</ele>
      </trkpt>
      <trkpt lat="45.97992" lon="-62.74886">
        <ele>35.7</ele>
      </trkpt>
      <trkpt lat="45.97976" lon="-62.74977">
        <ele>35.5</ele>
      </trkpt>
      <trkpt lat="45.97976" lon="-62.74977">
        <ele>35.5</ele>
      </trkpt>
      <trkpt lat="45.97941" lon="-62.74963">
        <ele>33.7</ele>
      </trkpt>
      <trkpt lat="45.97924" lon="-62.74957">
        <ele>32.9</ele>
      </trkpt>
      <trkpt lat="45.97903" lon="-62.74949">
        <ele>32.2</ele>
      </trkpt>
      <trkpt lat="45.97889" lon="-62.74943">
        <ele>31.7</ele>
      </trkpt>
      <trkpt lat="45.97871" lon="-62.74937">
        <ele>31.1</ele>
      </trkpt>
      <trkpt lat="45.9785" lon="-62.74936">
        <ele>30.1</ele>
      </trkpt>
      <trkpt lat="45.97839" lon="-62.74949">
        <ele>29.1</ele>
      </trkpt>
      <trkpt lat="45.97837" lon="-62.74951">
        <ele>28.9</ele>
      </trkpt>
      <trkpt lat="45.97827" lon="-62.74997">
        <ele>27.2</ele>
      </trkpt>
      <trkpt lat="45.97807" lon="-62.75096">
        <ele>26.7</ele>
      </trkpt>
      <trkpt lat="45.97805" lon="-62.75105">
        <ele>26.8</ele>
      </trkpt>
      <trkpt lat="45.97798" lon="-62.7514">
        <ele>27.0</ele>
      </trkpt>
      <trkpt lat="45.97792" lon="-62.75151">
        <ele>27.0</ele>
      </trkpt>
      <trkpt lat="45.9778" lon="-62.75158">
        <ele>27.0</ele>
      </trkpt>
      <trkpt lat="45.97762" lon="-62.75156">
        <ele>27.1</ele>
      </trkpt>
      <trkpt lat="45.97744" lon="-62.75154">
        <ele>27.1</ele>
      </trkpt>
      <trkpt lat="45.97742" lon="-62.75154">
        <ele>27.1</ele>
      </trkpt>
      <trkpt lat="45.97677" lon="-62.75127">
        <ele>26.6</ele>
      </trkpt>
      <trkpt lat="45.97675" lon="-62.75126">
        <ele>26.6</ele>
      </trkpt>
      <trkpt lat="45.97605" lon="-62.75102">
        <ele>26.8</ele>
      </trkpt>
      <trkpt lat="45.97583" lon="-62.75095">
        <ele>26.9</ele>
      </trkpt>
      <trkpt lat="45.9757" lon="-62.751">
        <ele>26.5</ele>
      </trkpt>
      <trkpt lat="45.97566" lon="-62.75102">
        <ele>26.4</ele>
      </trkpt>
      <trkpt lat="45.97555" lon="-62.75112">
        <ele>26.1</ele>
      </trkpt>
      <trkpt lat="45.97534" lon="-62.75133">
        <ele>25.6</ele>
      </trkpt>
      <trkpt lat="45.97525" lon="-62.75142">
        <ele>25.4</ele>
      </trkpt>
      <trkpt lat="45.97511" lon="-62.75158">
        <ele>25.1</ele>
      </trkpt>
      <trkpt lat="45.97497" lon="-62.75173">
        <ele>25.1</ele>
      </trkpt>
      <trkpt lat="45.97484" lon="-62.75175">
        <ele>25.1</ele>
      </trkpt>
      <trkpt lat="45.97478" lon="-62.75174">
        <ele>25.1</ele>
      </trkpt>
      <trkpt lat="45.97459" lon="-62.75171">
        <ele>25.0</ele>
      </trkpt>
      <trkpt lat="45.97443" lon="-62.75167">
        <ele>25.0</ele>
      </trkpt>
      <trkpt lat="45.97434" lon="-62.75164">
        <ele>25.0</ele>
      </trkpt>
      <trkpt lat="45.97416" lon="-62.75157">
        <ele>25.1</ele>
      </trkpt>
      <trkpt lat="45.9739" lon="-62.75137">
        <ele>26.0</ele>
      </trkpt>
      <trkpt lat="45.97369" lon="-62.75128">
        <ele>26.4</ele>
      </trkpt>
      <trkpt lat="45.97352" lon="-62.75125">
        <ele>26.7</ele>
      </trkpt>
      <trkpt lat="45.9734" lon="-62.75127">
        <ele>26.9</ele>
      </trkpt>
      <trkpt lat="45.97323" lon="-62.75131">
        <ele>26.8</ele>
      </trkpt>
      <trkpt lat="45.97305" lon="-62.75134">
        <ele>26.1</ele>
      </trkpt>
      <trkpt lat="45.97287" lon="-62.75136">
        <ele>25.4</ele>
      </trkpt>
      <trkpt lat="45.97253" lon="-62.75142">
        <ele>24.1</ele>
      </trkpt>
      <trkpt lat="45.97251" lon="-62.75141">
        <ele>24.0</ele>
      </trkpt>
      <trkpt lat="45.97233" lon="-62.75139">
        <ele>23.4</ele>
      </trkpt>
      <trkpt lat="45.97226" lon="-62.75137">
        <ele>23.1</ele>
      </trkpt>
      <trkpt lat="45.97216" lon="-62.75134">
        <ele>22.8</ele>
      </trkpt>
      <trkpt lat="45.97202" lon="-62.75129">
        <ele>22.3</ele>
      </trkpt>
      <trkpt lat="45.97198" lon="-62.75128">
        <ele>22.1</ele>
      </trkpt>
      <trkpt lat="45.97186" lon="-62.75126">
        <ele>21.7</ele>
      </trkpt>
      <trkpt lat="45.97176" lon="-62.75118">
        <ele>21.3</ele>
      </trkpt>
      <trkpt lat="45.97157" lon="-62.751">
        <ele>20.9</ele>
      </trkpt>
      <trkpt lat="45.97151" lon="-62.75094">
        <ele>20.8</ele>
      </trkpt>
      <trkpt lat="45.97141" lon="-62.75085">
        <ele>20.7</ele>
      </trkpt>
      <trkpt lat="45.9713" lon="-62.75063">
        <ele>20.6</ele>
      </trkpt>
      <trkpt lat="45.97124" lon="-62.75041">
        <ele>20.5</ele>
      </trkpt>
      <trkpt lat="45.97114" lon="-62.75018">
        <ele>20.2</ele>
      </trkpt>
      <trkpt lat="45.97103" lon="-62.75002">
        <ele>19.7</ele>
      </trkpt>
      <trkpt lat="45.97089" lon="-62.74986">
        <ele>19.2</ele>
      </trkpt>
      <trkpt lat="45.9708" lon="-62.74982">
        <ele>19.0</ele>
      </trkpt>
      <trkpt lat="45.97076" lon="-62.74981">
        <ele>18.9</ele>
      </trkpt>
      <trkpt lat="45.97064" lon="-62.74973">
        <ele>18.7</ele>
      </trkpt>
      <trkpt lat="45.97062" lon="-62.74972">
        <ele>18.7</ele>
      </trkpt>
      <trkpt lat="45.97044" lon="-62.74967">
        <ele>18.3</ele>
      </trkpt>
      <trkpt lat="45.97031" lon="-62.74958">
        <ele>18.1</ele>
      </trkpt>
      <trkpt lat="45.97022" lon="-62.74949">
        <ele>17.8</ele>
      </trkpt>
      <trkpt lat="45.97009" lon="-62.7494">
        <ele>17.5</ele>
      </trkpt>
      <trkpt lat="45.96994" lon="-62.7494">
        <ele>17.2</ele>
      </trkpt>
      <trkpt lat="45.96982" lon="-62.7494">
        <ele>16.9</ele>
      </trkpt>
      <trkpt lat="45.96979" lon="-62.74938">
        <ele>16.9</ele>
      </trkpt>
      <trkpt lat="45.96971" lon="-62.74931">
        <ele>16.7</ele>
      </trkpt>
      <trkpt lat="45.96934" lon="-62.74896">
        <ele>16.3</ele>
      </trkpt>
      <trkpt lat="45.96928" lon="-62.74891">
        <ele>16.2</ele>
      </trkpt>
      <trkpt lat="45.96912" lon="-62.74884">
        <ele>16.0</ele>
      </trkpt>
      <trkpt lat="45.96897" lon="-62.74884">
        <ele>16.0</ele>
      </trkpt>
      <trkpt lat="45.96884" lon="-62.74887">
        <ele>16.0</ele>
      </trkpt>
      <trkpt lat="45.96868" lon="-62.74892">
        <ele>16.0</ele>
      </trkpt>
      <trkpt lat="45.96856" lon="-62.74885">
        <ele>16.0</ele>
      </trkpt>
      <trkpt lat="45.96847" lon="-62.74881">
        <ele>16.0</ele>
      </trkpt>
      <trkpt lat="45.96839" lon="-62.74877">
        <ele>16.0</ele>
      </trkpt>
      <trkpt lat="45.96827" lon="-62.74872">
        <ele>16.0</ele>
      </trkpt>
      <trkpt lat="45.96812" lon="-62.74872">
        <ele>16.1</ele>
      </trkpt>
      <trkpt lat="45.96805" lon="-62.74886">
        <ele>16.1</ele>
      </trkpt>
      <trkpt lat="45.96794" lon="-62.74901">
        <ele>16.1</ele>
      </trkpt>
      <trkpt lat="45.96788" lon="-62.7491">
        <ele>16.0</ele>
      </trkpt>
      <trkpt lat="45.96779" lon="-62.74923">
        <ele>15.9</ele>
      </trkpt>
      <trkpt lat="45.96766" lon="-62.74928">
        <ele>15.9</ele>
      </trkpt>
      <trkpt lat="45.9675" lon="-62.74927">
        <ele>16.0</ele>
      </trkpt>
      <trkpt lat="45.96721" lon="-62.74918">
        <ele>15.7</ele>
      </trkpt>
      <trkpt lat="45.96668" lon="-62.74902">
        <ele>15.5</ele>
      </trkpt>
      <trkpt lat="45.96663" lon="-62.74927">
        <ele>15.0</ele>
      </trkpt>
      <trkpt lat="45.96641" lon="-62.74914">
        <ele>15.1</ele>
      </trkpt>
      <trkpt lat="45.96623" lon="-62.7491">
        <ele>15.2</ele>
      </trkpt>
      <trkpt lat="45.96607" lon="-62.74901">
        <ele>15.3</ele>
      </trkpt>
      <trkpt lat="45.96586" lon="-62.74893">
        <ele>15.3</ele>
      </trkpt>
      <trkpt lat="45.96582" lon="-62.74887">
        <ele>15.4</ele>
      </trkpt>
      <trkpt lat="45.96584" lon="-62.74867">
        <ele>15.6</ele>
      </trkpt>
      <trkpt lat="45.96588" lon="-62.74851">
        <ele>15.9</ele>
      </trkpt>
      <trkpt lat="45.96591" lon="-62.74842">
        <ele>16.1</ele>
      </trkpt>
      <trkpt lat="45.96584" lon="-62.74833">
        <ele>16.0</ele>
      </trkpt>
      <trkpt lat="45.96582" lon="-62.74824">
        <ele>16.2</ele>
      </trkpt>
      <trkpt lat="45.96587" lon="-62.74807">
        <ele>16.7</ele>
      </trkpt>
      <trkpt lat="45.96601" lon="-62.74799">
        <ele>17.2</ele>
      </trkpt>
      <trkpt lat="45.96608" lon="-62.74797">
        <ele>17.3</ele>
      </trkpt>
      <trkpt lat="45.9663" lon="-62.74795">
        <ele>17.8</ele>
      </trkpt>
      <trkpt lat="45.96657" lon="-62.748">
        <ele>18.2</ele>
      </trkpt>
      <trkpt lat="45.9666" lon="-62.74777">
        <ele>18.6</ele>
      </trkpt>
      <trkpt lat="45.96658" lon="-62.74762">
        <ele>18.7</ele>
      </trkpt>
      <trkpt lat="45.96654" lon="-62.7475">
        <ele>18.8</ele>
      </trkpt>
      <trkpt lat="45.96625" lon="-62.74709">
        <ele>18.5</ele>
      </trkpt>
      <trkpt lat="45.96597" lon="-62.74751">
        <ele>18.1</ele>
      </trkpt>
      <trkpt lat="45.96572" lon="-62.74777">
        <ele>17.2</ele>
      </trkpt>
      <trkpt lat="45.96536" lon="-62.74808">
        <ele>16.0</ele>
      </trkpt>
      <trkpt lat="45.96523" lon="-62.74826">
        <ele>15.5</ele>
      </trkpt>
      <trkpt lat="45.96498" lon="-62.74881">
        <ele>15.6</ele>
      </trkpt>
      <trkpt lat="45.96472" lon="-62.74855">
        <ele>15.2</ele>
      </trkpt>
      <trkpt lat="45.96418" lon="-62.74821">
        <ele>14.0</ele>
      </trkpt>
      <trkpt lat="45.96354" lon="-62.748">
        <ele>13.4</ele>
      </trkpt>
      <trkpt lat="45.9629" lon="-62.74778">
        <ele>11.6</ele>
      </trkpt>
      <trkpt lat="45.96291" lon="-62.74769">
        <ele>11.6</ele>
      </trkpt>
      <trkpt lat="45.96289" lon="-62.74758">
        <ele>11.5</ele>
      </trkpt>
      <trkpt lat="45.96286" lon="-62.7475">
        <ele>11.4</ele>
      </trkpt>
      <trkpt lat="45.96274" lon="-62.74735">
        <ele>11.2</ele>
      </trkpt>
      <trkpt lat="45.96266" lon="-62.74731">
        <ele>11.1</ele>
      </trkpt>
      <trkpt lat="45.96205" lon="-62.74711">
        <ele>10.7</ele>
      </trkpt>
      <trkpt lat="45.96144" lon="-62.74692">
        <ele>10.5</ele>
      </trkpt>
      <trkpt lat="45.96135" lon="-62.74691">
        <ele>10.5</ele>
      </trkpt>
      <trkpt lat="45.96119" lon="-62.74699">
        <ele>10.8</ele>
      </trkpt>
      <trkpt lat="45.96113" lon="-62.74706">
        <ele>11.1</ele>
      </trkpt>
      <trkpt lat="45.96109" lon="-62.74716">
        <ele>11.4</ele>
      </trkpt>
      <trkpt lat="45.96027" lon="-62.74689">
        <ele>9.8</ele>
      </trkpt>
      <trkpt lat="45.95945" lon="-62.74662">
        <ele>7.6</ele>
      </trkpt>
      <trkpt lat="45.9591" lon="-62.74653">
        <ele>6.2</ele>
      </trkpt>
      <trkpt lat="45.95877" lon="-62.74648">
        <ele>3.5</ele>
      </trkpt>
      <trkpt lat="45.95832" lon="-62.74652">
        <ele>0.2</ele>
      </trkpt>
      <trkpt lat="45.95826" lon="-62.74618">
        <ele>0.6</ele>
      </trkpt>
      <trkpt lat="45.95822" lon="-62.7461">
        <ele>0.6</ele>
      </trkpt>
      <trkpt lat="45.9581" lon="-62.74597">
        <ele>0.6</ele>
      </trkpt>
      <trkpt lat="45.95803" lon="-62.74596">
        <ele>0.6</ele>
      </trkpt>
      <trkpt lat="45.95797" lon="-62.74598">
        <ele>0.5</ele>
      </trkpt>
      <trkpt lat="45.95786" lon="-62.7461">
        <ele>0.5</ele>
      </trkpt>
      <trkpt lat="45.95771" lon="-62.74644">
        <ele>0.6</ele>
      </trkpt>
      <trkpt lat="45.95759" lon="-62.74662">
        <ele>0.8</ele>
      </trkpt>
      <trkpt lat="45.95736" lon="-62.74678">
        <ele>0.9</ele>
      </trkpt>
      <trkpt lat="45.95652" lon="-62.74714">
        <ele>0.6</ele>
      </trkpt>
      <trkpt lat="45.95614" lon="-62.74727">
        <ele>1.2</ele>
      </trkpt>
      <trkpt lat="45.9556" lon="-62.74738">
        <ele>1.6</ele>
      </trkpt>
      <trkpt lat="45.95533" lon="-62.74738">
        <ele>1.3</ele>
      </trkpt>
      <trkpt lat="45.95472" lon="-62.74732">
        <ele>0.9</ele>
      </trkpt>
      <trkpt lat="45.95455" lon="-62.74735">
        <ele>0.9</ele>
      </trkpt>
      <trkpt lat="45.95442" lon="-62.74744">
        <ele>0.9</ele>
      </trkpt>
      <trkpt lat="45.95429" lon="-62.74759">
        <ele>1.2</ele>
      </trkpt>
      <trkpt lat="45.95364" lon="-62.74703">
        <ele>0.8</ele>
      </trkpt>
      <trkpt lat="45.95355" lon="-62.74699">
        <ele>0.8</ele>
      </trkpt>
      <trkpt lat="45.95288" lon="-62.74689">
        <ele>0.5</ele>
      </trkpt>
      <trkpt lat="45.9525" lon="-62.74671">
        <ele>0.0</ele>
      </trkpt>
      <trkpt lat="45.95204" lon="-62.74643">
        <ele>0.0</ele>
      </trkpt>
      <trkpt lat="45.9516" lon="-62.74619">
        <ele>0.4</ele>
      </trkpt>
      <trkpt lat="45.95116" lon="-62.74594">
        <ele>2.6</ele>
      </trkpt>
      <trkpt lat="45.95048" lon="-62.74568">
        <ele>4.2</ele>
      </trkpt>
      <trkpt lat="45.95031" lon="-62.74561">
        <ele>4.4</ele>
      </trkpt>
      <trkpt lat="45.9501" lon="-62.74642">
        <ele>3.6</ele>
      </trkpt>
      <trkpt lat="45.94984" lon="-62.74765">
        <ele>3.1</ele>
      </trkpt>
      <trkpt lat="45.94981" lon="-62.74796">
        <ele>2.7</ele>
      </trkpt>
      <trkpt lat="45.94987" lon="-62.74842">
        <ele>2.5</ele>
      </trkpt>
      <trkpt lat="45.94985" lon="-62.74906">
        <ele>2.5</ele>
      </trkpt>
      <trkpt lat="45.94988" lon="-62.74912">
        <ele>2.6</ele>
      </trkpt>
      <trkpt lat="45.94995" lon="-62.74908">
        <ele>2.8</ele>
      </trkpt>
      <trkpt lat="45.95002" lon="-62.74904">
        <ele>2.9</ele>
      </trkpt>
      <trkpt lat="45.95016" lon="-62.74878">
        <ele>2.4</ele>
      </trkpt>
      <trkpt lat="45.95054" lon="-62.74779">
        <ele>2.6</ele>
      </trkpt>
      <trkpt lat="45.95092" lon="-62.74681">
        <ele>2.6</ele>
      </trkpt>
      <trkpt lat="45.95099" lon="-62.7466">
        <ele>2.3</ele>
      </trkpt>
      <trkpt lat="45.95113" lon="-62.7464">
        <ele>2.0</ele>
      </trkpt>
      <trkpt lat="45.9513" lon="-62.74623">
        <ele>1.6</ele>
      </trkpt>
      <trkpt lat="45.95147" lon="-62.74609">
        <ele>1.2</ele>
      </trkpt>
      <trkpt lat="45.95147" lon="-62.74609">
        <ele>1.2</ele>
      </trkpt>
      <trkpt lat="45.95168" lon="-62.74619">
        <ele>0.2</ele>
      </trkpt>
      <trkpt lat="45.95214" lon="-62.74647">
        <ele>0.0</ele>
      </trkpt>
      <trkpt lat="45.95261" lon="-62.74673">
        <ele>0.1</ele>
      </trkpt>
      <trkpt lat="45.95285" lon="-62.74687">
        <ele>0.4</ele>
      </trkpt>
      <trkpt lat="45.95299" lon="-62.7469">
        <ele>0.6</ele>
      </trkpt>
      <trkpt lat="45.95312" lon="-62.7469">
        <ele>0.7</ele>
      </trkpt>
      <trkpt lat="45.95333" lon="-62.7469">
        <ele>1.0</ele>
      </trkpt>
      <trkpt lat="45.95351" lon="-62.74695">
        <ele>0.9</ele>
      </trkpt>
      <trkpt lat="45.9537" lon="-62.74706">
        <ele>0.8</ele>
      </trkpt>
      <trkpt lat="45.95387" lon="-62.74721">
        <ele>0.8</ele>
      </trkpt>
      <trkpt lat="45.95407" lon="-62.7474">
        <ele>0.9</ele>
      </trkpt>
      <trkpt lat="45.95417" lon="-62.74748">
        <ele>1.0</ele>
      </trkpt>
      <trkpt lat="45.95424" lon="-62.74751">
        <ele>1.0</ele>
      </trkpt>
      <trkpt lat="45.954328" lon="-62.748345">
        <ele>2.8</ele>
      </trkpt>
    </trkseg>
  </trk>
</gpx>
